# This file uses centimeters as units for non-parametric coordinates.

mtllib Capsula.mtl
g default
v -7.747190 0.007871 8.485573
v -8.527477 0.007871 7.705286
v -9.593367 0.007871 7.419682
v -10.659258 0.007871 7.705286
v -11.439544 0.007871 8.485573
v -11.725148 0.007871 9.551463
v -11.439544 0.007871 10.617353
v -10.659258 0.007871 11.397640
v -9.593367 0.007871 11.683245
v -8.527477 0.007871 11.397640
v -7.747190 0.007871 10.617353
v -7.461586 0.007871 9.551463
v -7.747190 0.151177 8.485573
v -8.527477 0.151177 7.705286
v -9.593367 0.151177 7.419682
v -10.659258 0.151177 7.705286
v -11.439544 0.151177 8.485573
v -11.725148 0.151177 9.551463
v -11.439544 0.151177 10.617353
v -10.659258 0.151177 11.397640
v -9.593367 0.151177 11.683245
v -8.527477 0.151177 11.397640
v -7.747190 0.151177 10.617353
v -7.461586 0.151177 9.551463
v -8.048174 0.151177 8.659346
v -8.701250 0.151177 8.006270
v -9.593367 0.151177 7.767228
v -10.485485 0.151177 8.006270
v -11.138559 0.151177 8.659346
v -11.377602 0.151177 9.551463
v -11.138559 0.151177 10.443581
v -10.485485 0.151177 11.096656
v -9.593367 0.151177 11.335698
v -8.701250 0.151177 11.096656
v -8.048174 0.151177 10.443581
v -7.809132 0.151177 9.551463
v -8.048174 0.446265 8.659346
v -8.701250 0.446265 8.006270
v -9.593367 0.446265 7.767228
v -10.485485 0.446265 8.006270
v -11.138559 0.446265 8.659346
v -11.377602 0.446265 9.551463
v -11.138559 0.446265 10.443581
v -10.485485 0.446265 11.096656
v -9.593367 0.446265 11.335698
v -8.701250 0.446265 11.096656
v -8.048174 0.446265 10.443581
v -7.809132 0.446265 9.551463
v -8.459778 0.707596 8.896985
v -8.938889 0.707596 8.417873
v -9.593367 0.707596 8.242507
v -10.247845 0.707596 8.417873
v -10.726956 0.707596 8.896985
v -10.902323 0.707596 9.551463
v -10.726956 0.707596 10.205941
v -10.247845 0.707596 10.685053
v -9.593367 0.707596 10.860419
v -8.938889 0.707596 10.685053
v -8.459778 0.707596 10.205941
v -8.284410 0.707596 9.551463
v -8.459778 1.071292 8.896985
v -8.938889 1.071292 8.417873
v -9.593367 1.071292 8.242507
v -10.247845 1.071292 8.417873
v -10.726956 1.071292 8.896985
v -10.902323 1.071292 9.551463
v -10.726956 1.071292 10.205941
v -10.247845 1.071292 10.685053
v -9.593367 1.071292 10.860419
v -8.938889 1.071292 10.685053
v -8.459778 1.071292 10.205941
v -8.284410 1.071292 9.551463
v -8.659914 1.423896 9.012533
v -9.054438 1.423896 8.618010
v -9.593367 1.423896 8.473604
v -10.132297 1.423896 8.618010
v -10.526821 1.423896 9.012533
v -10.671227 1.423896 9.551463
v -10.526821 1.423896 10.090393
v -10.132297 1.423896 10.484917
v -9.593367 1.423896 10.629322
v -9.054438 1.423896 10.484917
v -8.659914 1.423896 10.090393
v -8.515508 1.423896 9.551463
v -8.659914 1.883958 9.012533
v -9.054438 1.883958 8.618010
v -9.593367 1.883956 8.473604
v -10.132297 1.883956 8.618010
v -10.526821 1.883956 9.012533
v -10.671227 1.883956 9.551463
v -10.526821 1.883956 10.090393
v -10.132297 1.883956 10.484917
v -9.593367 1.883956 10.629322
v -9.054438 1.883958 10.484917
v -8.659914 1.883958 10.090393
v -8.515508 1.883958 9.551463
v -8.763928 1.883958 9.072586
v -9.114491 1.883958 8.722025
v -9.593367 1.872776 8.593710
v -10.072244 1.894049 8.722025
v -10.422806 1.894049 9.072586
v -10.551121 1.896689 9.551463
v -10.422806 1.900617 10.030340
v -10.072244 1.900617 10.380901
v -9.593367 1.900617 10.509216
v -9.114491 1.883958 10.380901
v -8.763928 1.883958 10.030340
v -8.635614 1.883958 9.551463
v -8.763928 0.993101 9.072586
v -9.114491 0.993101 8.722025
v -9.593367 0.993101 8.593710
v -10.072244 0.993101 8.722025
v -10.422806 0.993101 9.072586
v -10.551121 0.993101 9.551463
v -10.422806 0.993101 10.030340
v -10.072244 0.993101 10.380901
v -9.593367 0.993101 10.509216
v -9.114491 0.993101 10.380901
v -8.763928 0.993101 10.030340
v -8.635614 0.993101 9.551463
v -8.659912 4.713496 10.090393
v -9.054436 4.713496 10.484917
v -9.593367 4.713496 10.629322
v -10.132296 4.713496 10.484917
v -10.526819 4.713496 10.090393
v -10.671226 4.713496 9.551463
v -10.526819 4.713496 9.012533
v -10.132296 4.713496 8.618010
v -9.593367 4.713496 8.473604
v -9.054436 4.713496 8.618010
v -8.659912 4.713496 9.012533
v -8.515507 4.713496 9.551463
v -8.659912 4.116851 10.090393
v -9.054436 4.116851 10.484917
v -9.593367 4.116851 10.629322
v -10.132296 4.116851 10.484917
v -10.526819 4.116851 10.090393
v -10.671226 4.116851 9.551463
v -10.526817 4.116851 9.012533
v -10.132294 4.116851 8.618010
v -9.593364 4.116851 8.473604
v -9.054434 4.116851 8.618010
v -8.659910 4.116851 9.012533
v -8.515505 4.116851 9.551463
v -8.763926 4.120716 10.030340
v -9.114487 4.120716 10.380901
v -9.593364 4.120716 10.509216
v -10.072241 4.120716 10.380901
v -10.422802 4.120716 10.030340
v -10.551117 4.120716 9.551463
v -10.422802 4.120716 9.072586
v -10.072241 4.120716 8.722025
v -9.593364 4.120716 8.593710
v -9.114487 4.120716 8.722025
v -8.763926 4.120716 9.072586
v -8.635611 4.120716 9.551463
v -8.763926 4.413453 10.030340
v -9.114487 4.413453 10.380901
v -9.593364 4.413453 10.509216
v -10.072241 4.413453 10.380901
v -10.422802 4.413453 10.030340
v -10.551117 4.413453 9.551463
v -10.422802 4.413453 9.072586
v -10.072241 4.413453 8.722025
v -9.593364 4.413453 8.593710
v -9.114487 4.413453 8.722025
v -8.763926 4.413453 9.072586
v -8.635611 4.413453 9.551463
v -8.438848 4.777316 10.218023
v -8.926804 4.777316 10.705978
v -9.593364 4.777316 10.884583
v -10.259924 4.777316 10.705978
v -10.747880 4.777316 10.218023
v -10.926484 4.777316 9.551463
v -10.747880 4.777316 8.884903
v -10.259924 4.777316 8.396947
v -9.593364 4.777316 8.218343
v -8.926804 4.777316 8.396947
v -8.438848 4.777316 8.884903
v -8.260244 4.777316 9.551463
v -8.438848 5.297446 10.218023
v -8.926804 5.297446 10.705978
v -9.593364 5.297446 10.884583
v -10.259924 5.297446 10.705978
v -10.747880 5.297446 10.218023
v -10.926484 5.297446 9.551463
v -10.747880 5.297446 8.884903
v -10.259924 5.297446 8.396947
v -9.593364 5.297446 8.218343
v -8.926804 5.297446 8.396947
v -8.438848 5.297446 8.884903
v -8.260244 5.297446 9.551463
v -8.630661 5.441907 10.107280
v -9.037547 5.441907 10.514166
v -9.593364 5.441907 10.663096
v -10.149180 5.441907 10.514166
v -10.556067 5.441907 10.107280
v -10.704997 5.441907 9.551463
v -10.556067 5.441907 8.995646
v -10.149180 5.441907 8.588760
v -9.593364 5.441907 8.439830
v -9.037547 5.441907 8.588760
v -8.630661 5.441907 8.995646
v -8.481730 5.441907 9.551463
v -8.630661 5.786426 10.107280
v -9.037547 5.786426 10.514166
v -9.593364 5.786426 10.663096
v -10.149180 5.786426 10.514166
v -10.556067 5.786426 10.107280
v -10.704997 5.786426 9.551463
v -10.556067 5.786426 8.995646
v -10.149180 5.786426 8.588760
v -9.593364 5.786426 8.439830
v -9.037547 5.786426 8.588760
v -8.630661 5.786426 8.995646
v -8.481730 5.786426 9.551463
v -8.462160 5.851954 10.204563
v -8.940264 5.851954 10.682667
v -9.593364 5.851954 10.857664
v -10.246464 5.851954 10.682667
v -10.724567 5.851954 10.204563
v -10.899565 5.851954 9.551463
v -10.724567 5.851954 8.898363
v -10.246464 5.851954 8.420259
v -9.593364 5.851954 8.245262
v -8.940264 5.851954 8.420259
v -8.462160 5.851954 8.898363
v -8.287163 5.851954 9.551463
v -8.462160 6.365239 10.204563
v -8.940264 6.365239 10.682667
v -9.593364 6.365239 10.857664
v -10.246464 6.365239 10.682667
v -10.724567 6.365239 10.204563
v -10.899565 6.365239 9.551463
v -10.724567 6.365239 8.898363
v -10.246464 6.365239 8.420259
v -9.593364 6.365239 8.245262
v -8.940264 6.365239 8.420259
v -8.462160 6.365239 8.898363
v -8.287163 6.365239 9.551463
v -9.183992 6.470252 9.787813
v -9.357014 6.470252 9.960835
v -9.593364 6.470252 10.024164
v -9.829715 6.470252 9.960835
v -10.002735 6.470252 9.787813
v -10.066065 6.470252 9.551463
v -10.002735 6.470252 9.315113
v -9.829715 6.470252 9.142092
v -9.593364 6.470252 9.078762
v -9.357014 6.470252 9.142092
v -9.183992 6.470252 9.315113
v -9.120663 6.470252 9.551463
v -10.514662 6.394129 9.482422
v -10.453381 6.394129 9.888994
v -10.221764 6.394129 10.228714
v -9.865685 6.394129 10.434298
v -9.455669 6.394129 10.465023
v -9.072926 6.394129 10.314808
v -8.793262 6.394129 10.013403
v -8.672070 6.394129 9.620504
v -8.733351 6.394129 9.213932
v -8.964968 6.394129 8.874212
v -9.321047 6.394129 8.668629
v -9.731063 6.394129 8.637903
v -10.113807 6.394129 8.788118
v -10.393471 6.394129 9.089523
v -10.298496 6.718553 9.498621
v -10.251595 6.718553 9.809798
v -10.074322 6.718553 10.069809
v -9.801790 6.718553 10.227155
v -9.487978 6.718553 10.250671
v -9.195040 6.718553 10.135702
v -8.980995 6.718553 9.905016
v -8.888237 6.718553 9.604305
v -8.935141 6.718553 9.293128
v -9.112411 6.718553 9.033117
v -9.384943 6.718553 8.875771
v -9.698755 6.718553 8.852255
v -9.991694 6.718553 8.967224
v -10.205740 6.718553 9.197910
v -9.974980 6.935326 9.522865
v -9.949597 6.935326 9.691273
v -9.853658 6.935326 9.831989
v -9.706165 6.935326 9.917145
v -9.536331 6.935326 9.929873
v -9.377794 6.935326 9.867651
v -9.261953 6.935326 9.742805
v -9.211754 6.935326 9.580061
v -9.237137 6.935326 9.411654
v -9.333076 6.935326 9.270937
v -9.480570 6.935326 9.185781
v -9.650403 6.935326 9.173054
v -9.808941 6.935326 9.235275
v -9.924781 6.935326 9.360121
v -9.593367 7.011446 9.551463
v -8.330637 5.306744 9.468692
v -8.411783 5.306744 9.435081
v -8.492929 5.306744 9.468692
v -8.526543 5.306744 9.549839
v -8.492929 5.306744 9.630985
v -8.411783 5.306744 9.664597
v -8.330637 5.306744 9.630985
v -8.297026 5.306744 9.549839
v -8.330637 6.189791 9.468692
v -8.411783 6.189791 9.435081
v -8.492929 6.189791 9.468692
v -8.526543 6.189791 9.549839
v -8.492929 6.189791 9.630985
v -8.411783 6.189791 9.664597
v -8.330637 6.189791 9.630985
v -8.297026 6.189791 9.549839
v -8.934441 5.306744 8.441448
v -9.015587 5.306744 8.407837
v -9.096733 5.306744 8.441448
v -9.130344 5.306744 8.522594
v -9.096733 5.306744 8.603742
v -9.015587 5.306744 8.637354
v -8.934441 5.306744 8.603742
v -8.900827 5.306744 8.522594
v -8.934441 6.189791 8.441448
v -9.015587 6.189791 8.407837
v -9.096733 6.189791 8.441448
v -9.130344 6.189791 8.522594
v -9.096733 6.189791 8.603742
v -9.015587 6.189791 8.637354
v -8.934441 6.189791 8.603742
v -8.900827 6.189791 8.522594
v -8.934441 5.306744 10.485707
v -9.015587 5.306744 10.452095
v -9.096733 5.306744 10.485707
v -9.130344 5.306744 10.566854
v -9.096733 5.306744 10.648001
v -9.015587 5.306744 10.681612
v -8.934441 5.306744 10.648001
v -8.900827 5.306744 10.566854
v -8.934441 6.189791 10.485707
v -9.015587 6.189791 10.452095
v -9.096733 6.189791 10.485707
v -9.130344 6.189791 10.566854
v -9.096733 6.189791 10.648001
v -9.015587 6.189791 10.681612
v -8.934441 6.189791 10.648001
v -8.900827 6.189791 10.566854
v -10.077646 5.306744 10.485707
v -10.158792 5.306744 10.452095
v -10.239939 5.306744 10.485707
v -10.273550 5.306744 10.566854
v -10.239939 5.306744 10.648001
v -10.158792 5.306744 10.681612
v -10.077646 5.306744 10.648001
v -10.044033 5.306744 10.566854
v -10.077646 6.189791 10.485707
v -10.158792 6.189791 10.452095
v -10.239939 6.189791 10.485707
v -10.273550 6.189791 10.566854
v -10.239939 6.189791 10.648001
v -10.158792 6.189791 10.681612
v -10.077646 6.189791 10.648001
v -10.044033 6.189791 10.566854
v -10.077646 5.306744 8.441448
v -10.158792 5.306744 8.407837
v -10.239939 5.306744 8.441448
v -10.273550 5.306744 8.522594
v -10.239939 5.306744 8.603742
v -10.158792 5.306744 8.637354
v -10.077646 5.306744 8.603742
v -10.044033 5.306744 8.522594
v -10.077646 6.189791 8.441448
v -10.158792 6.189791 8.407837
v -10.239939 6.189791 8.441448
v -10.273550 6.189791 8.522594
v -10.239939 6.189791 8.603742
v -10.158792 6.189791 8.637354
v -10.077646 6.189791 8.603742
v -10.044033 6.189791 8.522594
v -10.668262 5.306744 9.468693
v -10.749409 5.306744 9.435081
v -10.830555 5.306744 9.468693
v -10.864167 5.306744 9.549839
v -10.830555 5.306744 9.630985
v -10.749409 5.306744 9.664597
v -10.668262 5.306744 9.630985
v -10.634651 5.306744 9.549839
v -10.668262 6.189791 9.468693
v -10.749409 6.189791 9.435081
v -10.830555 6.189791 9.468693
v -10.864167 6.189791 9.549839
v -10.830555 6.189791 9.630985
v -10.749409 6.189791 9.664597
v -10.668262 6.189791 9.630985
v -10.634651 6.189791 9.549839
v -10.492495 0.612274 9.245724
v -10.499016 0.612274 9.232924
v -10.509174 0.612274 9.222765
v -10.521974 0.612274 9.216244
v -10.536162 0.612274 9.213997
v -10.550351 0.612274 9.216244
v -10.563150 0.612274 9.222765
v -10.573309 0.612274 9.232924
v -10.579830 0.612274 9.245724
v -10.582077 0.612274 9.259912
v -10.579830 0.612274 9.274099
v -10.573309 0.612274 9.286900
v -10.563150 0.612274 9.297058
v -10.550351 0.612274 9.303579
v -10.536162 0.612274 9.305826
v -10.521974 0.612274 9.303579
v -10.509174 0.612274 9.297058
v -10.499016 0.612274 9.286900
v -10.492495 0.612274 9.274099
v -10.490248 0.612274 9.259912
v -10.492495 4.307670 9.245724
v -10.499016 4.307670 9.232924
v -10.509174 4.307670 9.222765
v -10.521974 4.307670 9.216244
v -10.536162 4.307670 9.213997
v -10.550351 4.307670 9.216244
v -10.563150 4.307670 9.222765
v -10.573309 4.307670 9.232924
v -10.579830 4.307670 9.245724
v -10.582077 4.307670 9.259912
v -10.579830 4.307670 9.274099
v -10.573309 4.307670 9.286900
v -10.563150 4.307670 9.297058
v -10.550351 4.307670 9.303579
v -10.536162 4.307670 9.305826
v -10.521974 4.307670 9.303579
v -10.509174 4.307670 9.297058
v -10.499016 4.307670 9.286900
v -10.492495 4.307670 9.274099
v -10.490248 4.307670 9.259912
v -10.536162 0.612274 9.259912
v -10.536162 4.307670 9.259912
v -9.795066 0.612274 8.584277
v -9.801588 0.612274 8.571478
v -9.811746 0.612274 8.561319
v -9.824545 0.612274 8.554798
v -9.838734 0.612274 8.552550
v -9.852922 0.612274 8.554798
v -9.865723 0.612274 8.561319
v -9.875880 0.612274 8.571478
v -9.882401 0.612274 8.584277
v -9.884649 0.612274 8.598465
v -9.882401 0.612274 8.612654
v -9.875880 0.612274 8.625454
v -9.865723 0.612274 8.635612
v -9.852922 0.612274 8.642134
v -9.838734 0.612274 8.644381
v -9.824545 0.612274 8.642134
v -9.811746 0.612274 8.635612
v -9.801588 0.612274 8.625454
v -9.795066 0.612274 8.612654
v -9.792819 0.612274 8.598465
v -9.795066 4.307670 8.584277
v -9.801588 4.307670 8.571478
v -9.811746 4.307670 8.561319
v -9.824545 4.307670 8.554798
v -9.838734 4.307670 8.552550
v -9.852922 4.307670 8.554798
v -9.865723 4.307670 8.561319
v -9.875880 4.307670 8.571478
v -9.882401 4.307670 8.584277
v -9.884649 4.307670 8.598465
v -9.882401 4.307670 8.612654
v -9.875880 4.307670 8.625454
v -9.865723 4.307670 8.635612
v -9.852922 4.307670 8.642134
v -9.838734 4.307670 8.644381
v -9.824545 4.307670 8.642134
v -9.811746 4.307670 8.635612
v -9.801588 4.307670 8.625454
v -9.795066 4.307670 8.612654
v -9.792819 4.307670 8.598465
v -9.838734 0.612274 8.598465
v -9.838734 4.307670 8.598465
v -8.828308 0.612274 8.872318
v -8.834829 0.612274 8.859519
v -8.844988 0.612274 8.849361
v -8.857788 0.612274 8.842839
v -8.871976 0.612274 8.840591
v -8.886164 0.612274 8.842839
v -8.898964 0.612274 8.849361
v -8.909122 0.612274 8.859519
v -8.915644 0.612274 8.872318
v -8.917891 0.612274 8.886507
v -8.915644 0.612274 8.900696
v -8.909122 0.612274 8.913495
v -8.898964 0.612274 8.923653
v -8.886164 0.612274 8.930175
v -8.871976 0.612274 8.932423
v -8.857788 0.612274 8.930175
v -8.844988 0.612274 8.923653
v -8.834829 0.612274 8.913495
v -8.828308 0.612274 8.900696
v -8.826061 0.612274 8.886507
v -8.828308 4.307670 8.872318
v -8.834829 4.307670 8.859519
v -8.844988 4.307670 8.849361
v -8.857788 4.307670 8.842839
v -8.871976 4.307670 8.840591
v -8.886164 4.307670 8.842839
v -8.898964 4.307670 8.849361
v -8.909122 4.307670 8.859519
v -8.915644 4.307670 8.872318
v -8.917891 4.307670 8.886507
v -8.915644 4.307670 8.900696
v -8.909122 4.307670 8.913495
v -8.898964 4.307670 8.923653
v -8.886164 4.307670 8.930175
v -8.871976 4.307670 8.932423
v -8.857788 4.307670 8.930175
v -8.844988 4.307670 8.923653
v -8.834829 4.307670 8.913495
v -8.828308 4.307670 8.900696
v -8.826061 4.307670 8.886507
v -8.871976 0.612274 8.886507
v -8.871976 4.307670 8.886507
v -8.597990 0.612274 9.781073
v -8.604511 0.612274 9.768272
v -8.614670 0.612274 9.758114
v -8.627469 0.612274 9.751593
v -8.641657 0.612274 9.749346
v -8.655846 0.612274 9.751593
v -8.668646 0.612274 9.758114
v -8.678803 0.612274 9.768272
v -8.685326 0.612274 9.781073
v -8.687572 0.612274 9.795260
v -8.685326 0.612274 9.809448
v -8.678803 0.612274 9.822248
v -8.668646 0.612274 9.832407
v -8.655846 0.612274 9.838928
v -8.641657 0.612274 9.841175
v -8.627469 0.612274 9.838928
v -8.614670 0.612274 9.832407
v -8.604511 0.612274 9.822248
v -8.597990 0.612274 9.809448
v -8.595742 0.612274 9.795260
v -8.597990 4.307670 9.781073
v -8.604511 4.307670 9.768272
v -8.614670 4.307670 9.758114
v -8.627469 4.307670 9.751593
v -8.641657 4.307670 9.749346
v -8.655846 4.307670 9.751593
v -8.668646 4.307670 9.758114
v -8.678803 4.307670 9.768272
v -8.685326 4.307670 9.781073
v -8.687572 4.307670 9.795260
v -8.685326 4.307670 9.809448
v -8.678803 4.307670 9.822248
v -8.668646 4.307670 9.832407
v -8.655846 4.307670 9.838928
v -8.641657 4.307670 9.841175
v -8.627469 4.307670 9.838928
v -8.614670 4.307670 9.832407
v -8.604511 4.307670 9.822248
v -8.597990 4.307670 9.809448
v -8.595742 4.307670 9.795260
v -8.641657 0.612274 9.795260
v -8.641657 4.307670 9.795260
v -9.304543 0.612274 10.488273
v -9.311065 0.612274 10.475472
v -9.321222 0.612274 10.465314
v -9.334023 0.612274 10.458793
v -9.348211 0.612274 10.456546
v -9.362399 0.612274 10.458793
v -9.375198 0.612274 10.465314
v -9.385357 0.612274 10.475472
v -9.391878 0.612274 10.488273
v -9.394126 0.612274 10.502460
v -9.391878 0.612274 10.516648
v -9.385357 0.612274 10.529449
v -9.375198 0.612274 10.539607
v -9.362399 0.612274 10.546128
v -9.348211 0.612274 10.548375
v -9.334023 0.612274 10.546128
v -9.321222 0.612274 10.539607
v -9.311065 0.612274 10.529449
v -9.304543 0.612274 10.516648
v -9.302296 0.612274 10.502460
v -9.304543 4.307670 10.488273
v -9.311065 4.307670 10.475472
v -9.321222 4.307670 10.465314
v -9.334023 4.307670 10.458793
v -9.348211 4.307670 10.456546
v -9.362399 4.307670 10.458793
v -9.375198 4.307670 10.465314
v -9.385357 4.307670 10.475472
v -9.391878 4.307670 10.488273
v -9.394126 4.307670 10.502460
v -9.391878 4.307670 10.516648
v -9.385357 4.307670 10.529449
v -9.375198 4.307670 10.539607
v -9.362399 4.307670 10.546128
v -9.348211 4.307670 10.548375
v -9.334023 4.307670 10.546128
v -9.321222 4.307670 10.539607
v -9.311065 4.307670 10.529449
v -9.304543 4.307670 10.516648
v -9.302296 4.307670 10.502460
v -9.348211 0.612274 10.502460
v -9.348211 4.307670 10.502460
v -10.209822 0.612274 10.271338
v -10.216344 0.612274 10.258537
v -10.226501 0.612274 10.248379
v -10.239302 0.612274 10.241858
v -10.253490 0.612274 10.239611
v -10.267678 0.612274 10.241858
v -10.280478 0.612274 10.248379
v -10.290636 0.612274 10.258537
v -10.297157 0.612274 10.271338
v -10.299405 0.612274 10.285525
v -10.297157 0.612274 10.299713
v -10.290636 0.612274 10.312513
v -10.280478 0.612274 10.322672
v -10.267678 0.612274 10.329193
v -10.253490 0.612274 10.331440
v -10.239302 0.612274 10.329193
v -10.226501 0.612274 10.322672
v -10.216344 0.612274 10.312513
v -10.209822 0.612274 10.299713
v -10.207575 0.612274 10.285525
v -10.209822 4.307670 10.271338
v -10.216344 4.307670 10.258537
v -10.226501 4.307670 10.248379
v -10.239302 4.307670 10.241858
v -10.253490 4.307670 10.239611
v -10.267678 4.307670 10.241858
v -10.280478 4.307670 10.248379
v -10.290636 4.307670 10.258537
v -10.297157 4.307670 10.271338
v -10.299405 4.307670 10.285525
v -10.297157 4.307670 10.299713
v -10.290636 4.307670 10.312513
v -10.280478 4.307670 10.322672
v -10.267678 4.307670 10.329193
v -10.253490 4.307670 10.331440
v -10.239302 4.307670 10.329193
v -10.226501 4.307670 10.322672
v -10.216344 4.307670 10.312513
v -10.209822 4.307670 10.299713
v -10.207575 4.307670 10.285525
v -10.253490 0.612274 10.285525
v -10.253490 4.307670 10.285525
v -8.584417 0.151177 7.803909
v -7.845813 0.151177 8.542513
v -8.644310 0.151177 7.907647
v -7.949551 0.151177 8.602406
v -9.593367 0.151177 7.533562
v -9.593367 0.151177 7.653348
v -10.602318 0.151177 7.803909
v -10.542425 0.151177 7.907647
v -11.340920 0.151177 8.542513
v -11.237183 0.151177 8.602406
v -11.611268 0.151177 9.551463
v -11.491482 0.151177 9.551463
v -11.340920 0.151177 10.560413
v -11.237183 0.151177 10.500521
v -10.602318 0.151177 11.299017
v -10.542425 0.151177 11.195279
v -9.593367 0.151177 11.569365
v -9.593367 0.151177 11.449578
v -8.584417 0.151177 11.299017
v -8.644310 0.151177 11.195279
v -7.845813 0.151177 10.560413
v -7.949551 0.151177 10.500521
v -7.575466 0.151177 9.551463
v -7.695252 0.151177 9.551463
v -8.584417 0.101177 7.803909
v -7.845813 0.101177 8.542513
v -8.644310 0.101177 7.907647
v -7.949551 0.101177 8.602406
v -9.593367 0.101177 7.533562
v -9.593367 0.101177 7.653348
v -10.602318 0.101177 7.803909
v -10.542425 0.101177 7.907647
v -11.340920 0.101177 8.542513
v -11.237183 0.101177 8.602406
v -11.611268 0.101177 9.551463
v -11.491482 0.101177 9.551463
v -11.340920 0.101177 10.560413
v -11.237183 0.101177 10.500521
v -10.602318 0.101177 11.299017
v -10.542425 0.101177 11.195279
v -9.593367 0.101177 11.569365
v -9.593367 0.101177 11.449578
v -8.584417 0.101177 11.299017
v -8.644310 0.101177 11.195279
v -7.845813 0.101177 10.560413
v -7.949551 0.101177 10.500521
v -7.575466 0.101177 9.551463
v -7.695252 0.101177 9.551463
v -8.981030 1.209121 8.490864
v -8.532768 1.209121 8.939126
v -9.012297 1.286067 8.545019
v -8.586924 1.286067 8.970392
v -9.593367 1.209121 8.326789
v -9.593367 1.286067 8.389322
v -10.205704 1.209121 8.490864
v -10.174438 1.286067 8.545019
v -10.653966 1.209121 8.939126
v -10.599812 1.286067 8.970392
v -10.818041 1.209121 9.551463
v -10.755508 1.286067 9.551463
v -10.653966 1.209121 10.163800
v -10.599812 1.286067 10.132534
v -10.205704 1.209121 10.612062
v -10.174438 1.286067 10.557907
v -9.593367 1.209121 10.776137
v -9.593367 1.286067 10.713604
v -8.981030 1.209121 10.612062
v -9.012297 1.286067 10.557907
v -8.532768 1.209121 10.163800
v -8.586924 1.286067 10.132534
v -8.368692 1.209121 9.551463
v -8.431226 1.286067 9.551463
v -9.000845 1.176913 8.525187
v -8.567091 1.176912 8.958942
v -9.032113 1.253858 8.579342
v -8.621246 1.253858 8.990209
v -9.593367 1.176912 8.366421
v -9.593367 1.253858 8.428955
v -10.185888 1.176913 8.525187
v -10.154621 1.253858 8.579342
v -10.619644 1.176913 8.958942
v -10.565489 1.253858 8.990209
v -10.778408 1.176912 9.551463
v -10.715876 1.253858 9.551463
v -10.619643 1.176913 10.143984
v -10.565489 1.253858 10.112718
v -10.185887 1.176913 10.577740
v -10.154621 1.253858 10.523584
v -9.593367 1.176913 10.736506
v -9.593367 1.253858 10.673971
v -9.000846 1.176912 10.577740
v -9.032113 1.253858 10.523584
v -8.567091 1.176912 10.143984
v -8.621246 1.253858 10.112718
v -8.408324 1.176912 9.551463
v -8.470858 1.253858 9.551463
v -8.771984 0.529636 8.128786
v -8.170690 0.529636 8.730080
v -8.868155 0.624225 8.295358
v -8.337262 0.624225 8.826251
v -9.593367 0.529636 7.908697
v -9.593367 0.624225 8.101038
v -10.414751 0.529636 8.128786
v -10.318579 0.624225 8.295358
v -11.016044 0.529636 8.730080
v -10.849472 0.624225 8.826251
v -11.236133 0.529636 9.551463
v -11.043792 0.624225 9.551463
v -11.016044 0.529636 10.372847
v -10.849472 0.624225 10.276675
v -10.414751 0.529636 10.974140
v -10.318579 0.624225 10.807569
v -9.593367 0.529636 11.194229
v -9.593367 0.624225 11.001888
v -8.771984 0.529636 10.974140
v -8.868155 0.624225 10.807569
v -8.170690 0.529636 10.372847
v -8.337262 0.624225 10.276675
v -7.950601 0.529636 9.551463
v -8.142941 0.624225 9.551463
v -8.763097 0.565780 8.113393
v -8.155296 0.565780 8.721192
v -8.859267 0.660369 8.279964
v -8.321869 0.660369 8.817364
v -9.593367 0.565780 7.890922
v -9.593367 0.660369 8.083263
v -10.423638 0.565780 8.113393
v -10.327466 0.660369 8.279964
v -11.031437 0.565780 8.721192
v -10.864866 0.660369 8.817364
v -11.253908 0.565780 9.551463
v -11.061567 0.660369 9.551463
v -11.031437 0.565780 10.381734
v -10.864866 0.660369 10.285563
v -10.423638 0.565780 10.989533
v -10.327466 0.660369 10.822962
v -9.593367 0.565780 11.212004
v -9.593367 0.660369 11.019663
v -8.763097 0.565780 10.989533
v -8.859267 0.660369 10.822962
v -8.155296 0.565780 10.381734
v -8.321869 0.660369 10.285563
v -7.932826 0.565780 9.551463
v -8.125167 0.660369 9.551463
v -8.438848 4.947316 10.218023
v -8.926804 4.947316 10.705978
v -8.438848 5.127446 10.218023
v -8.926804 5.127446 10.705978
v -9.593364 4.947316 10.884583
v -9.593364 5.127446 10.884583
v -10.259924 4.947316 10.705978
v -10.259924 5.127446 10.705978
v -10.747880 4.947316 10.218023
v -10.747880 5.127446 10.218023
v -10.926484 4.947316 9.551463
v -10.926484 5.127446 9.551463
v -10.747880 4.947316 8.884903
v -10.747880 5.127446 8.884903
v -10.259924 4.947316 8.396947
v -10.259924 5.127446 8.396947
v -9.593364 4.947316 8.218343
v -9.593364 5.127446 8.218343
v -8.926804 4.947316 8.396947
v -8.926804 5.127446 8.396947
v -8.438848 4.947316 8.884903
v -8.438848 5.127446 8.884903
v -8.260244 4.947316 9.551463
v -8.260244 5.127446 9.551463
v -8.483678 4.947316 10.192142
v -8.952685 4.947316 10.661149
v -8.483678 5.127446 10.192142
v -8.952685 5.127446 10.661149
v -9.593364 4.947316 10.832821
v -9.593364 5.127446 10.832821
v -10.234042 4.947316 10.661150
v -10.234042 5.127446 10.661150
v -10.703052 4.947316 10.192142
v -10.703052 5.127446 10.192142
v -10.874722 4.947316 9.551463
v -10.874722 5.127446 9.551463
v -10.703051 4.947316 8.910786
v -10.703051 5.127446 8.910786
v -10.234042 4.947316 8.441776
v -10.234042 5.127446 8.441776
v -9.593364 4.947316 8.270106
v -9.593364 5.127446 8.270106
v -8.952686 4.947316 8.441776
v -8.952686 5.127446 8.441776
v -8.483678 4.947316 8.910785
v -8.483678 5.127446 8.910785
v -8.312008 4.947316 9.551463
v -8.312008 5.127446 9.551463
vt 0.528492 0.439159
vt 0.535424 0.466570
vt 0.537218 0.494786
vt 0.533813 0.522854
vt 0.525335 0.549824
vt 0.512042 0.574836
vt 0.402847 0.337908
vt 0.430453 0.344014
vt 0.456473 0.355075
vt 0.480026 0.370716
vt 0.500316 0.390407
vt 0.516656 0.413482
vt 0.525024 0.440394
vt 0.531789 0.467149
vt 0.533538 0.494690
vt 0.530213 0.522086
vt 0.521936 0.548411
vt 0.374404 0.340666
vt 0.402393 0.341550
vt 0.429339 0.347523
vt 0.454735 0.358321
vt 0.477723 0.373589
vt 0.497526 0.392809
vt 0.513473 0.415332
vt 0.465384 0.452080
vt 0.472310 0.480550
vt 0.472924 0.509845
vt 0.467200 0.538580
vt 0.455428 0.565371
vt 0.299172 0.368514
vt 0.327492 0.363584
vt 0.356728 0.364350
vt 0.385155 0.371426
vt 0.411389 0.384475
vt 0.434187 0.402881
vt 0.452473 0.425776
vt 0.456896 0.455179
vt 0.463353 0.481743
vt 0.463921 0.509076
vt 0.458574 0.535887
vt 0.447547 0.560923
vt 0.300717 0.377431
vt 0.328175 0.372529
vt 0.355526 0.373302
vt 0.382055 0.379913
vt 0.406530 0.392093
vt 0.427798 0.409270
vt 0.444855 0.430635
vt 0.595180 0.694464
vt 0.617521 0.720607
vt 0.636110 0.749510
vt 0.650489 0.780688
vt 0.659964 0.813570
vt 0.376327 0.626748
vt 0.408756 0.620278
vt 0.443102 0.620361
vt 0.477168 0.626167
vt 0.509995 0.636978
vt 0.540952 0.652236
vt 0.569509 0.671531
vt 0.582695 0.706605
vt 0.603436 0.730866
vt 0.620686 0.757618
vt 0.634074 0.786322
vt 0.642983 0.816451
vt 0.379390 0.642613
vt 0.410627 0.637223
vt 0.442107 0.637694
vt 0.473385 0.643174
vt 0.503677 0.653234
vt 0.532350 0.667388
vt 0.558855 0.685303
vt 0.558494 0.730278
vt 0.577409 0.752390
vt 0.593135 0.776721
vt 0.605439 0.802650
vt 0.614044 0.829530
vt 0.375981 0.670157
vt 0.402776 0.666662
vt 0.430856 0.667452
vt 0.459036 0.672504
vt 0.486486 0.681690
vt 0.512578 0.694544
vt 0.536749 0.710856
vt 0.542917 0.745710
vt 0.559857 0.765593
vt 0.573918 0.787526
vt 0.585083 0.810859
vt 0.593318 0.835020
vt 0.377529 0.689714
vt 0.403148 0.687930
vt 0.428496 0.689185
vt 0.453754 0.693773
vt 0.478306 0.702146
vt 0.501751 0.713616
vt 0.523434 0.728248
vt 0.538925 0.749581
vt 0.555378 0.768897
vt 0.569014 0.790275
vt 0.579914 0.813019
vt 0.588085 0.836360
vt 0.593340 0.859962
vt 0.403109 0.693489
vt 0.427723 0.694756
vt 0.452258 0.699177
vt 0.476131 0.707307
vt 0.498936 0.718409
vt 0.520003 0.732613
vt 0.522079 0.794757
vt 0.532520 0.812208
vt 0.541917 0.830644
vt 0.548339 0.851399
vt 0.376332 0.735250
vt 0.399183 0.735144
vt 0.420523 0.736579
vt 0.440922 0.740069
vt 0.460153 0.745938
vt 0.478096 0.754548
vt 0.494558 0.765697
vt 0.470864 0.805929
vt 0.554925 0.872966
vt 0.618290 0.856411
vt 0.646472 0.847900
vt 0.662844 0.846521
vt 0.431242 0.583483
vt 0.631098 0.686316
vt 0.508768 0.573093
vt 0.374531 0.336982
vt 0.589109 0.182699
vt 0.559110 0.181062
vt 0.562085 0.150804
vt 0.589303 0.152273
vt 0.529367 0.176675
vt 0.535117 0.146862
vt 0.500116 0.169559
vt 0.508624 0.140435
vt 0.471580 0.159852
vt 0.482884 0.131418
vt 0.444857 0.147655
vt 0.768556 0.094398
vt 0.785359 0.120017
vt 0.761024 0.136117
vt 0.745417 0.110231
vt 0.734532 0.150341
vt 0.721313 0.123069
vt 0.706841 0.162086
vt 0.696185 0.133636
vt 0.678225 0.171246
vt 0.670207 0.141904
vt 0.648908 0.177764
vt 0.643588 0.147800
vt 0.619123 0.181593
vt 0.616545 0.151267
vt 0.536320 0.141062
vt 0.562738 0.144909
vt 0.510407 0.134791
vt 0.485342 0.126043
vt 0.462113 0.114801
vt 0.742210 0.105196
vt 0.718772 0.117719
vt 0.694171 0.128062
vt 0.668713 0.136162
vt 0.589411 0.146339
vt 0.616113 0.145347
vt 0.642621 0.141943
vt 0.564208 0.130059
vt 0.589514 0.131409
vt 0.539180 0.126429
vt 0.514718 0.120527
vt 0.491248 0.112205
vt 0.468684 0.101303
vt 0.734343 0.092510
vt 0.755011 0.078381
vt 0.712234 0.104309
vt 0.688943 0.114081
vt 0.664790 0.121755
vt 0.640023 0.127238
vt 0.614859 0.130466
vt 0.588757 0.195745
vt 0.557572 0.194018
vt 0.526660 0.189426
vt 0.496261 0.181978
vt 0.466431 0.171660
vt 0.435962 0.157790
vt 0.795915 0.129235
vt 0.767779 0.147384
vt 0.739923 0.162194
vt 0.711132 0.174392
vt 0.681394 0.183901
vt 0.650921 0.190658
vt 0.619958 0.194618
vt 0.562836 0.239991
vt 0.536995 0.241612
vt 0.511167 0.243443
vt 0.485342 0.245493
vt 0.459418 0.247849
vt 0.432614 0.251431
vt 0.745176 0.236254
vt 0.718222 0.234915
vt 0.692207 0.235069
vt 0.666309 0.235613
vt 0.640428 0.236391
vt 0.614554 0.237380
vt 0.588690 0.238580
vt 0.742101 0.246503
vt 0.141347 0.151945
vt 0.107673 0.177464
vt 0.080217 0.209528
vt 0.060166 0.246440
vt 0.047341 0.285421
vt 0.035934 0.321105
vt 0.378169 0.178622
vt 0.344476 0.152659
vt 0.305606 0.134062
vt 0.263727 0.124712
vt 0.221100 0.124848
vt 0.179711 0.134127
vt 0.147437 0.162569
vt 0.115789 0.186613
vt 0.089931 0.216913
vt 0.070924 0.252164
vt 0.058519 0.290692
vt 0.046975 0.329569
vt 0.402181 0.218591
vt 0.371109 0.188982
vt 0.338614 0.163371
vt 0.301833 0.145647
vt 0.262411 0.136850
vt 0.222349 0.137018
vt 0.183471 0.145782
vt 0.164411 0.190504
vt 0.138032 0.210400
vt 0.116200 0.235709
vt 0.099697 0.265878
vt 0.088737 0.300666
vt 0.082718 0.340718
vt 0.375623 0.245764
vt 0.351261 0.214542
vt 0.323195 0.191554
vt 0.292281 0.176539
vt 0.259574 0.169259
vt 0.226446 0.169417
vt 0.194286 0.176653
vt 0.191397 0.239296
vt 0.174749 0.252037
vt 0.161070 0.267627
vt 0.150951 0.285127
vt 0.145016 0.303321
vt 0.144696 0.320529
vt 0.315118 0.258888
vt 0.306047 0.245188
vt 0.290523 0.234280
vt 0.271795 0.227063
vt 0.251461 0.223865
vt 0.230633 0.224874
vt 0.210303 0.230092
vt 0.110336 0.988429
vt 0.070819 0.983056
vt 0.081169 0.954051
vt 0.107077 0.957806
vt 0.037546 0.961070
vt 0.059456 0.939428
vt 0.017108 0.926825
vt 0.046237 0.916832
vt 0.013552 0.887103
vt 0.044132 0.890739
vt 0.027582 0.849771
vt 0.053557 0.866315
vt 0.056421 0.822224
vt 0.072645 0.848400
vt 0.094357 0.809918
vt 0.097617 0.840541
vt 0.133875 0.815291
vt 0.123525 0.844295
vt 0.167149 0.837278
vt 0.145239 0.858919
vt 0.187587 0.871524
vt 0.158457 0.881515
vt 0.191142 0.911247
vt 0.160562 0.907610
vt 0.177110 0.948578
vt 0.151136 0.932032
vt 0.148270 0.976124
vt 0.132048 0.949947
vt 0.091562 0.926329
vt 0.104413 0.928319
vt 0.080848 0.918960
vt 0.074392 0.907673
vt 0.073473 0.894702
vt 0.078272 0.882616
vt 0.087840 0.873810
vt 0.100281 0.870027
vt 0.113132 0.872018
vt 0.123846 0.879386
vt 0.130302 0.890674
vt 0.131222 0.903645
vt 0.126422 0.915730
vt 0.116854 0.924536
vt 0.102347 0.899173
vt 0.640513 0.909517
vt 0.647622 0.909496
vt 0.647825 0.980968
vt 0.640716 0.980989
vt 0.654731 0.909476
vt 0.654934 0.980948
vt 0.661840 0.909456
vt 0.662043 0.980928
vt 0.668949 0.909436
vt 0.669152 0.980908
vt 0.676058 0.909416
vt 0.676260 0.980888
vt 0.683167 0.909396
vt 0.683369 0.980868
vt 0.690276 0.909376
vt 0.690478 0.980848
vt 0.697385 0.909356
vt 0.697587 0.980828
vt 0.402749 0.911671
vt 0.409858 0.911651
vt 0.410060 0.983122
vt 0.402951 0.983143
vt 0.416967 0.911630
vt 0.417169 0.983102
vt 0.424076 0.911610
vt 0.424278 0.983082
vt 0.431185 0.911590
vt 0.431387 0.983062
vt 0.438294 0.911570
vt 0.438496 0.983042
vt 0.445403 0.911550
vt 0.445605 0.983022
vt 0.452512 0.911530
vt 0.452714 0.983002
vt 0.459621 0.911510
vt 0.459823 0.982982
vt 0.564050 0.911325
vt 0.571159 0.911304
vt 0.571361 0.982776
vt 0.564252 0.982796
vt 0.578268 0.911284
vt 0.578470 0.982756
vt 0.585377 0.911264
vt 0.585579 0.982736
vt 0.592486 0.911244
vt 0.592688 0.982716
vt 0.599595 0.911224
vt 0.599797 0.982696
vt 0.606704 0.911204
vt 0.606906 0.982676
vt 0.613813 0.911184
vt 0.614015 0.982656
vt 0.620922 0.911164
vt 0.621124 0.982635
vt 0.486312 0.910497
vt 0.493421 0.910477
vt 0.493623 0.981948
vt 0.486514 0.981969
vt 0.500530 0.910456
vt 0.500732 0.981928
vt 0.507639 0.910436
vt 0.507841 0.981908
vt 0.514748 0.910416
vt 0.514950 0.981888
vt 0.521857 0.910396
vt 0.522059 0.981868
vt 0.528966 0.910376
vt 0.529168 0.981848
vt 0.536075 0.910356
vt 0.536277 0.981828
vt 0.543184 0.910336
vt 0.543386 0.981808
vt 0.320862 0.907165
vt 0.327971 0.907145
vt 0.328173 0.978617
vt 0.321064 0.978637
vt 0.335080 0.907125
vt 0.335282 0.978597
vt 0.342189 0.907105
vt 0.342391 0.978577
vt 0.349298 0.907085
vt 0.349500 0.978557
vt 0.356407 0.907065
vt 0.356609 0.978537
vt 0.363516 0.907045
vt 0.363718 0.978517
vt 0.370625 0.907025
vt 0.370827 0.978497
vt 0.377734 0.907004
vt 0.377936 0.978476
vt 0.233516 0.910624
vt 0.240625 0.910604
vt 0.240827 0.982076
vt 0.233718 0.982096
vt 0.247734 0.910584
vt 0.247936 0.982056
vt 0.254843 0.910564
vt 0.255045 0.982035
vt 0.261951 0.910543
vt 0.262153 0.982015
vt 0.269060 0.910523
vt 0.269262 0.981995
vt 0.276169 0.910503
vt 0.276371 0.981975
vt 0.283278 0.910483
vt 0.283480 0.981955
vt 0.290387 0.910463
vt 0.290589 0.981935
vt 0.080460 0.466432
vt 0.081623 0.466446
vt 0.077891 0.765521
vt 0.076729 0.765507
vt 0.082785 0.466461
vt 0.079054 0.765536
vt 0.083948 0.466475
vt 0.080217 0.765550
vt 0.085111 0.466490
vt 0.081379 0.765565
vt 0.086273 0.466504
vt 0.082542 0.765579
vt 0.087436 0.466519
vt 0.083705 0.765594
vt 0.088598 0.466533
vt 0.084867 0.765608
vt 0.089761 0.466548
vt 0.086030 0.765623
vt 0.090924 0.466562
vt 0.087192 0.765637
vt 0.092086 0.466577
vt 0.088355 0.765652
vt 0.093249 0.466591
vt 0.089518 0.765666
vt 0.094412 0.466606
vt 0.090680 0.765681
vt 0.095574 0.466620
vt 0.091843 0.765695
vt 0.096737 0.466635
vt 0.093005 0.765710
vt 0.097899 0.466649
vt 0.094168 0.765724
vt 0.099062 0.466664
vt 0.095331 0.765739
vt 0.100225 0.466678
vt 0.096493 0.765753
vt 0.101387 0.466693
vt 0.097656 0.765768
vt 0.102550 0.466707
vt 0.098818 0.765782
vt 0.103712 0.466722
vt 0.099981 0.765797
vt 0.148134 0.435585
vt 0.149309 0.437900
vt 0.141414 0.440454
vt 0.146300 0.433747
vt 0.143988 0.432565
vt 0.141425 0.432156
vt 0.138860 0.432558
vt 0.136545 0.433734
vt 0.134707 0.435567
vt 0.133525 0.437879
vt 0.133116 0.440443
vt 0.133519 0.443008
vt 0.134694 0.445322
vt 0.136528 0.447161
vt 0.138840 0.448342
vt 0.141403 0.448752
vt 0.143968 0.448349
vt 0.146283 0.447173
vt 0.148121 0.445340
vt 0.149303 0.443028
vt 0.149712 0.440464
vt 0.171028 0.443035
vt 0.169844 0.445345
vt 0.163142 0.440452
vt 0.168004 0.447177
vt 0.165688 0.448350
vt 0.163123 0.448750
vt 0.160560 0.448339
vt 0.158249 0.447154
vt 0.156418 0.445315
vt 0.155244 0.442998
vt 0.154844 0.440433
vt 0.155256 0.437870
vt 0.156440 0.435560
vt 0.158280 0.433728
vt 0.160596 0.432555
vt 0.163161 0.432154
vt 0.165724 0.432566
vt 0.168035 0.433750
vt 0.169866 0.435590
vt 0.171040 0.437906
vt 0.171440 0.440471
vt 0.027365 0.466432
vt 0.028528 0.466446
vt 0.024797 0.765521
vt 0.023634 0.765507
vt 0.029691 0.466461
vt 0.025959 0.765536
vt 0.030853 0.466475
vt 0.027122 0.765550
vt 0.032016 0.466490
vt 0.028284 0.765565
vt 0.033178 0.466504
vt 0.029447 0.765579
vt 0.034341 0.466519
vt 0.030610 0.765594
vt 0.035504 0.466533
vt 0.031772 0.765608
vt 0.036666 0.466548
vt 0.032935 0.765623
vt 0.037829 0.466562
vt 0.034097 0.765637
vt 0.038991 0.466577
vt 0.035260 0.765652
vt 0.040154 0.466591
vt 0.036423 0.765666
vt 0.041317 0.466606
vt 0.037585 0.765681
vt 0.042479 0.466620
vt 0.038748 0.765695
vt 0.043642 0.466635
vt 0.039911 0.765710
vt 0.044805 0.466649
vt 0.041073 0.765724
vt 0.045967 0.466664
vt 0.042236 0.765739
vt 0.047130 0.466678
vt 0.043398 0.765753
vt 0.048293 0.466693
vt 0.044561 0.765768
vt 0.049455 0.466707
vt 0.045724 0.765782
vt 0.050618 0.466722
vt 0.046886 0.765797
vt 0.300242 0.435602
vt 0.301411 0.437920
vt 0.293510 0.440454
vt 0.298413 0.433759
vt 0.296104 0.432572
vt 0.293542 0.432156
vt 0.290976 0.432552
vt 0.288658 0.433721
vt 0.286815 0.435550
vt 0.285628 0.437859
vt 0.285212 0.440422
vt 0.285608 0.442987
vt 0.286778 0.445305
vt 0.288606 0.447148
vt 0.290915 0.448336
vt 0.293478 0.448752
vt 0.296044 0.448355
vt 0.298361 0.447186
vt 0.300204 0.445357
vt 0.301392 0.443048
vt 0.301808 0.440486
vt 0.236214 0.443028
vt 0.235033 0.445340
vt 0.228326 0.440454
vt 0.233195 0.447173
vt 0.230880 0.448349
vt 0.228315 0.448752
vt 0.225751 0.448342
vt 0.223440 0.447161
vt 0.221606 0.445322
vt 0.220431 0.443008
vt 0.220028 0.440443
vt 0.220437 0.437879
vt 0.221619 0.435567
vt 0.223457 0.433734
vt 0.225772 0.432558
vt 0.228336 0.432156
vt 0.230900 0.432565
vt 0.233212 0.433746
vt 0.235045 0.435585
vt 0.236221 0.437900
vt 0.236624 0.440464
vt 0.284400 0.468240
vt 0.285562 0.468242
vt 0.285054 0.767340
vt 0.283891 0.767338
vt 0.286725 0.468244
vt 0.286217 0.767342
vt 0.287888 0.468246
vt 0.287380 0.767344
vt 0.289050 0.468248
vt 0.288542 0.767346
vt 0.290213 0.468250
vt 0.289705 0.767348
vt 0.291376 0.468252
vt 0.290868 0.767350
vt 0.292538 0.468254
vt 0.292030 0.767352
vt 0.293701 0.468256
vt 0.293193 0.767354
vt 0.294864 0.468257
vt 0.294356 0.767356
vt 0.296027 0.468259
vt 0.295518 0.767358
vt 0.297189 0.468261
vt 0.296681 0.767360
vt 0.298352 0.468263
vt 0.297844 0.767362
vt 0.299515 0.468265
vt 0.299007 0.767364
vt 0.300677 0.468267
vt 0.300169 0.767366
vt 0.301840 0.468269
vt 0.301332 0.767368
vt 0.303003 0.468271
vt 0.302495 0.767370
vt 0.304165 0.468273
vt 0.303657 0.767372
vt 0.305328 0.468275
vt 0.304820 0.767373
vt 0.306491 0.468277
vt 0.305983 0.767375
vt 0.307654 0.468279
vt 0.307146 0.767377
vt 0.191567 0.435560
vt 0.192753 0.437869
vt 0.184870 0.440459
vt 0.189725 0.433730
vt 0.187408 0.432559
vt 0.184843 0.432161
vt 0.182280 0.432576
vt 0.179970 0.433762
vt 0.178141 0.435604
vt 0.176970 0.437921
vt 0.176572 0.440487
vt 0.176986 0.443050
vt 0.178173 0.445359
vt 0.180015 0.447189
vt 0.182332 0.448360
vt 0.184897 0.448757
vt 0.187460 0.448343
vt 0.189770 0.447157
vt 0.191599 0.445315
vt 0.192770 0.442998
vt 0.193168 0.440432
vt 0.062391 0.443027
vt 0.061210 0.445339
vt 0.054502 0.440454
vt 0.059372 0.447173
vt 0.057057 0.448349
vt 0.054492 0.448752
vt 0.051929 0.448342
vt 0.049617 0.447161
vt 0.047783 0.445323
vt 0.046607 0.443008
vt 0.046204 0.440444
vt 0.046613 0.437880
vt 0.047795 0.435568
vt 0.049633 0.433735
vt 0.051947 0.432559
vt 0.054512 0.432156
vt 0.057076 0.432565
vt 0.059388 0.433746
vt 0.061221 0.435584
vt 0.062397 0.437899
vt 0.062800 0.440464
vt 0.235877 0.468239
vt 0.237039 0.468250
vt 0.234167 0.767335
vt 0.233005 0.767324
vt 0.238202 0.468262
vt 0.235330 0.767346
vt 0.239365 0.468273
vt 0.236493 0.767358
vt 0.240527 0.468284
vt 0.237655 0.767369
vt 0.241690 0.468295
vt 0.238818 0.767380
vt 0.242852 0.468306
vt 0.239981 0.767391
vt 0.244015 0.468317
vt 0.241143 0.767402
vt 0.245178 0.468329
vt 0.242306 0.767413
vt 0.246340 0.468340
vt 0.243469 0.767424
vt 0.247503 0.468351
vt 0.244631 0.767436
vt 0.248666 0.468362
vt 0.245794 0.767447
vt 0.249828 0.468373
vt 0.246957 0.767458
vt 0.250991 0.468384
vt 0.248119 0.767469
vt 0.252154 0.468396
vt 0.249282 0.767480
vt 0.253316 0.468407
vt 0.250445 0.767491
vt 0.254479 0.468418
vt 0.251607 0.767503
vt 0.255642 0.468429
vt 0.252770 0.767514
vt 0.256804 0.468440
vt 0.253932 0.767525
vt 0.257967 0.468451
vt 0.255095 0.767536
vt 0.259130 0.468463
vt 0.256258 0.767547
vt 0.256786 0.435603
vt 0.257956 0.437921
vt 0.250054 0.440454
vt 0.254958 0.433760
vt 0.252650 0.432572
vt 0.250087 0.432156
vt 0.247521 0.432552
vt 0.245203 0.433721
vt 0.243360 0.435549
vt 0.242172 0.437858
vt 0.241756 0.440421
vt 0.242152 0.442986
vt 0.243321 0.445304
vt 0.245149 0.447148
vt 0.247458 0.448335
vt 0.250020 0.448752
vt 0.252586 0.448356
vt 0.254904 0.447187
vt 0.256747 0.445358
vt 0.257935 0.443050
vt 0.258352 0.440487
vt 0.105844 0.443035
vt 0.104660 0.445345
vt 0.097958 0.440452
vt 0.102820 0.447177
vt 0.100504 0.448350
vt 0.097939 0.448750
vt 0.095376 0.448339
vt 0.093065 0.447154
vt 0.091234 0.445315
vt 0.090060 0.442998
vt 0.089660 0.440433
vt 0.090072 0.437870
vt 0.091256 0.435560
vt 0.093096 0.433728
vt 0.095412 0.432555
vt 0.097977 0.432154
vt 0.100540 0.432566
vt 0.102851 0.433750
vt 0.104683 0.435590
vt 0.105856 0.437906
vt 0.106256 0.440471
vt 0.185201 0.464623
vt 0.186364 0.464635
vt 0.183281 0.763718
vt 0.182118 0.763706
vt 0.187527 0.464647
vt 0.184443 0.763730
vt 0.188689 0.464659
vt 0.185606 0.763742
vt 0.189852 0.464671
vt 0.186769 0.763754
vt 0.191014 0.464683
vt 0.187931 0.763766
vt 0.192177 0.464695
vt 0.189094 0.763778
vt 0.193340 0.464707
vt 0.190257 0.763790
vt 0.194502 0.464719
vt 0.191419 0.763802
vt 0.195665 0.464731
vt 0.192582 0.763814
vt 0.196828 0.464743
vt 0.193744 0.763826
vt 0.197990 0.464755
vt 0.194907 0.763838
vt 0.199153 0.464767
vt 0.196070 0.763850
vt 0.200316 0.464779
vt 0.197232 0.763862
vt 0.201478 0.464791
vt 0.198395 0.763874
vt 0.202641 0.464803
vt 0.199558 0.763886
vt 0.203804 0.464815
vt 0.200720 0.763898
vt 0.204966 0.464827
vt 0.201883 0.763910
vt 0.206129 0.464839
vt 0.203046 0.763922
vt 0.207291 0.464851
vt 0.204208 0.763934
vt 0.208454 0.464863
vt 0.205371 0.763946
vt 0.082950 0.435585
vt 0.084125 0.437900
vt 0.076230 0.440454
vt 0.081116 0.433747
vt 0.078804 0.432565
vt 0.076241 0.432156
vt 0.073676 0.432558
vt 0.071361 0.433734
vt 0.069523 0.435567
vt 0.068341 0.437879
vt 0.067932 0.440443
vt 0.068335 0.443008
vt 0.069511 0.445322
vt 0.071344 0.447161
vt 0.073656 0.448342
vt 0.076220 0.448752
vt 0.078784 0.448349
vt 0.081099 0.447173
vt 0.082937 0.445340
vt 0.084119 0.443028
vt 0.084528 0.440464
vt 0.127572 0.443035
vt 0.126388 0.445345
vt 0.119686 0.440452
vt 0.124548 0.447177
vt 0.122232 0.448350
vt 0.119667 0.448750
vt 0.117104 0.448339
vt 0.114793 0.447154
vt 0.112962 0.445315
vt 0.111788 0.442998
vt 0.111388 0.440433
vt 0.111800 0.437870
vt 0.112984 0.435560
vt 0.114824 0.433728
vt 0.117140 0.432555
vt 0.119705 0.432154
vt 0.122268 0.432566
vt 0.124579 0.433750
vt 0.126410 0.435590
vt 0.127584 0.437906
vt 0.127984 0.440471
vt 0.134529 0.468240
vt 0.135691 0.468253
vt 0.132394 0.767333
vt 0.131231 0.767320
vt 0.136854 0.468265
vt 0.133557 0.767346
vt 0.138017 0.468278
vt 0.134719 0.767358
vt 0.139179 0.468291
vt 0.135882 0.767371
vt 0.140342 0.468304
vt 0.137044 0.767384
vt 0.141505 0.468317
vt 0.138207 0.767397
vt 0.142667 0.468329
vt 0.139370 0.767410
vt 0.143830 0.468342
vt 0.140532 0.767423
vt 0.144992 0.468355
vt 0.141695 0.767435
vt 0.146155 0.468368
vt 0.142858 0.767448
vt 0.147318 0.468381
vt 0.144020 0.767461
vt 0.148480 0.468394
vt 0.145183 0.767474
vt 0.149643 0.468406
vt 0.146346 0.767487
vt 0.150806 0.468419
vt 0.147508 0.767500
vt 0.151968 0.468432
vt 0.148671 0.767512
vt 0.153131 0.468445
vt 0.149834 0.767525
vt 0.154294 0.468458
vt 0.150996 0.767538
vt 0.155456 0.468470
vt 0.152159 0.767551
vt 0.156619 0.468483
vt 0.153321 0.767564
vt 0.157781 0.468496
vt 0.154484 0.767576
vt 0.213327 0.435598
vt 0.214498 0.437915
vt 0.206598 0.440453
vt 0.211498 0.433756
vt 0.209188 0.432570
vt 0.206625 0.432155
vt 0.204060 0.432553
vt 0.201743 0.433724
vt 0.199901 0.435553
vt 0.198714 0.437863
vt 0.198300 0.440426
vt 0.198697 0.442991
vt 0.199868 0.445308
vt 0.201698 0.447150
vt 0.204008 0.448336
vt 0.206570 0.448751
vt 0.209136 0.448353
vt 0.211453 0.447182
vt 0.213295 0.445353
vt 0.214481 0.443043
vt 0.214896 0.440481
vt 0.279664 0.443048
vt 0.278476 0.445357
vt 0.271782 0.440454
vt 0.276633 0.447186
vt 0.274316 0.448355
vt 0.271750 0.448752
vt 0.269187 0.448336
vt 0.266878 0.447148
vt 0.265050 0.445305
vt 0.263880 0.442988
vt 0.263484 0.440422
vt 0.263900 0.437859
vt 0.265087 0.435551
vt 0.266930 0.433722
vt 0.269248 0.432552
vt 0.271814 0.432156
vt 0.274376 0.432572
vt 0.276685 0.433759
vt 0.278514 0.435602
vt 0.279683 0.437920
vt 0.280080 0.440486
vt 0.407633 0.205142
vt 0.589102 0.248961
vt 0.563333 0.250368
vt 0.614882 0.247764
vt 0.640670 0.246777
vt 0.666461 0.246001
vt 0.692230 0.245443
vt 0.717825 0.245167
vt 0.436542 0.261793
vt 0.460669 0.258249
vt 0.486138 0.255866
vt 0.511836 0.253813
vt 0.537576 0.251985
vt 0.457905 0.119347
vt 0.763552 0.090461
vt 0.670135 0.604092
vt 0.662786 0.585819
vt 0.650764 0.570218
vt 0.634967 0.558455
vt 0.616576 0.551407
vt 0.596963 0.549603
vt 0.577596 0.553184
vt 0.560120 0.562194
vt 0.438704 0.588867
vt 0.647718 0.675801
vt 0.660618 0.660916
vt 0.669009 0.643098
vt 0.672262 0.623673
vt 0.598453 0.860464
vt 0.379380 0.694570
vt 0.522328 0.441330
vt 0.528967 0.467574
vt 0.674638 0.623749
vt 0.672442 0.603523
vt 0.530686 0.494591
vt 0.671275 0.643815
vt 0.527427 0.521466
vt 0.662605 0.662220
vt 0.519318 0.547299
vt 0.649271 0.677596
vt 0.506631 0.571105
vt 0.631839 0.688611
vt 0.375080 0.343535
vt 0.402022 0.344384
vt 0.576843 0.550923
vt 0.558506 0.560380
vt 0.428452 0.350235
vt 0.596863 0.547228
vt 0.453367 0.360825
vt 0.617122 0.549094
vt 0.475920 0.375800
vt 0.636120 0.556376
vt 0.495348 0.394652
vt 0.652436 0.568529
vt 0.510994 0.416745
vt 0.664853 0.584646
vt 0.980126 0.322878
vt 0.527698 0.467775
vt 0.979883 0.359768
vt 0.673471 0.603264
vt 0.529402 0.494557
vt 0.974006 0.395364
vt 0.526171 0.521197
vt 0.958755 0.428060
vt 0.518131 0.546804
vt 0.935266 0.455453
vt 0.505496 0.570502
vt 0.905206 0.475295
vt 0.375039 0.344818
vt 0.401862 0.345658
vt 0.806585 0.229944
vt 0.774258 0.245761
vt 0.428062 0.351459
vt 0.842104 0.223628
vt 0.452759 0.361957
vt 0.878012 0.227133
vt 0.475115 0.376801
vt 0.911646 0.240184
vt 0.494373 0.395489
vt 0.940520 0.261816
vt 0.509883 0.417389
vt 0.962496 0.290429
vt 0.582695 0.706605
vt 0.603436 0.730866
vt 0.577409 0.752390
vt 0.558494 0.730278
vt 0.620686 0.757618
vt 0.593135 0.776721
vt 0.634074 0.786322
vt 0.605439 0.802650
vt 0.642983 0.816451
vt 0.614044 0.829530
vt 0.646472 0.847900
vt 0.618290 0.856411
vt 0.379390 0.642613
vt 0.410627 0.637223
vt 0.402776 0.666662
vt 0.375981 0.670157
vt 0.442107 0.637694
vt 0.430856 0.667452
vt 0.473385 0.643174
vt 0.459036 0.672504
vt 0.503677 0.653234
vt 0.486486 0.681690
vt 0.532350 0.667388
vt 0.512578 0.694544
vt 0.558855 0.685303
vt 0.536749 0.710856
vt 0.878461 0.507944
vt 0.603436 0.730866
vt 0.882867 0.544037
vt 0.558494 0.730278
vt 0.620686 0.757618
vt 0.898592 0.568369
vt 0.634074 0.786322
vt 0.910897 0.594298
vt 0.642983 0.816451
vt 0.919502 0.621178
vt 0.646472 0.847900
vt 0.923747 0.648059
vt 0.379390 0.642613
vt 0.410627 0.637223
vt 0.708234 0.458309
vt 0.681439 0.461805
vt 0.442107 0.637694
vt 0.736314 0.459099
vt 0.473385 0.643174
vt 0.764494 0.464152
vt 0.503677 0.653234
vt 0.791944 0.473338
vt 0.532350 0.667388
vt 0.818036 0.486192
vt 0.558855 0.685303
vt 0.842206 0.502504
vt 0.829731 0.545595
vt 0.847465 0.566467
vt 0.832365 0.576917
vt 0.816262 0.558073
vt 0.862225 0.589621
vt 0.845763 0.597749
vt 0.873620 0.614828
vt 0.856126 0.620221
vt 0.880912 0.642040
vt 0.862956 0.643921
vt 0.427947 0.579636
vt 0.865032 0.667671
vt 0.649632 0.492643
vt 0.679311 0.486313
vt 0.681894 0.504603
vt 0.376327 0.626748
vt 0.707941 0.486279
vt 0.706649 0.504662
vt 0.735594 0.490971
vt 0.731203 0.508847
vt 0.761939 0.499666
vt 0.754863 0.516640
vt 0.786636 0.511888
vt 0.777176 0.527637
vt 0.809345 0.527300
vt 0.797759 0.541544
vt 0.829731 0.545595
vt 0.847465 0.566467
vt 0.832365 0.576917
vt 0.816262 0.558073
vt 0.862225 0.589621
vt 0.845763 0.597749
vt 0.873620 0.614828
vt 0.856126 0.620221
vt 0.880912 0.642040
vt 0.862956 0.643921
vt 0.882696 0.671856
vt 0.865032 0.667671
vt 0.649632 0.492643
vt 0.679311 0.486313
vt 0.681894 0.504603
vt 0.658519 0.509266
vt 0.707941 0.486279
vt 0.706649 0.504662
vt 0.735594 0.490971
vt 0.731203 0.508847
vt 0.761939 0.499666
vt 0.754863 0.516640
vt 0.786636 0.511888
vt 0.777176 0.527637
vt 0.809345 0.527300
vt 0.797759 0.541544
vt 0.556722 0.202656
vt 0.588694 0.204426
vt 0.562419 0.233125
vt 0.536522 0.234749
vt 0.525033 0.197950
vt 0.510636 0.236585
vt 0.493882 0.190313
vt 0.484743 0.238647
vt 0.463397 0.179716
vt 0.458703 0.241082
vt 0.432409 0.165960
vt 0.431916 0.244430
vt 0.772046 0.154825
vt 0.800487 0.136856
vt 0.745381 0.229222
vt 0.718250 0.228105
vt 0.743618 0.170028
vt 0.692099 0.228199
vt 0.714142 0.182528
vt 0.666119 0.228738
vt 0.683666 0.192278
vt 0.640178 0.229517
vt 0.652427 0.199208
vt 0.614249 0.230508
vt 0.620683 0.203269
vt 0.588329 0.231711
vt 0.739788 0.362289
vt 0.588658 0.206933
vt 0.767385 0.360147
vt 0.536401 0.232749
vt 0.714628 0.371263
vt 0.510498 0.234586
vt 0.689469 0.380238
vt 0.484585 0.236651
vt 0.664309 0.389212
vt 0.458538 0.239102
vt 0.639149 0.398186
vt 0.432274 0.242343
vt 0.915906 0.299468
vt 0.941066 0.290493
vt 0.744847 0.227153
vt 0.718257 0.226111
vt 0.890746 0.308442
vt 0.692084 0.226197
vt 0.865587 0.317417
vt 0.666081 0.226735
vt 0.840427 0.326391
vt 0.640123 0.227513
vt 0.815267 0.335365
vt 0.614177 0.228505
vt 0.790108 0.344340
vt 0.588240 0.229709
vt 0.521118 0.441759
vt 0.966242 0.288314
vt 0.943558 0.258770
vt 0.913751 0.236432
vt 0.879027 0.222953
vt 0.841954 0.219330
vt 0.805265 0.225852
vt 0.906607 0.479446
vt 0.771363 0.242424
vt 0.938088 0.458675
vt 0.962358 0.430409
vt 0.978109 0.396655
vt 0.984182 0.359905
vt 0.975949 0.323905
vt 0.665773 0.584118
vt 0.653179 0.567772
vt 0.636630 0.555446
vt 0.617362 0.548061
vt 0.596813 0.546169
vt 0.576507 0.549921
vt 0.632420 0.689506
vt 0.558031 0.559429
vt 0.649968 0.678395
vt 0.663495 0.662797
vt 0.672288 0.644130
vt 0.675698 0.623778
vt 0.595180 0.694464
vt 0.569509 0.671531
vt 0.540952 0.652236
vt 0.509995 0.636978
vt 0.477168 0.626167
vt 0.443102 0.620361
vt 0.408756 0.620278
vt 0.662844 0.846521
vt 0.658519 0.509266
vt 0.659964 0.813570
vt 0.650489 0.780688
vt 0.636110 0.749510
vt 0.617521 0.720607
vt 0.452216 0.456848
vt 0.440646 0.433275
vt 0.424258 0.412758
vt 0.403827 0.396262
vt 0.380315 0.384568
vt 0.354830 0.378220
vt 0.328556 0.377475
vt 0.302758 0.382118
vt 0.882696 0.671856
vt 0.443286 0.558431
vt 0.453844 0.534370
vt 0.458974 0.508616
vt 0.458423 0.482363
vt 0.863952 0.521926
vt 0.536749 0.710856
vt 0.512578 0.694544
vt 0.486486 0.681690
vt 0.459036 0.672504
vt 0.430856 0.667452
vt 0.402776 0.666662
vt 0.618290 0.856411
vt 0.375981 0.670157
vt 0.614044 0.829530
vt 0.605439 0.802650
vt 0.593135 0.776721
vt 0.577409 0.752390
vt 0.582695 0.706605
vt 0.854622 0.486642
vt 0.828116 0.468727
vt 0.799443 0.454574
vt 0.769151 0.444513
vt 0.737873 0.439033
vt 0.706393 0.438562
vt 0.942238 0.649239
vt 0.675156 0.443952
vt 0.938750 0.617791
vt 0.929840 0.587661
vt 0.916452 0.558957
vt 0.899202 0.532206
vt 0.620874 0.205770
vt 0.764948 0.353314
vt 0.652844 0.201681
vt 0.684304 0.194703
vt 0.714995 0.184886
vt 0.744668 0.172302
vt 0.773236 0.157018
vt 0.432075 0.168636
vt 0.801195 0.139431
vt 0.462523 0.182065
vt 0.493179 0.192718
vt 0.524546 0.200409
vt 0.556458 0.205149
vt 0.792545 0.351173
vt 0.562314 0.231123
vt 0.817705 0.342198
vt 0.842864 0.333224
vt 0.868024 0.324249
vt 0.893184 0.315275
vt 0.918343 0.306301
vt 0.641586 0.405019
vt 0.943503 0.297326
vt 0.666746 0.396045
vt 0.691906 0.387070
vt 0.717066 0.378096
vt 0.742225 0.369121
vt 0.509295 0.779172
vt 0.452472 0.777848
vt 0.422504 0.762724
vt 0.388989 0.764611
vt 0.360907 0.783003
vt 0.345784 0.812971
vt 0.347670 0.846486
vt 0.366062 0.874568
vt 0.396031 0.889691
vt 0.429546 0.887804
vt 0.457627 0.869413
vt 0.472750 0.839444
vn 0.866025 0.000000 -0.500000
vn 0.500000 0.000000 -0.866025
vn 0.500000 0.000000 -0.866025
vn 0.866025 0.000000 -0.500000
vn 0.000000 0.000000 -1.000000
vn 0.000000 0.000000 -1.000000
vn -0.500000 0.000000 -0.866025
vn -0.500000 0.000000 -0.866025
vn -0.866026 0.000000 -0.500000
vn -0.866026 0.000000 -0.500000
vn -1.000000 0.000000 0.000000
vn -1.000000 0.000000 0.000000
vn -0.866026 0.000000 0.500000
vn -0.866026 0.000000 0.500000
vn -0.500000 0.000000 0.866025
vn -0.500000 0.000000 0.866025
vn -0.000000 0.000000 1.000000
vn -0.000000 0.000000 1.000000
vn 0.500000 0.000000 0.866025
vn 0.500000 0.000000 0.866025
vn 0.866025 0.000000 0.500000
vn 0.866025 0.000000 0.500000
vn 1.000000 0.000000 0.000000
vn 1.000000 0.000000 0.000000
vn 0.000000 1.000000 0.000000
vn 0.000000 1.000000 0.000000
vn 0.000000 1.000000 0.000000
vn 0.000000 1.000000 0.000000
vn 0.000000 1.000000 0.000000
vn 0.000000 1.000000 0.000000
vn 0.000000 1.000000 0.000000
vn 0.000000 1.000000 0.000000
vn 0.000000 1.000000 0.000000
vn 0.000000 1.000000 0.000000
vn 0.000000 1.000000 0.000000
vn 0.000000 1.000000 0.000000
vn 0.000000 1.000000 -0.000000
vn 0.000000 1.000000 -0.000000
vn 0.000000 1.000000 -0.000000
vn 0.000000 1.000000 -0.000000
vn 0.000000 1.000000 -0.000000
vn 0.000000 1.000000 -0.000000
vn 0.000000 1.000000 0.000000
vn 0.000000 1.000000 0.000000
vn 0.000000 1.000000 0.000000
vn 0.000000 1.000000 0.000000
vn 0.000000 1.000000 -0.000000
vn 0.000000 1.000000 -0.000000
vn 0.866025 0.000000 -0.500000
vn 0.500000 0.000000 -0.866025
vn 0.500000 0.000000 -0.866025
vn 0.866025 0.000000 -0.500000
vn 0.000000 0.000000 -1.000000
vn 0.000000 0.000000 -1.000000
vn -0.500000 0.000000 -0.866025
vn -0.500000 0.000000 -0.866025
vn -0.866026 0.000000 -0.500000
vn -0.866026 0.000000 -0.500000
vn -1.000000 0.000000 0.000000
vn -1.000000 0.000000 0.000000
vn -0.866026 0.000000 0.500000
vn -0.866026 0.000000 0.500000
vn -0.500000 0.000000 0.866025
vn -0.500000 0.000000 0.866025
vn 0.000000 0.000000 1.000000
vn 0.000000 0.000000 1.000000
vn 0.500000 0.000000 0.866025
vn 0.500000 0.000000 0.866025
vn 0.866025 0.000000 0.500000
vn 0.866025 0.000000 0.500000
vn 1.000000 0.000000 0.000000
vn 1.000000 0.000000 0.000000
vn 0.382176 0.897360 -0.220650
vn 0.220650 0.897360 -0.382177
vn 0.220650 0.897360 -0.382177
vn 0.382176 0.897360 -0.220649
vn -0.000000 0.897359 -0.441301
vn -0.000000 0.897359 -0.441301
vn -0.220651 0.897359 -0.382178
vn -0.220650 0.897359 -0.382179
vn -0.382179 0.897358 -0.220652
vn -0.382180 0.897358 -0.220651
vn -0.441304 0.897358 0.000000
vn -0.441304 0.897358 0.000000
vn -0.382179 0.897358 0.220652
vn -0.382179 0.897359 0.220651
vn -0.220651 0.897360 0.382177
vn -0.220649 0.897360 0.382178
vn 0.000000 0.897359 0.441301
vn 0.000000 0.897359 0.441301
vn 0.220650 0.897359 0.382178
vn 0.220650 0.897359 0.382178
vn 0.382176 0.897360 0.220650
vn 0.382177 0.897360 0.220650
vn 0.441300 0.897360 0.000000
vn 0.441300 0.897360 0.000000
vn 0.866026 0.000000 -0.500000
vn 0.500000 0.000000 -0.866025
vn 0.500000 0.000000 -0.866025
vn 0.866026 0.000000 -0.500000
vn 0.000000 0.000000 -1.000000
vn 0.000000 0.000000 -1.000000
vn -0.500000 0.000000 -0.866025
vn -0.500000 0.000000 -0.866025
vn -0.866026 0.000000 -0.500000
vn -0.866026 0.000000 -0.500000
vn -1.000000 0.000000 0.000000
vn -1.000000 0.000000 0.000000
vn -0.866026 0.000000 0.500000
vn -0.866026 0.000000 0.500000
vn -0.500000 0.000000 0.866026
vn -0.500000 0.000000 0.866026
vn 0.000000 0.000000 1.000000
vn 0.000000 0.000000 1.000000
vn 0.500000 0.000000 0.866026
vn 0.500000 0.000000 0.866026
vn 0.866026 0.000000 0.500000
vn 0.866026 0.000000 0.500000
vn 1.000000 0.000000 0.000000
vn 1.000000 0.000000 0.000000
vn 0.672070 0.630684 -0.388020
vn 0.388020 0.630685 -0.672069
vn 0.388017 0.630685 -0.672071
vn 0.672070 0.630684 -0.388020
vn 0.000000 0.630688 -0.776037
vn 0.000000 0.630688 -0.776037
vn -0.388018 0.630689 -0.672067
vn -0.388017 0.630689 -0.672068
vn -0.672070 0.630685 -0.388019
vn -0.672070 0.630685 -0.388019
vn -0.776041 0.630682 0.000000
vn -0.776041 0.630682 0.000000
vn -0.672071 0.630683 0.388020
vn -0.672071 0.630683 0.388020
vn -0.388019 0.630683 0.672072
vn -0.388019 0.630683 0.672071
vn 0.000000 0.630686 0.776038
vn 0.000000 0.630686 0.776038
vn 0.388021 0.630684 0.672070
vn 0.388020 0.630684 0.672071
vn 0.672071 0.630683 0.388021
vn 0.672071 0.630683 0.388022
vn 0.776038 0.630686 0.000000
vn 0.776039 0.630686 0.000000
vn 0.866025 0.000000 -0.500000
vn 0.500000 0.000000 -0.866025
vn 0.500000 0.000000 -0.866025
vn 0.866025 0.000000 -0.500000
vn 0.000000 0.000000 -1.000000
vn 0.000001 0.000000 -1.000000
vn -0.499999 0.000000 -0.866026
vn -0.499999 0.000000 -0.866026
vn -0.866025 0.000000 -0.500000
vn -0.866025 0.000000 -0.500000
vn -1.000000 0.000000 0.000000
vn -1.000000 0.000000 0.000000
vn -0.866025 0.000000 0.500000
vn -0.866025 0.000000 0.500000
vn -0.499999 0.000000 0.866026
vn -0.499999 0.000000 0.866026
vn -0.000000 0.000000 1.000000
vn 0.000000 0.000000 1.000000
vn 0.500000 0.000000 0.866025
vn 0.500000 0.000000 0.866025
vn 0.866025 0.000000 0.500000
vn 0.866025 0.000000 0.500000
vn 1.000000 0.000000 0.000000
vn 1.000000 0.000000 0.000000
vn -0.866026 0.000000 0.500000
vn -0.502406 0.000000 0.864632
vn -0.500730 0.000000 0.865604
vn -0.866026 0.000000 0.500000
vn 0.002460 0.000000 0.999997
vn 0.000762 0.000000 1.000000
vn 0.504581 0.000000 0.863364
vn 0.501376 0.000000 0.865229
vn 0.866350 0.000000 0.499438
vn 0.866123 0.000000 0.499831
vn 0.999999 0.000000 -0.001616
vn 1.000000 0.000000 -0.000487
vn 0.865541 0.000000 -0.500838
vn 0.865880 0.000000 -0.500252
vn 0.499999 0.000000 -0.866026
vn 0.499999 0.000000 -0.866026
vn 0.004130 0.000000 -0.999991
vn 0.001235 0.000000 -0.999999
vn -0.496461 0.000000 -0.868059
vn -0.498920 0.000000 -0.866648
vn -0.866025 0.000000 -0.500000
vn -0.866025 0.000000 -0.500000
vn -1.000000 0.000000 -0.000000
vn -1.000000 0.000000 -0.000000
vn 0.000000 1.000000 -0.000000
vn 0.000000 1.000000 -0.000000
vn 0.000000 1.000000 -0.000000
vn 0.000000 1.000000 -0.000000
vn 0.016915 0.999325 0.032611
vn 0.000000 1.000000 -0.000000
vn 0.000000 1.000000 -0.000000
vn 0.016914 0.999325 0.032609
vn -0.011359 0.999696 0.021891
vn -0.011358 0.999696 0.021891
vn 0.707107 0.000000 0.707107
vn 0.707107 0.000000 0.707107
vn 0.707107 0.000000 0.707107
vn 0.707107 0.000000 0.707107
vn 0.258818 0.000000 0.965926
vn 0.258818 0.000000 0.965926
vn 0.258818 0.000000 0.965926
vn 0.258818 0.000000 0.965926
vn -0.258819 0.000000 0.965926
vn -0.258819 0.000000 0.965926
vn -0.258819 0.000000 0.965926
vn -0.258819 0.000000 0.965926
vn -0.707107 0.000000 0.707107
vn -0.707107 0.000000 0.707107
vn -0.707107 0.000000 0.707107
vn -0.707107 0.000000 0.707107
vn -0.965926 0.000000 0.258820
vn -0.965926 0.000000 0.258820
vn -0.965926 0.000000 0.258820
vn -0.965926 0.000000 0.258820
vn -0.965925 0.000000 -0.258821
vn -0.965925 0.000000 -0.258821
vn -0.965925 0.000000 -0.258821
vn -0.965925 0.000000 -0.258821
vn -0.707107 -0.000003 -0.707107
vn -0.707106 -0.000003 -0.707107
vn -0.707107 -0.000003 -0.707107
vn -0.707106 -0.000003 -0.707107
vn -0.258819 -0.000001 -0.965926
vn -0.258819 -0.000001 -0.965926
vn -0.258819 -0.000001 -0.965926
vn -0.258819 -0.000001 -0.965926
vn 0.258818 0.000001 -0.965926
vn 0.258818 0.000001 -0.965926
vn 0.258818 0.000001 -0.965926
vn 0.258818 0.000001 -0.965926
vn 0.707107 0.000002 -0.707107
vn 0.707106 0.000002 -0.707107
vn 0.707107 0.000002 -0.707107
vn 0.707106 0.000002 -0.707107
vn 0.965926 0.000003 -0.258818
vn 0.965926 0.000003 -0.258818
vn 0.965926 0.000003 -0.258818
vn 0.965926 0.000003 -0.258818
vn 0.965926 0.000001 0.258819
vn 0.965926 0.000001 0.258819
vn 0.965926 0.000001 0.258819
vn 0.965926 0.000001 0.258819
vn -0.032156 -0.999446 -0.008616
vn -0.032156 -0.999446 -0.008616
vn -0.032156 -0.999446 -0.008616
vn -0.032156 -0.999446 -0.008616
vn -0.023540 -0.999446 0.023540
vn -0.023540 -0.999446 0.023540
vn -0.023540 -0.999446 0.023540
vn -0.023540 -0.999446 0.023540
vn -0.032156 -0.999446 0.008617
vn -0.032156 -0.999446 0.008617
vn -0.032156 -0.999446 0.008617
vn -0.032156 -0.999446 0.008617
vn -0.023540 -0.999446 -0.023541
vn -0.023540 -0.999446 -0.023541
vn -0.023540 -0.999446 -0.023541
vn -0.023540 -0.999446 -0.023541
vn -0.707106 0.000000 -0.707107
vn -0.707106 0.000000 -0.707107
vn -0.707106 0.000000 -0.707107
vn -0.707106 0.000000 -0.707107
vn -0.258819 0.000000 -0.965926
vn -0.258819 0.000000 -0.965926
vn -0.258819 0.000000 -0.965926
vn -0.258819 0.000000 -0.965926
vn 0.258819 0.000000 -0.965926
vn 0.258819 0.000000 -0.965926
vn 0.258819 0.000000 -0.965926
vn 0.258819 0.000000 -0.965926
vn 0.707106 0.000000 -0.707107
vn 0.707106 0.000000 -0.707107
vn 0.707106 0.000000 -0.707107
vn 0.707106 0.000000 -0.707107
vn 0.965926 0.000000 -0.258819
vn 0.965926 0.000000 -0.258819
vn 0.965926 0.000000 -0.258819
vn 0.965926 0.000000 -0.258819
vn 0.965926 0.000000 0.258819
vn 0.965926 0.000000 0.258819
vn 0.965926 0.000000 0.258819
vn 0.965926 0.000000 0.258819
vn 0.707106 0.000000 0.707107
vn 0.707106 0.000000 0.707107
vn 0.707106 0.000000 0.707107
vn 0.707106 0.000000 0.707107
vn 0.258819 0.000000 0.965926
vn 0.258819 0.000000 0.965926
vn 0.258819 0.000000 0.965926
vn 0.258819 0.000000 0.965926
vn -0.258819 0.000000 0.965926
vn -0.258819 0.000000 0.965926
vn -0.258819 0.000000 0.965926
vn -0.258819 0.000000 0.965926
vn -0.707106 0.000000 0.707107
vn -0.707106 0.000000 0.707107
vn -0.707106 0.000000 0.707107
vn -0.707106 0.000000 0.707107
vn -0.965926 0.000000 0.258819
vn -0.965926 0.000000 0.258819
vn -0.965926 0.000000 0.258819
vn -0.965926 0.000000 0.258819
vn -0.965926 0.000000 -0.258819
vn -0.965926 0.000000 -0.258819
vn -0.965926 0.000000 -0.258819
vn -0.965926 0.000000 -0.258819
vn 0.177188 -0.968096 0.177188
vn 0.177188 -0.968096 0.177188
vn 0.177188 -0.968096 0.177188
vn 0.177188 -0.968096 0.177188
vn 0.064855 -0.968096 0.242043
vn 0.064855 -0.968095 0.242043
vn 0.064855 -0.968096 0.242043
vn 0.064855 -0.968095 0.242043
vn -0.064856 -0.968096 0.242043
vn -0.064856 -0.968096 0.242043
vn -0.064856 -0.968096 0.242043
vn -0.064856 -0.968096 0.242043
vn -0.177189 -0.968095 0.177188
vn -0.177189 -0.968095 0.177188
vn -0.177189 -0.968095 0.177188
vn -0.177189 -0.968095 0.177188
vn -0.242045 -0.968095 0.064856
vn -0.242045 -0.968095 0.064856
vn -0.242045 -0.968095 0.064856
vn -0.242045 -0.968095 0.064856
vn -0.242045 -0.968095 -0.064856
vn -0.242045 -0.968095 -0.064856
vn -0.242045 -0.968095 -0.064856
vn -0.242045 -0.968095 -0.064856
vn -0.177189 -0.968095 -0.177189
vn -0.177189 -0.968095 -0.177189
vn -0.177189 -0.968095 -0.177189
vn -0.177189 -0.968095 -0.177189
vn -0.064855 -0.968096 -0.242042
vn -0.064855 -0.968096 -0.242042
vn -0.064855 -0.968096 -0.242042
vn -0.064855 -0.968096 -0.242042
vn 0.064855 -0.968096 -0.242043
vn 0.064855 -0.968096 -0.242043
vn 0.064855 -0.968096 -0.242043
vn 0.064855 -0.968096 -0.242043
vn 0.177187 -0.968096 -0.177187
vn 0.177187 -0.968096 -0.177187
vn 0.177187 -0.968096 -0.177187
vn 0.177187 -0.968096 -0.177187
vn 0.242042 -0.968096 -0.064855
vn 0.242042 -0.968096 -0.064855
vn 0.242042 -0.968096 -0.064855
vn 0.242042 -0.968096 -0.064855
vn 0.242042 -0.968096 0.064855
vn 0.242042 -0.968096 0.064855
vn 0.242042 -0.968096 0.064855
vn 0.242042 -0.968096 0.064855
vn 0.707106 0.000000 0.707107
vn 0.707106 0.000000 0.707107
vn 0.707106 0.000000 0.707107
vn 0.707106 0.000000 0.707107
vn 0.258822 0.000000 0.965925
vn 0.258822 0.000000 0.965925
vn 0.258822 0.000000 0.965925
vn 0.258822 0.000000 0.965925
vn -0.258821 0.000000 0.965925
vn -0.258821 0.000000 0.965925
vn -0.258821 0.000000 0.965925
vn -0.258821 0.000000 0.965925
vn -0.707106 0.000000 0.707108
vn -0.707106 0.000000 0.707108
vn -0.707106 0.000000 0.707108
vn -0.707106 0.000000 0.707108
vn -0.965926 0.000000 0.258820
vn -0.965926 0.000000 0.258820
vn -0.965926 0.000000 0.258820
vn -0.965926 0.000000 0.258820
vn -0.965925 0.000000 -0.258822
vn -0.965925 0.000000 -0.258822
vn -0.965925 0.000000 -0.258822
vn -0.965925 0.000000 -0.258822
vn -0.707107 0.000000 -0.707107
vn -0.707107 0.000000 -0.707107
vn -0.707107 0.000000 -0.707107
vn -0.707107 0.000000 -0.707107
vn -0.258821 0.000000 -0.965925
vn -0.258821 0.000000 -0.965925
vn -0.258821 0.000000 -0.965925
vn -0.258821 0.000000 -0.965925
vn 0.258821 0.000000 -0.965925
vn 0.258821 0.000000 -0.965925
vn 0.258821 0.000000 -0.965925
vn 0.258821 0.000000 -0.965925
vn 0.707106 0.000000 -0.707107
vn 0.707106 0.000000 -0.707107
vn 0.707106 0.000000 -0.707107
vn 0.707106 0.000000 -0.707107
vn 0.965926 0.000000 -0.258820
vn 0.965926 0.000000 -0.258820
vn 0.965926 0.000000 -0.258820
vn 0.965926 0.000000 -0.258820
vn 0.965926 0.000000 0.258820
vn 0.965926 0.000000 0.258820
vn 0.965926 0.000000 0.258820
vn 0.965926 0.000000 0.258820
vn 0.395705 0.828755 0.395705
vn 0.395705 0.828755 0.395705
vn 0.395705 0.828755 0.395705
vn 0.395705 0.828755 0.395705
vn 0.144839 0.828754 0.540544
vn 0.144839 0.828754 0.540544
vn 0.144839 0.828754 0.540544
vn 0.144839 0.828754 0.540544
vn -0.144839 0.828755 0.540543
vn -0.144839 0.828755 0.540543
vn -0.144839 0.828755 0.540543
vn -0.144839 0.828755 0.540543
vn -0.395704 0.828756 0.395704
vn -0.395704 0.828756 0.395704
vn -0.395704 0.828756 0.395704
vn -0.395704 0.828756 0.395704
vn -0.540541 0.828757 0.144838
vn -0.540541 0.828757 0.144838
vn -0.540541 0.828757 0.144838
vn -0.540541 0.828757 0.144838
vn -0.540541 0.828757 -0.144838
vn -0.540541 0.828757 -0.144838
vn -0.540541 0.828757 -0.144838
vn -0.540541 0.828757 -0.144838
vn -0.395705 0.828756 -0.395704
vn -0.395705 0.828756 -0.395704
vn -0.395705 0.828756 -0.395704
vn -0.395705 0.828756 -0.395704
vn -0.144837 0.828756 -0.540543
vn -0.144837 0.828756 -0.540543
vn -0.144837 0.828756 -0.540543
vn -0.144837 0.828756 -0.540543
vn 0.144837 0.828756 -0.540543
vn 0.144837 0.828756 -0.540543
vn 0.144837 0.828756 -0.540543
vn 0.144837 0.828756 -0.540543
vn 0.395705 0.828756 -0.395703
vn 0.395705 0.828756 -0.395703
vn 0.395705 0.828756 -0.395703
vn 0.395705 0.828756 -0.395703
vn 0.540542 0.828756 -0.144838
vn 0.540542 0.828756 -0.144838
vn 0.540542 0.828756 -0.144838
vn 0.540541 0.828756 -0.144838
vn 0.540543 0.828756 0.144838
vn 0.540542 0.828755 0.144838
vn 0.540543 0.828756 0.144838
vn 0.540543 0.828756 0.144838
vn 0.232803 -0.944249 0.232803
vn 0.232803 -0.944249 0.232803
vn 0.232803 -0.944249 0.232803
vn 0.232803 -0.944249 0.232803
vn 0.085211 -0.944249 0.318015
vn 0.085211 -0.944249 0.318015
vn 0.085211 -0.944249 0.318015
vn 0.085211 -0.944249 0.318015
vn -0.085211 -0.944249 0.318015
vn -0.085211 -0.944249 0.318015
vn -0.085211 -0.944249 0.318015
vn -0.085211 -0.944249 0.318015
vn -0.232803 -0.944248 0.232804
vn -0.232803 -0.944248 0.232804
vn -0.232803 -0.944248 0.232804
vn -0.232803 -0.944248 0.232804
vn -0.318014 -0.944249 0.085212
vn -0.318014 -0.944249 0.085212
vn -0.318014 -0.944249 0.085212
vn -0.318014 -0.944249 0.085212
vn -0.318015 -0.944249 -0.085212
vn -0.318015 -0.944249 -0.085212
vn -0.318015 -0.944249 -0.085212
vn -0.318015 -0.944249 -0.085212
vn -0.232804 -0.944248 -0.232804
vn -0.232804 -0.944248 -0.232804
vn -0.232804 -0.944248 -0.232804
vn -0.232804 -0.944248 -0.232804
vn -0.085211 -0.944249 -0.318015
vn -0.085211 -0.944249 -0.318015
vn -0.085211 -0.944249 -0.318015
vn -0.085211 -0.944249 -0.318015
vn 0.085211 -0.944249 -0.318015
vn 0.085211 -0.944249 -0.318015
vn 0.085211 -0.944249 -0.318015
vn 0.085211 -0.944249 -0.318015
vn 0.232803 -0.944248 -0.232804
vn 0.232803 -0.944248 -0.232804
vn 0.232803 -0.944248 -0.232804
vn 0.232803 -0.944248 -0.232804
vn 0.318014 -0.944249 -0.085212
vn 0.318014 -0.944249 -0.085212
vn 0.318014 -0.944249 -0.085212
vn 0.318014 -0.944249 -0.085212
vn 0.318015 -0.944249 0.085212
vn 0.318015 -0.944249 0.085212
vn 0.318015 -0.944249 0.085212
vn 0.318015 -0.944249 0.085212
vn 0.707107 0.000000 0.707107
vn 0.707107 0.000000 0.707107
vn 0.707107 0.000000 0.707107
vn 0.707107 0.000000 0.707107
vn 0.258820 0.000000 0.965926
vn 0.258820 0.000000 0.965926
vn 0.258820 0.000000 0.965926
vn 0.258820 0.000000 0.965926
vn -0.258820 0.000000 0.965926
vn -0.258820 0.000000 0.965926
vn -0.258820 0.000000 0.965926
vn -0.258820 0.000000 0.965926
vn -0.707107 0.000000 0.707107
vn -0.707107 0.000000 0.707107
vn -0.707107 0.000000 0.707107
vn -0.707107 0.000000 0.707107
vn -0.965926 0.000000 0.258819
vn -0.965926 0.000000 0.258819
vn -0.965926 0.000000 0.258819
vn -0.965926 0.000000 0.258819
vn -0.965926 0.000000 -0.258819
vn -0.965926 0.000000 -0.258819
vn -0.965926 0.000000 -0.258819
vn -0.965926 0.000000 -0.258819
vn -0.707107 0.000000 -0.707107
vn -0.707107 0.000000 -0.707107
vn -0.707107 0.000000 -0.707107
vn -0.707107 0.000000 -0.707107
vn -0.258818 0.000000 -0.965926
vn -0.258818 0.000000 -0.965926
vn -0.258818 0.000000 -0.965926
vn -0.258818 0.000000 -0.965926
vn 0.258818 0.000000 -0.965926
vn 0.258818 0.000000 -0.965926
vn 0.258818 0.000000 -0.965926
vn 0.258818 0.000000 -0.965926
vn 0.707107 0.000000 -0.707107
vn 0.707107 0.000000 -0.707107
vn 0.707107 0.000000 -0.707107
vn 0.707107 0.000000 -0.707107
vn 0.965926 0.000000 -0.258819
vn 0.965926 0.000000 -0.258819
vn 0.965926 0.000000 -0.258819
vn 0.965926 0.000000 -0.258819
vn 0.965926 0.000000 0.258819
vn 0.965926 0.000000 0.258819
vn 0.965926 0.000000 0.258819
vn 0.965926 0.000000 0.258819
vn 0.091457 0.991600 0.091458
vn 0.091457 0.991600 0.091458
vn 0.091457 0.991600 0.091458
vn 0.091457 0.991600 0.091458
vn 0.033475 0.991600 0.124933
vn 0.033475 0.991600 0.124933
vn 0.033475 0.991600 0.124933
vn 0.033475 0.991600 0.124933
vn -0.033475 0.991600 0.124933
vn -0.033475 0.991600 0.124933
vn -0.033475 0.991600 0.124933
vn -0.033475 0.991600 0.124933
vn -0.091457 0.991600 0.091458
vn -0.091457 0.991600 0.091458
vn -0.091457 0.991600 0.091458
vn -0.091457 0.991600 0.091458
vn -0.124933 0.991600 0.033475
vn -0.124933 0.991600 0.033475
vn -0.124933 0.991600 0.033475
vn -0.124933 0.991600 0.033475
vn -0.124933 0.991600 -0.033475
vn -0.124933 0.991600 -0.033475
vn -0.124933 0.991600 -0.033475
vn -0.124933 0.991600 -0.033475
vn -0.091457 0.991600 -0.091457
vn -0.091457 0.991600 -0.091457
vn -0.091457 0.991600 -0.091457
vn -0.091457 0.991600 -0.091457
vn -0.033475 0.991600 -0.124933
vn -0.033475 0.991600 -0.124933
vn -0.033475 0.991600 -0.124933
vn -0.033475 0.991600 -0.124933
vn 0.033475 0.991600 -0.124933
vn 0.033475 0.991600 -0.124933
vn 0.033475 0.991600 -0.124933
vn 0.033475 0.991600 -0.124933
vn 0.091457 0.991600 -0.091458
vn 0.091457 0.991600 -0.091458
vn 0.091457 0.991600 -0.091458
vn 0.091457 0.991600 -0.091458
vn 0.124933 0.991600 -0.033475
vn 0.124933 0.991600 -0.033475
vn 0.124933 0.991600 -0.033475
vn 0.124933 0.991600 -0.033475
vn 0.124932 0.991600 0.033475
vn 0.124932 0.991600 0.033475
vn 0.124932 0.991600 0.033475
vn 0.124932 0.991600 0.033475
vn -0.829146 0.555568 -0.062135
vn -0.773995 0.555568 0.303770
vn -0.773995 0.555568 0.303770
vn -0.829146 0.555568 -0.062135
vn -0.565545 0.555568 0.609511
vn -0.565545 0.555568 0.609510
vn -0.245079 0.555570 0.794530
vn -0.245079 0.555570 0.794530
vn 0.123925 0.555571 0.822182
vn 0.123925 0.555571 0.822182
vn 0.468383 0.555572 0.686992
vn 0.468382 0.555572 0.686992
vn 0.720073 0.555572 0.415735
vn 0.720072 0.555572 0.415735
vn 0.829143 0.555573 0.062136
vn 0.829143 0.555573 0.062136
vn 0.773992 0.555572 -0.303769
vn 0.773992 0.555572 -0.303770
vn 0.565544 0.555570 -0.609509
vn 0.565544 0.555570 -0.609509
vn 0.245080 0.555570 -0.794530
vn 0.245079 0.555570 -0.794530
vn -0.123925 0.555571 -0.822183
vn -0.123925 0.555571 -0.822182
vn -0.468382 0.555572 -0.686992
vn -0.468382 0.555572 -0.686992
vn -0.720074 0.555571 -0.415734
vn -0.720074 0.555571 -0.415734
vn -0.554017 0.831470 -0.041517
vn -0.517165 0.831470 0.202974
vn -0.517166 0.831469 0.202974
vn -0.554017 0.831470 -0.041517
vn -0.377884 0.831469 0.407262
vn -0.377884 0.831469 0.407262
vn -0.163757 0.831469 0.530888
vn -0.163757 0.831469 0.530888
vn 0.082803 0.831469 0.549366
vn 0.082803 0.831469 0.549366
vn 0.312963 0.831469 0.459035
vn 0.312963 0.831469 0.459035
vn 0.481138 0.831469 0.277786
vn 0.481138 0.831469 0.277786
vn 0.554019 0.831468 0.041517
vn 0.554019 0.831469 0.041516
vn 0.517166 0.831469 -0.202974
vn 0.517166 0.831469 -0.202974
vn 0.377882 0.831470 -0.407262
vn 0.377882 0.831470 -0.407262
vn 0.163757 0.831470 -0.530888
vn 0.163757 0.831470 -0.530888
vn -0.082804 0.831469 -0.549366
vn -0.082804 0.831469 -0.549366
vn -0.312964 0.831469 -0.459036
vn -0.312964 0.831468 -0.459036
vn -0.481139 0.831469 -0.277785
vn -0.481139 0.831469 -0.277785
vn -0.194545 0.980785 -0.014581
vn -0.181604 0.980785 0.071273
vn 0.000000 1.000000 0.000001
vn -0.132695 0.980785 0.143013
vn -0.057503 0.980785 0.186422
vn 0.029078 0.980785 0.192912
vn 0.109897 0.980785 0.161192
vn 0.168953 0.980786 0.097543
vn 0.194546 0.980785 0.014581
vn 0.181604 0.980786 -0.071269
vn 0.132695 0.980785 -0.143011
vn 0.057502 0.980786 -0.186422
vn -0.029078 0.980786 -0.192910
vn -0.109897 0.980786 -0.161191
vn -0.168953 0.980786 -0.097541
vn 0.707111 0.000000 -0.707103
vn 0.000000 0.000000 -1.000000
vn 0.000000 0.000000 -1.000000
vn 0.707111 0.000000 -0.707103
vn -0.707105 0.000000 -0.707109
vn -0.707105 0.000000 -0.707109
vn -1.000000 0.000000 -0.000000
vn -1.000000 0.000000 -0.000000
vn -0.707101 0.000000 0.707112
vn -0.707101 0.000000 0.707112
vn 0.000000 0.000000 1.000000
vn 0.000000 0.000000 1.000000
vn 0.707107 0.000000 0.707106
vn 0.707107 0.000000 0.707106
vn 1.000000 0.000000 -0.000000
vn 1.000000 0.000000 -0.000000
vn 0.707100 0.000000 -0.707114
vn 0.000000 0.000000 -1.000000
vn 0.000000 0.000000 -1.000000
vn 0.707100 0.000000 -0.707114
vn -0.707106 0.000000 -0.707108
vn -0.707106 0.000000 -0.707108
vn -1.000000 0.000000 -0.000000
vn -1.000000 0.000000 -0.000000
vn -0.707112 0.000000 0.707101
vn -0.707112 0.000000 0.707101
vn 0.000000 0.000000 1.000000
vn 0.000000 0.000000 1.000000
vn 0.707107 0.000000 0.707107
vn 0.707107 0.000000 0.707107
vn 1.000000 0.000000 -0.000000
vn 1.000000 0.000000 -0.000000
vn 0.707105 0.000000 -0.707109
vn 0.000000 0.000000 -1.000000
vn 0.000000 0.000000 -1.000000
vn 0.707105 0.000000 -0.707109
vn -0.707111 0.000000 -0.707103
vn -0.707111 0.000000 -0.707103
vn -1.000000 0.000000 0.000000
vn -1.000000 0.000000 0.000000
vn -0.707107 0.000000 0.707106
vn -0.707107 0.000000 0.707106
vn 0.000000 0.000000 1.000000
vn 0.000000 0.000000 1.000000
vn 0.707102 0.000000 0.707112
vn 0.707102 0.000000 0.707112
vn 1.000000 0.000000 0.000000
vn 1.000000 0.000000 0.000000
vn 0.707105 0.000000 -0.707109
vn 0.000000 0.000000 -1.000000
vn 0.000000 0.000000 -1.000000
vn 0.707105 0.000000 -0.707109
vn -0.707111 0.000000 -0.707103
vn -0.707111 0.000000 -0.707103
vn -1.000000 0.000000 0.000000
vn -1.000000 0.000000 0.000000
vn -0.707107 0.000000 0.707106
vn -0.707107 0.000000 0.707106
vn 0.000000 0.000000 1.000000
vn 0.000000 0.000000 1.000000
vn 0.707102 0.000000 0.707112
vn 0.707102 0.000000 0.707112
vn 1.000000 0.000000 0.000000
vn 1.000000 0.000000 0.000000
vn 0.707100 0.000000 -0.707114
vn 0.000000 0.000000 -1.000000
vn 0.000000 0.000000 -1.000000
vn 0.707100 0.000000 -0.707114
vn -0.707106 0.000000 -0.707108
vn -0.707106 0.000000 -0.707108
vn -1.000000 0.000000 -0.000000
vn -1.000000 0.000000 -0.000000
vn -0.707112 0.000000 0.707101
vn -0.707112 0.000000 0.707101
vn 0.000000 0.000000 1.000000
vn 0.000000 0.000000 1.000000
vn 0.707107 0.000000 0.707107
vn 0.707107 0.000000 0.707107
vn 1.000000 0.000000 -0.000000
vn 1.000000 0.000000 -0.000000
vn 0.707111 0.000000 -0.707103
vn 0.000000 0.000000 -1.000000
vn 0.000000 0.000000 -1.000000
vn 0.707111 0.000000 -0.707103
vn -0.707108 0.000000 -0.707106
vn -0.707108 0.000000 -0.707106
vn -1.000000 0.000000 0.000000
vn -1.000000 0.000000 0.000000
vn -0.707105 0.000000 0.707109
vn -0.707105 0.000000 0.707109
vn 0.000000 0.000000 1.000000
vn 0.000000 0.000000 1.000000
vn 0.707107 0.000000 0.707106
vn 0.707107 0.000000 0.707106
vn 1.000000 0.000000 0.000000
vn 1.000000 0.000000 0.000000
vn -0.001005 0.999767 0.021542
vn -0.001018 0.999767 0.021555
vn -0.020388 0.999309 -0.031089
vn -0.020433 0.999307 -0.031122
vn -0.077635 0.995987 -0.044521
vn -0.077637 0.995987 -0.044519
vn -0.108214 0.994127 0.000649
vn -0.108220 0.994127 0.000660
vn -0.111499 0.991648 0.064821
vn -0.111496 0.991648 0.064832
vn -0.068700 0.990516 0.118992
vn -0.068700 0.990516 0.118992
vn -0.001650 0.994838 0.101464
vn -0.001697 0.994833 0.101513
vn -0.008616 -0.999446 -0.032156
vn -0.008616 -0.999446 -0.032156
vn -0.008616 -0.999446 -0.032156
vn -0.008616 -0.999446 -0.032156
vn 0.008616 -0.999446 -0.032157
vn 0.008616 -0.999446 -0.032157
vn 0.008616 -0.999446 -0.032157
vn 0.008616 -0.999446 -0.032157
vn 0.023540 -0.999446 -0.023540
vn 0.023540 -0.999446 -0.023540
vn 0.023540 -0.999446 -0.023540
vn 0.023540 -0.999446 -0.023540
vn 0.032156 -0.999446 -0.008616
vn 0.032156 -0.999446 -0.008616
vn 0.032156 -0.999446 -0.008616
vn 0.032156 -0.999446 -0.008616
vn 0.032156 -0.999446 0.008616
vn 0.032156 -0.999446 0.008616
vn 0.032156 -0.999446 0.008616
vn 0.032156 -0.999446 0.008616
vn 0.023540 -0.999446 0.023541
vn 0.023540 -0.999446 0.023541
vn 0.023540 -0.999446 0.023541
vn 0.023540 -0.999446 0.023541
vn 0.008616 -0.999446 0.032156
vn 0.008616 -0.999446 0.032156
vn 0.008616 -0.999446 0.032156
vn 0.008616 -0.999446 0.032156
vn -0.008616 -0.999446 0.032155
vn -0.008616 -0.999446 0.032155
vn -0.008616 -0.999446 0.032155
vn -0.008616 -0.999446 0.032155
vn 0.951065 0.000000 -0.308990
vn 0.809033 0.000000 -0.587764
vn 0.809033 0.000000 -0.587764
vn 0.951065 0.000000 -0.308990
vn 0.587781 0.000000 -0.809020
vn 0.587781 0.000000 -0.809020
vn 0.308994 0.000000 -0.951064
vn 0.308994 0.000000 -0.951064
vn 0.000000 0.000000 -1.000000
vn 0.000000 0.000000 -1.000000
vn -0.308994 0.000000 -0.951064
vn -0.308994 0.000000 -0.951064
vn -0.587781 0.000000 -0.809020
vn -0.587781 0.000000 -0.809020
vn -0.809033 0.000000 -0.587764
vn -0.809033 0.000000 -0.587764
vn -0.951065 0.000000 -0.308990
vn -0.951065 0.000000 -0.308990
vn -1.000000 0.000000 0.000000
vn -1.000000 0.000000 0.000000
vn -0.951065 0.000000 0.308990
vn -0.951065 0.000000 0.308990
vn -0.809033 0.000000 0.587764
vn -0.809033 0.000000 0.587764
vn -0.587781 0.000000 0.809020
vn -0.587781 0.000000 0.809020
vn -0.308994 0.000000 0.951064
vn -0.308994 0.000000 0.951064
vn 0.000000 0.000000 1.000000
vn 0.000000 0.000000 1.000000
vn 0.308994 0.000000 0.951064
vn 0.308994 0.000000 0.951064
vn 0.587781 0.000000 0.809020
vn 0.587781 0.000000 0.809020
vn 0.809033 0.000000 0.587764
vn 0.809033 0.000000 0.587764
vn 0.951065 0.000000 0.308990
vn 0.951065 0.000000 0.308990
vn 1.000000 0.000000 0.000000
vn 1.000000 0.000000 0.000000
vn 0.000000 -1.000000 0.000000
vn 0.000000 -1.000000 0.000003
vn 0.000000 -1.000000 0.000000
vn 0.000000 -1.000000 0.000001
vn 0.000000 -1.000000 0.000001
vn 0.000000 -1.000000 0.000000
vn 0.000000 -1.000000 0.000000
vn 0.000000 -1.000000 0.000000
vn 0.000000 -1.000000 0.000000
vn 0.000000 -1.000000 0.000003
vn 0.000000 -1.000000 0.000000
vn 0.000000 -1.000000 -0.000003
vn 0.000000 -1.000000 0.000000
vn 0.000000 -1.000000 -0.000001
vn 0.000000 -1.000000 -0.000001
vn 0.000000 -1.000000 0.000000
vn 0.000000 -1.000000 0.000000
vn 0.000000 -1.000000 0.000000
vn 0.000000 -1.000000 0.000000
vn 0.000000 -1.000000 -0.000003
vn 0.000000 -1.000000 0.000000
vn 0.000000 1.000000 0.000000
vn 0.000000 1.000000 0.000000
vn 0.000000 1.000000 0.000000
vn 0.000000 1.000000 0.000000
vn 0.000000 1.000000 0.000000
vn 0.000000 1.000000 0.000000
vn 0.000000 1.000000 0.000000
vn 0.000000 1.000000 -0.000011
vn 0.000000 1.000000 -0.000011
vn 0.000000 1.000000 0.000000
vn 0.000000 1.000000 0.000000
vn 0.000000 1.000000 0.000000
vn 0.000000 1.000000 0.000000
vn 0.000000 1.000000 0.000000
vn 0.000000 1.000000 0.000000
vn 0.000000 1.000000 0.000000
vn 0.000000 1.000000 0.000000
vn 0.000000 1.000000 0.000011
vn 0.000000 1.000000 0.000011
vn 0.000000 1.000000 0.000000
vn 0.000000 1.000000 0.000000
vn 0.951052 0.000000 -0.309031
vn 0.809020 0.000000 -0.587781
vn 0.809020 0.000000 -0.587781
vn 0.951052 0.000000 -0.309031
vn 0.587797 0.000000 -0.809008
vn 0.587797 0.000000 -0.809008
vn 0.309010 0.000000 -0.951059
vn 0.309010 0.000000 -0.951059
vn 0.000000 0.000000 -1.000000
vn 0.000000 0.000000 -1.000000
vn -0.309000 0.000000 -0.951062
vn -0.309000 0.000000 -0.951062
vn -0.587781 0.000000 -0.809020
vn -0.587781 0.000000 -0.809020
vn -0.809036 0.000000 -0.587759
vn -0.809036 0.000000 -0.587759
vn -0.951052 0.000000 -0.309031
vn -0.951052 0.000000 -0.309031
vn -1.000000 0.000000 -0.000000
vn -1.000000 0.000000 -0.000000
vn -0.951059 0.000000 0.309009
vn -0.951059 0.000000 0.309009
vn -0.809036 0.000000 0.587759
vn -0.809036 0.000000 0.587759
vn -0.587781 0.000000 0.809020
vn -0.587781 0.000000 0.809020
vn -0.309000 0.000000 0.951062
vn -0.309000 0.000000 0.951062
vn 0.000000 0.000000 1.000000
vn 0.000000 0.000000 1.000000
vn 0.309010 0.000000 0.951059
vn 0.309010 0.000000 0.951059
vn 0.587797 0.000000 0.809008
vn 0.587797 0.000000 0.809008
vn 0.809020 0.000000 0.587781
vn 0.809020 0.000000 0.587781
vn 0.951059 0.000000 0.309009
vn 0.951059 0.000000 0.309009
vn 1.000000 0.000000 0.000000
vn 1.000000 0.000000 0.000000
vn 0.000000 -1.000000 -0.000003
vn 0.000000 -1.000000 0.000000
vn 0.000000 -1.000000 -0.000000
vn 0.000000 -1.000000 0.000001
vn 0.000000 -1.000000 0.000001
vn 0.000000 -1.000000 0.000000
vn 0.000000 -1.000000 0.000000
vn 0.000000 -1.000000 0.000000
vn 0.000000 -1.000000 0.000000
vn 0.000000 -1.000000 0.000000
vn 0.000000 -1.000000 0.000000
vn 0.000000 -1.000000 0.000000
vn 0.000000 -1.000000 0.000000
vn 0.000000 -1.000000 0.000000
vn 0.000000 -1.000000 0.000000
vn 0.000000 -1.000000 0.000000
vn 0.000000 -1.000000 0.000000
vn 0.000000 -1.000000 0.000000
vn 0.000000 -1.000000 0.000000
vn 0.000000 -1.000000 -0.000003
vn 0.000000 -1.000000 -0.000000
vn 0.000000 1.000000 0.000000
vn 0.000000 1.000000 0.000000
vn 0.000000 1.000000 -0.000001
vn 0.000000 1.000000 0.000000
vn 0.000000 1.000000 0.000000
vn 0.000000 1.000000 0.000000
vn 0.000000 1.000000 0.000000
vn 0.000000 1.000000 0.000000
vn 0.000000 1.000000 0.000000
vn 0.000000 1.000000 0.000000
vn 0.000000 1.000000 0.000000
vn 0.000000 1.000000 0.000000
vn 0.000000 1.000000 0.000000
vn 0.000000 1.000000 0.000000
vn 0.000000 1.000000 0.000000
vn 0.000000 1.000000 0.000000
vn 0.000000 1.000000 0.000000
vn 0.000000 1.000000 -0.000011
vn 0.000000 1.000000 -0.000011
vn 0.000000 1.000000 0.000000
vn 0.000000 1.000000 0.000000
vn 0.951065 0.000000 -0.308990
vn 0.809008 0.000000 -0.587798
vn 0.809008 0.000000 -0.587798
vn 0.951065 0.000000 -0.308990
vn 0.587765 0.000000 -0.809032
vn 0.587765 0.000000 -0.809032
vn 0.309027 0.000000 -0.951053
vn 0.309027 0.000000 -0.951053
vn 0.000000 0.000000 -1.000000
vn 0.000000 0.000000 -1.000000
vn -0.309027 0.000000 -0.951053
vn -0.309027 0.000000 -0.951053
vn -0.587765 0.000000 -0.809032
vn -0.587765 0.000000 -0.809032
vn -0.809008 0.000000 -0.587798
vn -0.809008 0.000000 -0.587798
vn -0.951065 0.000000 -0.308990
vn -0.951065 0.000000 -0.308990
vn -1.000000 0.000000 0.000000
vn -1.000000 0.000000 0.000000
vn -0.951065 0.000000 0.308990
vn -0.951065 0.000000 0.308990
vn -0.809008 0.000000 0.587798
vn -0.809008 0.000000 0.587798
vn -0.587789 0.000000 0.809014
vn -0.587789 0.000000 0.809014
vn -0.309060 0.000000 0.951043
vn -0.309060 0.000000 0.951043
vn 0.000000 0.000000 1.000000
vn 0.000000 0.000000 1.000000
vn 0.309060 0.000000 0.951043
vn 0.309060 0.000000 0.951043
vn 0.587789 0.000000 0.809014
vn 0.587789 0.000000 0.809014
vn 0.809008 0.000000 0.587798
vn 0.809008 0.000000 0.587798
vn 0.951065 0.000000 0.308990
vn 0.951065 0.000000 0.308990
vn 1.000000 0.000000 0.000000
vn 1.000000 0.000000 0.000000
vn 0.000000 -1.000000 0.000000
vn 0.000000 -1.000000 0.000003
vn 0.000000 -1.000000 0.000000
vn 0.000000 -1.000000 0.000001
vn 0.000000 -1.000000 0.000001
vn 0.000000 -1.000000 0.000000
vn 0.000000 -1.000000 0.000000
vn 0.000000 -1.000000 0.000000
vn 0.000000 -1.000000 0.000000
vn 0.000000 -1.000000 0.000003
vn 0.000000 -1.000000 0.000000
vn 0.000000 -1.000000 -0.000003
vn 0.000000 -1.000000 0.000000
vn 0.000000 -1.000000 -0.000001
vn 0.000000 -1.000000 -0.000001
vn 0.000000 -1.000000 0.000000
vn 0.000000 -1.000000 0.000000
vn 0.000000 -1.000000 0.000000
vn 0.000000 -1.000000 0.000000
vn 0.000000 -1.000000 -0.000003
vn 0.000000 -1.000000 0.000000
vn 0.000000 1.000000 0.000000
vn 0.000000 1.000000 0.000000
vn 0.000000 1.000000 -0.000000
vn 0.000000 1.000000 -0.000011
vn 0.000000 1.000000 -0.000011
vn 0.000000 1.000000 0.000000
vn 0.000000 1.000000 -0.000006
vn 0.000000 1.000000 -0.000017
vn 0.000000 1.000000 -0.000011
vn 0.000000 1.000000 0.000000
vn 0.000000 1.000000 0.000000
vn 0.000000 1.000000 0.000000
vn 0.000000 1.000000 0.000000
vn 0.000000 1.000000 0.000011
vn 0.000000 1.000000 0.000011
vn 0.000000 1.000000 0.000000
vn 0.000000 1.000000 0.000006
vn 0.000000 1.000000 0.000017
vn 0.000000 1.000000 0.000011
vn 0.000000 1.000000 0.000000
vn 0.000000 1.000000 0.000000
vn 0.951056 0.000000 -0.309020
vn 0.809020 0.000000 -0.587781
vn 0.809020 0.000000 -0.587781
vn 0.951056 0.000000 -0.309020
vn 0.587781 0.000000 -0.809020
vn 0.587781 0.000000 -0.809020
vn 0.309004 0.000000 -0.951061
vn 0.309004 0.000000 -0.951061
vn 0.000000 0.000000 -1.000000
vn 0.000000 0.000000 -1.000000
vn -0.308984 0.000000 -0.951067
vn -0.308984 0.000000 -0.951067
vn -0.587781 0.000000 -0.809020
vn -0.587781 0.000000 -0.809020
vn -0.809020 0.000000 -0.587781
vn -0.809020 0.000000 -0.587781
vn -0.951056 0.000000 -0.309020
vn -0.951056 0.000000 -0.309020
vn -1.000000 0.000000 0.000000
vn -1.000000 0.000000 0.000000
vn -0.951056 0.000000 0.309020
vn -0.951056 0.000000 0.309020
vn -0.809020 0.000000 0.587781
vn -0.809020 0.000000 0.587781
vn -0.587805 0.000000 0.809003
vn -0.587805 0.000000 0.809003
vn -0.308984 0.000000 0.951067
vn -0.308984 0.000000 0.951067
vn 0.000000 0.000000 1.000000
vn 0.000000 0.000000 1.000000
vn 0.309004 0.000000 0.951061
vn 0.309004 0.000000 0.951061
vn 0.587805 0.000000 0.809003
vn 0.587805 0.000000 0.809003
vn 0.809020 0.000000 0.587781
vn 0.809020 0.000000 0.587781
vn 0.951056 0.000000 0.309020
vn 0.951056 0.000000 0.309020
vn 1.000000 0.000000 -0.000000
vn 1.000000 0.000000 -0.000000
vn 0.000000 -1.000000 0.000003
vn 0.000000 -1.000000 0.000000
vn 0.000000 -1.000000 -0.000000
vn 0.000000 -1.000000 0.000003
vn 0.000000 -1.000000 0.000000
vn 0.000000 -1.000000 0.000000
vn 0.000000 -1.000000 0.000000
vn 0.000000 -1.000000 0.000000
vn 0.000000 -1.000000 0.000000
vn 0.000000 -1.000000 0.000000
vn 0.000000 -1.000000 0.000000
vn 0.000000 -1.000000 0.000000
vn 0.000000 -1.000000 0.000000
vn 0.000000 -1.000000 0.000000
vn 0.000000 -1.000000 0.000000
vn 0.000000 -1.000000 0.000000
vn 0.000000 -1.000000 0.000000
vn 0.000000 -1.000000 -0.000003
vn 0.000000 -1.000000 -0.000003
vn 0.000000 -1.000000 0.000000
vn 0.000000 -1.000000 0.000000
vn 0.000000 1.000000 -0.000023
vn 0.000000 1.000000 0.000000
vn 0.000000 1.000000 0.000002
vn 0.000000 1.000000 0.000011
vn 0.000000 1.000000 0.000011
vn 0.000000 1.000000 0.000000
vn 0.000000 1.000000 0.000000
vn 0.000000 1.000000 0.000000
vn 0.000000 1.000000 0.000000
vn 0.000000 1.000000 0.000023
vn 0.000000 1.000000 0.000000
vn 0.000000 1.000000 -0.000023
vn 0.000000 1.000000 0.000000
vn 0.000000 1.000000 0.000000
vn 0.000000 1.000000 0.000000
vn 0.000000 1.000000 0.000000
vn 0.000000 1.000000 -0.000006
vn 0.000000 1.000000 0.000006
vn 0.000000 1.000000 0.000011
vn 0.000000 1.000000 0.000023
vn 0.000000 1.000000 0.000000
vn 0.951056 0.000000 -0.309020
vn 0.809020 0.000000 -0.587781
vn 0.809020 0.000000 -0.587781
vn 0.951056 0.000000 -0.309020
vn 0.587805 0.000000 -0.809003
vn 0.587805 0.000000 -0.809003
vn 0.308984 0.000000 -0.951067
vn 0.308984 0.000000 -0.951067
vn -0.000000 0.000000 -1.000000
vn -0.000000 0.000000 -1.000000
vn -0.309004 0.000000 -0.951061
vn -0.309004 0.000000 -0.951061
vn -0.587805 0.000000 -0.809003
vn -0.587805 0.000000 -0.809003
vn -0.809020 0.000000 -0.587781
vn -0.809020 0.000000 -0.587781
vn -0.951056 0.000000 -0.309020
vn -0.951056 0.000000 -0.309020
vn -1.000000 0.000000 0.000000
vn -1.000000 0.000000 0.000000
vn -0.951056 0.000000 0.309020
vn -0.951056 0.000000 0.309020
vn -0.809020 0.000000 0.587781
vn -0.809020 0.000000 0.587781
vn -0.587781 0.000000 0.809020
vn -0.587781 0.000000 0.809020
vn -0.309004 0.000000 0.951061
vn -0.309004 0.000000 0.951061
vn -0.000000 0.000000 1.000000
vn -0.000000 0.000000 1.000000
vn 0.308984 0.000000 0.951067
vn 0.308984 0.000000 0.951067
vn 0.587781 0.000000 0.809020
vn 0.587781 0.000000 0.809020
vn 0.809020 0.000000 0.587781
vn 0.809020 0.000000 0.587781
vn 0.951056 0.000000 0.309020
vn 0.951056 0.000000 0.309020
vn 1.000000 0.000000 -0.000000
vn 1.000000 0.000000 -0.000000
vn 0.000000 -1.000000 0.000000
vn 0.000000 -1.000000 0.000000
vn 0.000000 -1.000000 0.000000
vn 0.000000 -1.000000 0.000000
vn 0.000000 -1.000000 0.000000
vn 0.000000 -1.000000 0.000000
vn 0.000000 -1.000000 0.000000
vn 0.000000 -1.000000 0.000003
vn 0.000000 -1.000000 0.000003
vn 0.000000 -1.000000 0.000000
vn 0.000000 -1.000000 0.000000
vn 0.000000 -1.000000 0.000000
vn 0.000000 -1.000000 -0.000003
vn 0.000000 -1.000000 -0.000003
vn 0.000000 -1.000000 0.000000
vn 0.000000 -1.000000 0.000000
vn 0.000000 -1.000000 0.000000
vn 0.000000 -1.000000 0.000000
vn 0.000000 -1.000000 0.000000
vn 0.000000 -1.000000 0.000000
vn 0.000000 -1.000000 0.000000
vn 0.000000 1.000000 0.000023
vn 0.000000 1.000000 0.000000
vn 0.000000 1.000000 -0.000002
vn 0.000000 1.000000 0.000000
vn 0.000000 1.000000 0.000000
vn 0.000000 1.000000 0.000000
vn 0.000000 1.000000 0.000006
vn 0.000000 1.000000 -0.000006
vn 0.000000 1.000000 -0.000011
vn 0.000000 1.000000 -0.000023
vn 0.000000 1.000000 0.000000
vn 0.000000 1.000000 0.000023
vn 0.000000 1.000000 0.000000
vn 0.000000 1.000000 -0.000011
vn 0.000000 1.000000 -0.000011
vn 0.000000 1.000000 0.000000
vn 0.000000 1.000000 0.000000
vn 0.000000 1.000000 0.000000
vn 0.000000 1.000000 0.000000
vn 0.000000 1.000000 -0.000023
vn 0.000000 1.000000 0.000000
vn 0.951056 0.000000 -0.309020
vn 0.809033 0.000000 -0.587764
vn 0.809033 0.000000 -0.587764
vn 0.951056 0.000000 -0.309020
vn 0.587781 0.000000 -0.809020
vn 0.587781 0.000000 -0.809020
vn 0.308984 0.000000 -0.951067
vn 0.308984 0.000000 -0.951067
vn 0.000000 0.000000 -1.000000
vn 0.000000 0.000000 -1.000000
vn -0.308994 0.000000 -0.951064
vn -0.308994 0.000000 -0.951064
vn -0.587781 0.000000 -0.809020
vn -0.587781 0.000000 -0.809020
vn -0.809049 0.000000 -0.587742
vn -0.809049 0.000000 -0.587742
vn -0.951056 0.000000 -0.309020
vn -0.951056 0.000000 -0.309020
vn -1.000000 0.000000 0.000000
vn -1.000000 0.000000 0.000000
vn -0.951056 0.000000 0.309020
vn -0.951056 0.000000 0.309020
vn -0.809049 0.000000 0.587742
vn -0.809049 0.000000 0.587742
vn -0.587781 0.000000 0.809020
vn -0.587781 0.000000 0.809020
vn -0.308994 0.000000 0.951064
vn -0.308994 0.000000 0.951064
vn 0.000000 0.000000 1.000000
vn 0.000000 0.000000 1.000000
vn 0.308984 0.000000 0.951067
vn 0.308984 0.000000 0.951067
vn 0.587781 0.000000 0.809020
vn 0.587781 0.000000 0.809020
vn 0.809033 0.000000 0.587764
vn 0.809033 0.000000 0.587764
vn 0.951056 0.000000 0.309020
vn 0.951056 0.000000 0.309020
vn 1.000000 0.000000 0.000000
vn 1.000000 0.000000 0.000000
vn 0.000000 -1.000000 0.000000
vn 0.000000 -1.000000 0.000000
vn 0.000000 -1.000000 -0.000000
vn 0.000000 -1.000000 0.000000
vn 0.000000 -1.000000 0.000000
vn 0.000000 -1.000000 0.000000
vn 0.000000 -1.000000 0.000000
vn 0.000000 -1.000000 0.000000
vn 0.000000 -1.000000 0.000000
vn 0.000000 -1.000000 0.000000
vn 0.000000 -1.000000 0.000000
vn 0.000000 -1.000000 0.000000
vn 0.000000 -1.000000 0.000000
vn 0.000000 -1.000000 -0.000001
vn 0.000000 -1.000000 -0.000001
vn 0.000000 -1.000000 0.000000
vn 0.000000 -1.000000 0.000000
vn 0.000000 -1.000000 0.000000
vn 0.000000 -1.000000 0.000000
vn 0.000000 -1.000000 0.000000
vn 0.000000 -1.000000 0.000000
vn 0.000000 1.000000 0.000023
vn 0.000000 1.000000 0.000000
vn 0.000000 1.000000 0.000002
vn 0.000000 1.000000 0.000000
vn 0.000000 1.000000 0.000000
vn 0.000000 1.000000 0.000000
vn 0.000000 1.000000 -0.000006
vn 0.000000 1.000000 0.000006
vn 0.000000 1.000000 0.000011
vn 0.000000 1.000000 -0.000023
vn 0.000000 1.000000 0.000000
vn 0.000000 1.000000 0.000023
vn 0.000000 1.000000 0.000000
vn 0.000000 1.000000 0.000011
vn 0.000000 1.000000 0.000011
vn 0.000000 1.000000 0.000000
vn 0.000000 1.000000 0.000000
vn 0.000000 1.000000 0.000000
vn 0.000000 1.000000 0.000000
vn 0.000000 1.000000 -0.000023
vn 0.000000 1.000000 0.000000
vn 0.000000 1.000000 0.000000
vn 0.000000 1.000000 0.000000
vn 0.000000 1.000000 0.000000
vn 0.000000 1.000000 0.000000
vn 0.000000 1.000000 -0.000000
vn 0.000000 1.000000 -0.000000
vn 0.000000 1.000000 -0.000000
vn 0.000000 1.000000 -0.000000
vn 0.000000 1.000000 0.000000
vn 0.000000 1.000000 0.000000
vn 0.000000 1.000000 0.000000
vn 0.000000 1.000000 0.000000
vn 0.000000 1.000000 0.000000
vn 0.000000 1.000000 0.000000
vn 0.000000 1.000000 -0.000000
vn 0.000000 1.000000 -0.000000
vn 0.000000 1.000000 0.000000
vn 0.000000 1.000000 0.000000
vn 0.000000 1.000000 0.000000
vn 0.000000 1.000000 0.000000
vn 0.000000 1.000000 -0.000000
vn 0.000000 1.000000 -0.000000
vn 0.000000 1.000000 0.000000
vn 0.000000 1.000000 0.000000
vn 0.000000 1.000000 -0.000000
vn 0.000000 1.000000 -0.000000
vn 0.000000 1.000000 -0.000000
vn 0.000000 1.000000 -0.000000
vn 0.000000 1.000000 0.000000
vn 0.000000 1.000000 0.000000
vn 0.000000 1.000000 0.000000
vn 0.000000 1.000000 0.000000
vn 0.000000 1.000000 -0.000000
vn 0.000000 1.000000 -0.000000
vn 0.000000 1.000000 -0.000000
vn 0.000000 1.000000 -0.000000
vn 0.000000 1.000000 -0.000000
vn 0.000000 1.000000 -0.000000
vn 0.000000 1.000000 0.000000
vn 0.000000 1.000000 0.000000
vn 0.000000 1.000000 -0.000000
vn 0.000000 1.000000 -0.000000
vn 0.000000 1.000000 0.000000
vn 0.000000 1.000000 0.000000
vn 0.000000 1.000000 0.000000
vn 0.000000 1.000000 0.000000
vn 0.000000 1.000000 -0.000000
vn 0.000000 1.000000 -0.000000
vn -0.707107 0.000000 0.707107
vn -0.707107 0.000000 0.707107
vn -0.707107 0.000000 0.707107
vn -0.707107 0.000000 0.707107
vn 0.707106 0.000000 -0.707107
vn 0.707106 0.000000 -0.707107
vn 0.707106 0.000000 -0.707107
vn 0.707106 0.000000 -0.707107
vn -0.258819 0.000000 0.965926
vn -0.258819 0.000000 0.965926
vn -0.258819 0.000000 0.965926
vn -0.258819 0.000000 0.965926
vn 0.258820 0.000000 -0.965926
vn 0.258820 0.000000 -0.965926
vn 0.258820 0.000000 -0.965926
vn 0.258820 0.000000 -0.965926
vn 0.258819 0.000000 0.965926
vn 0.258819 0.000000 0.965926
vn 0.258819 0.000000 0.965926
vn 0.258819 0.000000 0.965926
vn -0.258819 0.000000 -0.965926
vn -0.258819 0.000000 -0.965926
vn -0.258819 0.000000 -0.965926
vn -0.258819 0.000000 -0.965926
vn 0.707108 0.000000 0.707106
vn 0.707108 0.000000 0.707106
vn 0.707108 0.000000 0.707106
vn 0.707108 0.000000 0.707106
vn -0.707107 0.000000 -0.707106
vn -0.707107 0.000000 -0.707106
vn -0.707107 0.000000 -0.707106
vn -0.707107 0.000000 -0.707106
vn 0.965926 0.000000 0.258819
vn 0.965926 0.000000 0.258819
vn 0.965926 0.000000 0.258819
vn 0.965926 0.000000 0.258819
vn -0.965926 0.000000 -0.258819
vn -0.965926 0.000000 -0.258819
vn -0.965926 0.000000 -0.258819
vn -0.965926 0.000000 -0.258819
vn 0.965926 0.000000 -0.258819
vn 0.965926 0.000000 -0.258819
vn 0.965926 0.000000 -0.258819
vn 0.965926 0.000000 -0.258819
vn -0.965926 0.000000 0.258819
vn -0.965926 0.000000 0.258819
vn -0.965926 0.000000 0.258819
vn -0.965926 0.000000 0.258819
vn 0.707108 0.000000 -0.707106
vn 0.707108 0.000000 -0.707106
vn 0.707108 0.000000 -0.707106
vn 0.707108 0.000000 -0.707106
vn -0.707107 0.000000 0.707107
vn -0.707107 0.000000 0.707107
vn -0.707107 0.000000 0.707107
vn -0.707107 0.000000 0.707107
vn 0.258819 0.000000 -0.965926
vn 0.258819 0.000000 -0.965926
vn 0.258819 0.000000 -0.965926
vn 0.258819 0.000000 -0.965926
vn -0.258819 0.000000 0.965926
vn -0.258819 0.000000 0.965926
vn -0.258819 0.000000 0.965926
vn -0.258819 0.000000 0.965926
vn -0.258819 0.000000 -0.965926
vn -0.258819 0.000000 -0.965926
vn -0.258819 0.000000 -0.965926
vn -0.258819 0.000000 -0.965926
vn 0.258820 0.000000 0.965926
vn 0.258820 0.000000 0.965926
vn 0.258820 0.000000 0.965926
vn 0.258820 0.000000 0.965926
vn -0.707107 0.000000 -0.707107
vn -0.707107 0.000000 -0.707107
vn -0.707107 0.000000 -0.707107
vn -0.707107 0.000000 -0.707107
vn 0.707106 0.000000 0.707108
vn 0.707106 0.000000 0.707108
vn 0.707106 0.000000 0.707108
vn 0.707106 0.000000 0.707108
vn -0.965926 0.000000 -0.258819
vn -0.965926 0.000000 -0.258819
vn -0.965926 0.000000 -0.258819
vn -0.965926 0.000000 -0.258819
vn 0.965926 0.000000 0.258818
vn 0.965926 0.000000 0.258818
vn 0.965926 0.000000 0.258818
vn 0.965926 0.000000 0.258818
vn -0.965926 0.000000 0.258819
vn -0.965926 0.000000 0.258819
vn -0.965926 0.000000 0.258819
vn -0.965926 0.000000 0.258819
vn 0.965926 0.000000 -0.258819
vn 0.965926 0.000000 -0.258819
vn 0.965926 0.000000 -0.258819
vn 0.965926 0.000000 -0.258819
vn 0.738836 0.521692 -0.426566
vn 0.426568 0.521691 -0.738836
vn 0.426568 0.521691 -0.738836
vn 0.738836 0.521692 -0.426567
vn 0.426568 0.521690 -0.738837
vn 0.738837 0.521690 -0.426568
vn 0.738837 0.521690 -0.426568
vn 0.426568 0.521690 -0.738837
vn 0.000000 0.521690 -0.853135
vn 0.000000 0.521690 -0.853135
vn -0.000000 0.521690 -0.853135
vn -0.000000 0.521690 -0.853135
vn -0.426567 0.521690 -0.738837
vn -0.426568 0.521690 -0.738837
vn -0.426567 0.521691 -0.738837
vn -0.426567 0.521691 -0.738837
vn -0.738837 0.521689 -0.426567
vn -0.738837 0.521690 -0.426567
vn -0.738838 0.521688 -0.426568
vn -0.738838 0.521688 -0.426568
vn -0.853136 0.521689 0.000000
vn -0.853136 0.521689 -0.000000
vn -0.853138 0.521686 -0.000000
vn -0.853138 0.521686 -0.000000
vn -0.738837 0.521690 0.426567
vn -0.738837 0.521690 0.426567
vn -0.738837 0.521689 0.426569
vn -0.738837 0.521689 0.426568
vn -0.426567 0.521690 0.738837
vn -0.426567 0.521690 0.738837
vn -0.426567 0.521690 0.738837
vn -0.426567 0.521690 0.738837
vn -0.000000 0.521691 0.853135
vn -0.000000 0.521691 0.853135
vn 0.000000 0.521690 0.853135
vn 0.000000 0.521690 0.853135
vn 0.426568 0.521691 0.738836
vn 0.426568 0.521691 0.738836
vn 0.426568 0.521689 0.738837
vn 0.426568 0.521689 0.738837
vn 0.738837 0.521691 0.426567
vn 0.738837 0.521691 0.426567
vn 0.738837 0.521689 0.426567
vn 0.738837 0.521689 0.426567
vn 0.853133 0.521693 0.000000
vn 0.853133 0.521693 0.000000
vn 0.853135 0.521690 0.000000
vn 0.853135 0.521690 0.000000
vn -0.546189 0.776039 0.315342
vn -0.315340 0.776041 0.546188
vn -0.315342 0.776041 0.546186
vn -0.546189 0.776040 0.315341
vn 0.315342 -0.776041 -0.546187
vn 0.546189 -0.776039 -0.315343
vn 0.546190 -0.776038 -0.315343
vn 0.315341 -0.776041 -0.546187
vn 0.000000 0.776041 0.630683
vn 0.000000 0.776041 0.630683
vn -0.000000 -0.776043 -0.630680
vn -0.000000 -0.776043 -0.630680
vn 0.315341 0.776040 0.546189
vn 0.315343 0.776040 0.546188
vn -0.315339 -0.776044 -0.546184
vn -0.315339 -0.776044 -0.546184
vn 0.546185 0.776043 0.315340
vn 0.546187 0.776043 0.315338
vn -0.546184 -0.776044 -0.315340
vn -0.546184 -0.776044 -0.315339
vn 0.630674 0.776048 -0.000000
vn 0.630674 0.776048 -0.000000
vn -0.630683 -0.776041 0.000000
vn -0.630683 -0.776041 0.000000
vn 0.546181 0.776047 -0.315337
vn 0.546181 0.776047 -0.315336
vn -0.546183 -0.776045 0.315339
vn -0.546183 -0.776045 0.315338
vn 0.315340 0.776044 -0.546183
vn 0.315340 0.776044 -0.546183
vn -0.315338 -0.776048 0.546180
vn -0.315337 -0.776047 0.546180
vn 0.000000 0.776043 -0.630680
vn -0.000000 0.776043 -0.630680
vn -0.000000 -0.776045 0.630677
vn -0.000000 -0.776045 0.630677
vn -0.315342 0.776043 -0.546185
vn -0.315341 0.776043 -0.546185
vn 0.315340 -0.776042 0.546186
vn 0.315339 -0.776042 0.546186
vn -0.546189 0.776039 -0.315342
vn -0.546189 0.776040 -0.315342
vn 0.546188 -0.776040 0.315343
vn 0.546188 -0.776040 0.315342
vn -0.630687 0.776037 -0.000000
vn -0.630687 0.776037 -0.000000
vn 0.630684 -0.776040 -0.000000
vn 0.630684 -0.776040 -0.000000
vn 0.439698 0.861523 -0.253860
vn 0.253860 0.861522 -0.439698
vn 0.253860 0.861522 -0.439698
vn 0.439698 0.861523 -0.253860
vn 0.253860 0.861523 -0.439697
vn 0.439697 0.861523 -0.253860
vn 0.439698 0.861523 -0.253860
vn 0.253860 0.861523 -0.439697
vn -0.000000 0.861523 -0.507718
vn -0.000000 0.861523 -0.507718
vn 0.000000 0.861523 -0.507718
vn 0.000000 0.861523 -0.507718
vn -0.253859 0.861523 -0.439697
vn -0.253859 0.861523 -0.439697
vn -0.253860 0.861523 -0.439697
vn -0.253859 0.861523 -0.439697
vn -0.439698 0.861523 -0.253859
vn -0.439698 0.861523 -0.253859
vn -0.439697 0.861523 -0.253860
vn -0.439697 0.861523 -0.253859
vn -0.507719 0.861523 -0.000000
vn -0.507719 0.861523 -0.000000
vn -0.507719 0.861523 0.000000
vn -0.507719 0.861523 0.000000
vn -0.439697 0.861523 0.253859
vn -0.439697 0.861523 0.253859
vn -0.439697 0.861523 0.253859
vn -0.439697 0.861523 0.253859
vn -0.253859 0.861523 0.439697
vn -0.253859 0.861523 0.439697
vn -0.253859 0.861523 0.439697
vn -0.253859 0.861523 0.439697
vn -0.000000 0.861523 0.507719
vn 0.000000 0.861523 0.507719
vn 0.000000 0.861523 0.507719
vn 0.000000 0.861523 0.507719
vn 0.253859 0.861523 0.439698
vn 0.253860 0.861522 0.439698
vn 0.253860 0.861523 0.439698
vn 0.253860 0.861523 0.439698
vn 0.439698 0.861523 0.253859
vn 0.439698 0.861523 0.253860
vn 0.439698 0.861522 0.253860
vn 0.439698 0.861522 0.253860
vn 0.507718 0.861523 -0.000000
vn 0.507718 0.861523 -0.000000
vn 0.507718 0.861523 0.000000
vn 0.507718 0.861523 0.000000
vn 0.777140 -0.441293 -0.448681
vn 0.448680 -0.441298 -0.777137
vn 0.448680 -0.441298 -0.777137
vn 0.777140 -0.441293 -0.448681
vn -0.448681 0.441299 0.777136
vn -0.777141 0.441289 0.448683
vn -0.777141 0.441289 0.448683
vn -0.448681 0.441299 0.777136
vn -0.000000 -0.441298 -0.897361
vn -0.000000 -0.441298 -0.897361
vn 0.000000 0.441297 0.897361
vn 0.000000 0.441297 0.897361
vn -0.448680 -0.441298 -0.777137
vn -0.448680 -0.441298 -0.777137
vn 0.448681 0.441303 0.777134
vn 0.448681 0.441303 0.777134
vn -0.777139 -0.441295 -0.448680
vn -0.777139 -0.441295 -0.448680
vn 0.777132 0.441309 0.448679
vn 0.777133 0.441309 0.448676
vn -0.897361 -0.441297 -0.000000
vn -0.897361 -0.441297 -0.000000
vn 0.897354 0.441311 -0.000000
vn 0.897354 0.441311 -0.000000
vn -0.777136 -0.441302 0.448679
vn -0.777136 -0.441302 0.448679
vn 0.777130 0.441312 -0.448678
vn 0.777132 0.441312 -0.448675
vn -0.448680 -0.441299 0.777137
vn -0.448680 -0.441299 0.777137
vn 0.448679 0.441307 -0.777133
vn 0.448679 0.441307 -0.777133
vn -0.000000 -0.441291 0.897364
vn -0.000000 -0.441291 0.897364
vn -0.000001 0.441297 -0.897361
vn -0.000001 0.441297 -0.897361
vn 0.448681 -0.441294 0.777139
vn 0.448681 -0.441294 0.777139
vn -0.448682 0.441294 -0.777139
vn -0.448682 0.441294 -0.777139
vn 0.777140 -0.441291 0.448682
vn 0.777140 -0.441291 0.448682
vn -0.777144 0.441282 -0.448685
vn -0.777144 0.441282 -0.448685
vn 0.897367 -0.441285 -0.000000
vn 0.897367 -0.441285 -0.000000
vn -0.897372 0.441275 -0.000000
vn -0.897372 0.441275 -0.000000
vn 0.707106 0.000000 0.707107
vn 0.707106 0.000000 0.707107
vn 0.707106 0.000000 0.707107
vn 0.707106 0.000000 0.707107
vn 0.707106 0.000000 0.707107
vn 0.707106 0.000000 0.707107
vn 0.707106 0.000000 0.707107
vn 0.707106 0.000000 0.707107
vn 0.258821 0.000000 0.965925
vn 0.258821 0.000000 0.965925
vn 0.258821 0.000000 0.965925
vn 0.258821 0.000000 0.965925
vn 0.258821 0.000000 0.965925
vn 0.258821 0.000000 0.965925
vn 0.258821 0.000000 0.965925
vn 0.258821 0.000000 0.965925
vn -0.258821 0.000000 0.965925
vn -0.258821 0.000000 0.965925
vn -0.258821 0.000000 0.965925
vn -0.258821 0.000000 0.965925
vn -0.258821 0.000000 0.965925
vn -0.258821 0.000000 0.965925
vn -0.258821 0.000000 0.965925
vn -0.258821 0.000000 0.965925
vn -0.707106 0.000000 0.707107
vn -0.707106 0.000000 0.707107
vn -0.707106 0.000000 0.707107
vn -0.707106 0.000000 0.707107
vn -0.707106 0.000000 0.707107
vn -0.707106 0.000000 0.707107
vn -0.707106 0.000000 0.707107
vn -0.707106 0.000000 0.707107
vn -0.965926 0.000000 0.258819
vn -0.965926 0.000000 0.258819
vn -0.965926 0.000000 0.258819
vn -0.965926 0.000000 0.258819
vn -0.965926 0.000000 0.258819
vn -0.965926 0.000000 0.258819
vn -0.965926 0.000000 0.258819
vn -0.965926 0.000000 0.258819
vn -0.965926 0.000000 -0.258819
vn -0.965926 0.000000 -0.258819
vn -0.965926 0.000000 -0.258819
vn -0.965926 0.000000 -0.258819
vn -0.965926 0.000000 -0.258819
vn -0.965926 0.000000 -0.258819
vn -0.965926 0.000000 -0.258819
vn -0.965926 0.000000 -0.258819
vn -0.707107 0.000000 -0.707107
vn -0.707107 0.000000 -0.707107
vn -0.707107 0.000000 -0.707107
vn -0.707107 0.000000 -0.707107
vn -0.707107 0.000000 -0.707107
vn -0.707107 0.000000 -0.707107
vn -0.707107 0.000000 -0.707107
vn -0.707107 0.000000 -0.707107
vn -0.258819 0.000000 -0.965926
vn -0.258819 0.000000 -0.965926
vn -0.258819 0.000000 -0.965926
vn -0.258819 0.000000 -0.965926
vn -0.258819 0.000000 -0.965926
vn -0.258819 0.000000 -0.965926
vn -0.258819 0.000000 -0.965926
vn -0.258819 0.000000 -0.965926
vn 0.258819 0.000000 -0.965926
vn 0.258819 0.000000 -0.965926
vn 0.258819 0.000000 -0.965926
vn 0.258819 0.000000 -0.965926
vn 0.258819 0.000000 -0.965926
vn 0.258819 0.000000 -0.965926
vn 0.258819 0.000000 -0.965926
vn 0.258819 0.000000 -0.965926
vn 0.707107 0.000000 -0.707107
vn 0.707107 0.000000 -0.707107
vn 0.707107 0.000000 -0.707107
vn 0.707107 0.000000 -0.707107
vn 0.707107 0.000000 -0.707107
vn 0.707107 0.000000 -0.707107
vn 0.707107 0.000000 -0.707107
vn 0.707107 0.000000 -0.707107
vn 0.965926 0.000000 -0.258819
vn 0.965926 0.000000 -0.258819
vn 0.965926 0.000000 -0.258819
vn 0.965926 0.000000 -0.258819
vn 0.965926 0.000000 -0.258819
vn 0.965926 0.000000 -0.258819
vn 0.965926 0.000000 -0.258819
vn 0.965926 0.000000 -0.258819
vn 0.965926 0.000000 0.258819
vn 0.965926 0.000000 0.258819
vn 0.965926 0.000000 0.258819
vn 0.965926 0.000000 0.258819
vn 0.965926 0.000000 0.258819
vn 0.965926 0.000000 0.258819
vn 0.965926 0.000000 0.258819
vn 0.965926 0.000000 0.258819
vn 0.000000 1.000000 -0.000003
vn 0.000000 1.000000 -0.000003
vn 0.000000 1.000000 -0.000003
vn 0.000000 1.000000 -0.000003
vn 0.000000 -1.000000 -0.000001
vn 0.000000 -1.000000 -0.000001
vn 0.000000 -1.000000 -0.000001
vn 0.000000 -1.000000 -0.000001
vn 0.000000 1.000000 -0.000000
vn 0.000000 1.000000 -0.000000
vn 0.000000 -1.000000 0.000000
vn 0.000000 -1.000000 0.000000
vn 0.000000 1.000000 0.000000
vn 0.000000 1.000000 0.000000
vn 0.000000 -1.000000 0.000000
vn 0.000000 -1.000000 0.000000
vn 0.000000 1.000000 0.000001
vn 0.000000 1.000000 0.000001
vn 0.000000 -1.000000 -0.000000
vn 0.000000 -1.000000 -0.000000
vn 0.000000 1.000000 0.000000
vn 0.000000 1.000000 0.000000
vn 0.000000 -1.000000 -0.000000
vn 0.000000 -1.000000 -0.000000
vn 0.000000 1.000000 -0.000001
vn 0.000000 1.000000 -0.000001
vn 0.000000 -1.000000 0.000001
vn 0.000000 -1.000000 0.000001
vn 0.000000 1.000000 -0.000000
vn 0.000000 1.000000 -0.000000
vn 0.000000 -1.000000 0.000001
vn 0.000000 -1.000000 0.000001
vn 0.000000 1.000000 0.000001
vn 0.000000 1.000000 0.000001
vn 0.000000 -1.000000 0.000000
vn 0.000000 -1.000000 0.000000
vn 0.000000 1.000000 0.000005
vn 0.000000 1.000000 0.000005
vn 0.000000 -1.000000 0.000002
vn 0.000000 -1.000000 0.000002
vn 0.000000 1.000000 0.000004
vn 0.000000 1.000000 0.000004
vn 0.000000 -1.000000 0.000002
vn 0.000000 -1.000000 0.000002
vn 0.000000 1.000000 0.000000
vn 0.000000 1.000000 0.000000
vn 0.000000 -1.000000 0.000000
vn 0.000000 -1.000000 0.000000
vn 0.000000 1.000000 0.000000
vn 0.000000 1.000000 0.000000
vn 0.000000 1.000000 0.000000
vn 0.000000 1.000000 0.000000
vn 0.000000 1.000000 0.000000
vn 0.000000 1.000000 0.000000
vn 0.000000 1.000000 0.000000
vn 0.000000 1.000000 0.000000
vn 0.000000 1.000000 0.000000
vn 0.000000 1.000000 0.000000
vn 0.000000 1.000000 0.000000
vn 0.000000 1.000000 0.000000
s 1
g Capsula
usemtl lambert39SG
f 1/1/1 2/2/2 14/14/3 13/13/4
f 2/2/2 3/3/5 15/15/6 14/14/3
f 3/3/5 4/4/7 16/16/8 15/15/6
f 4/4/7 5/5/9 17/17/10 16/16/8
f 5/5/9 6/6/11 18/127/12 17/17/10
f 6/128/11 7/7/13 19/19/14 18/18/12
f 7/7/13 8/8/15 20/20/16 19/19/14
f 8/8/15 9/9/17 21/21/18 20/20/16
f 9/9/17 10/10/19 22/22/20 21/21/18
f 10/10/19 11/11/21 23/23/22 22/22/20
f 11/11/21 12/12/23 24/24/24 23/23/22
f 12/12/23 1/1/1 13/13/4 24/24/24
s 2
f 669/968/25 668/1162/26 670/970/27 671/1163/28
f 668/1162/26 672/1161/29 673/973/30 670/970/27
f 672/1161/29 674/1160/31 675/975/32 673/973/30
f 674/1160/31 676/1159/33 677/977/34 675/975/32
f 676/1159/33 678/1157/35 679/979/36 677/977/34
f 678/1158/35 680/1156/37 681/982/38 679/983/36
f 680/1156/37 682/1155/39 683/985/40 681/982/38
f 682/1155/39 684/1154/41 685/987/42 683/985/40
f 684/1154/41 686/1153/43 687/989/44 685/987/42
f 686/1153/43 688/1152/45 689/991/46 687/989/44
f 688/1152/45 690/1151/47 691/993/48 689/991/46
f 690/1151/47 669/968/25 671/1163/28 691/993/48
s 3
f 25/25/49 26/26/50 38/38/51 37/37/52
f 26/26/50 27/27/53 39/39/54 38/38/51
f 27/27/53 28/28/55 40/40/56 39/39/54
f 28/28/55 29/29/57 41/41/58 40/40/56
f 29/29/57 30/935/59 42/125/60 41/41/58
f 30/30/59 31/31/61 43/43/62 42/42/60
f 31/31/61 32/32/63 44/44/64 43/43/62
f 32/32/63 33/33/65 45/45/66 44/44/64
f 33/33/65 34/34/67 46/46/68 45/45/66
f 34/34/67 35/35/69 47/47/70 46/46/68
f 35/35/69 36/36/71 48/48/72 47/47/70
f 36/36/71 25/25/49 37/37/52 48/48/72
s 4
f 765/1072/73 764/1073/74 766/1074/75 767/1075/76
f 764/1073/74 768/1076/77 769/1077/78 766/1074/75
f 768/1076/77 770/1078/79 771/1079/80 769/1077/78
f 770/1078/79 772/1080/81 773/1081/82 771/1079/80
f 772/1080/81 774/1082/83 775/1083/84 773/1081/82
f 774/1084/83 776/1085/85 777/1086/86 775/1087/84
f 776/1085/85 778/1088/87 779/1089/88 777/1086/86
f 778/1088/87 780/1090/89 781/1091/90 779/1089/88
f 780/1090/89 782/1092/91 783/1093/92 781/1091/90
f 782/1092/91 784/1094/93 785/1095/94 783/1093/92
f 784/1094/93 786/1096/95 787/1097/96 785/1095/94
f 786/1096/95 765/1072/73 767/1075/76 787/1097/96
s 5
f 49/49/97 50/50/98 62/62/99 61/61/100
f 50/50/98 51/51/101 63/63/102 62/62/99
f 51/51/101 52/52/103 64/64/104 63/63/102
f 52/52/103 53/53/105 65/65/106 64/64/104
f 53/53/105 54/124/107 66/123/108 65/65/106
f 54/54/107 55/55/109 67/67/110 66/66/108
f 55/55/109 56/56/111 68/68/112 67/67/110
f 56/56/111 57/57/113 69/69/114 68/68/112
f 57/57/113 58/58/115 70/70/116 69/69/114
f 58/58/115 59/59/117 71/71/118 70/70/116
f 59/59/117 60/60/119 72/72/120 71/71/118
f 60/60/119 49/49/97 61/61/100 72/72/120
s 6
f 717/1020/121 716/1227/122 718/1022/123 719/1202/124
f 716/1227/122 720/1226/125 721/1025/126 718/1022/123
f 720/1226/125 722/1225/127 723/1027/128 721/1025/126
f 722/1225/127 724/1224/129 725/1029/130 723/1027/128
f 724/1224/129 726/1222/131 727/1031/132 725/1029/130
f 726/1223/131 728/1221/133 729/1034/134 727/1035/132
f 728/1221/133 730/1220/135 731/1037/136 729/1034/134
f 730/1220/135 732/1219/137 733/1039/138 731/1037/136
f 732/1219/137 734/1218/139 735/1041/140 733/1039/138
f 734/1218/139 736/1217/141 737/1043/142 735/1041/140
f 736/1217/141 738/1216/143 739/1045/144 737/1043/142
f 738/1216/143 717/1020/121 719/1202/124 739/1045/144
s 7
f 73/73/145 74/74/146 86/86/147 85/85/148
f 74/74/146 75/75/149 87/87/150 86/86/147
f 75/75/149 76/76/151 88/88/152 87/87/150
f 76/76/151 77/77/153 89/89/154 88/88/152
f 77/77/153 78/122/155 90/940/156 89/89/154
f 78/78/155 79/79/157 91/91/158 90/90/156
f 79/79/157 80/80/159 92/92/160 91/91/158
f 80/80/159 81/81/161 93/93/162 92/92/160
f 81/81/161 82/82/163 94/94/164 93/93/162
f 82/82/163 83/83/165 95/95/166 94/94/164
f 83/83/165 84/84/167 96/96/168 95/95/166
f 84/84/167 73/73/145 85/85/148 96/96/168
s 8
f 97/97/169 98/98/170 110/109/171 109/1254/172
f 98/98/170 99/99/173 111/110/174 110/109/171
f 99/99/173 100/100/175 112/111/176 111/110/174
f 100/100/175 101/101/177 113/112/178 112/111/176
f 101/101/177 102/102/179 114/121/180 113/112/178
f 102/941/179 103/103/181 115/114/182 114/113/180
f 103/103/181 104/104/183 116/115/184 115/114/182
f 104/104/183 105/105/185 117/116/186 116/115/184
f 105/105/185 106/106/187 118/117/188 117/116/186
f 106/106/187 107/107/189 119/118/190 118/117/188
f 107/107/189 108/108/191 120/119/192 119/118/190
f 108/108/191 97/97/169 109/1254/172 120/119/192
s 9
f 96/96/193 85/85/194 97/97/195 108/108/196
f 94/94/197 95/95/198 107/107/199 106/106/200
f 95/95/198 96/96/193 108/108/196 107/107/199
f 85/85/194 86/86/201 98/98/202 97/97/195
s off
usemtl lambert42SG lambert44SG
f 121/129/203 122/130/204 134/131/205 133/132/206
f 122/130/207 123/133/208 135/134/209 134/131/210
f 123/133/211 124/135/212 136/136/213 135/134/214
f 124/135/215 125/137/216 137/138/217 136/136/218
f 125/137/219 126/139/220 138/925/221 137/138/222
f 126/141/223 127/142/224 139/143/225 138/140/226
f 127/142/227 128/144/228 140/145/229 139/143/230
f 128/144/231 129/146/232 141/147/233 140/145/234
f 129/146/235 130/148/236 142/149/237 141/147/238
f 130/148/239 131/150/240 143/151/241 142/149/242
f 131/150/243 132/152/244 144/153/245 143/151/246
f 132/152/247 121/129/248 133/132/249 144/153/250
f 144/153/251 133/132/252 145/163/253 156/164/254
f 142/149/255 143/151/256 155/165/257 154/162/258
f 143/151/259 144/153/260 156/164/261 155/165/262
f 133/132/263 134/131/264 146/155/265 145/163/266
f 145/163/267 146/155/268 158/166/269 157/167/270
f 146/155/271 147/154/272 159/168/273 158/166/274
f 147/154/275 148/156/276 160/169/277 159/168/278
f 148/156/279 149/157/280 161/170/281 160/169/282
f 149/157/283 150/158/284 162/171/285 161/170/286
f 150/926/287 151/159/288 163/172/289 162/173/290
f 151/159/291 152/160/292 164/174/293 163/172/294
f 152/160/295 153/161/296 165/175/297 164/174/298
f 153/161/299 154/162/300 166/176/301 165/175/302
f 154/162/303 155/165/304 167/177/305 166/176/306
f 155/165/307 156/164/308 168/178/309 167/177/310
f 156/164/311 145/163/312 157/167/313 168/178/314
f 122/130/315 121/129/316 169/179/317 170/180/318
f 123/133/319 122/130/320 170/180/321 171/181/322
f 124/135/323 123/133/324 171/181/325 172/182/326
f 125/137/327 124/135/328 172/182/329 173/183/330
f 126/139/331 125/137/332 173/183/333 174/184/334
f 127/142/335 126/141/336 174/185/337 175/186/338
f 128/144/339 127/142/340 175/186/341 176/187/342
f 129/146/343 128/144/344 176/187/345 177/188/346
f 130/148/347 129/146/348 177/188/349 178/189/350
f 131/150/351 130/148/352 178/189/353 179/190/354
f 132/152/355 131/150/356 179/190/357 180/191/358
f 121/129/359 132/152/360 180/191/361 169/179/362
f 813/1124/363 812/1229/364 814/1126/365 815/1253/366
f 816/1128/367 813/1124/368 815/1253/369 817/1252/370
f 818/1130/371 816/1128/372 817/1252/373 819/1251/374
f 820/1132/375 818/1130/376 819/1251/377 821/1250/378
f 822/1134/379 820/1132/380 821/1250/381 823/1248/382
f 824/1136/383 822/1137/384 823/1249/385 825/1247/386
f 826/1140/387 824/1136/388 825/1247/389 827/1246/390
f 828/1142/391 826/1140/392 827/1246/393 829/1245/394
f 830/1144/395 828/1142/396 829/1245/397 831/1244/398
f 832/1146/399 830/1144/400 831/1244/401 833/1243/402
f 834/1148/403 832/1146/404 833/1243/405 835/1241/406
f 812/1229/407 834/1148/408 835/1241/409 814/1126/410
f 182/193/411 181/192/412 193/914/413 194/924/414
f 183/194/415 182/193/416 194/924/417 195/923/418
f 184/195/419 183/194/420 195/923/421 196/922/422
f 185/196/423 184/195/424 196/922/425 197/921/426
f 186/197/427 185/196/428 197/921/429 198/920/430
f 187/199/431 186/198/432 198/205/433 199/919/434
f 188/200/435 187/199/436 199/919/437 200/918/438
f 189/201/439 188/200/440 200/918/441 201/917/442
f 190/202/443 189/201/444 201/917/445 202/916/446
f 191/203/447 190/202/448 202/916/449 203/915/450
f 192/204/451 191/203/452 203/915/453 204/913/454
f 181/192/455 192/204/456 204/913/457 193/914/458
f 206/207/459 205/206/460 217/218/461 218/219/462
f 207/208/463 206/207/464 218/219/465 219/220/466
f 208/209/467 207/208/468 219/220/469 220/221/470
f 209/210/471 208/209/472 220/221/473 221/222/474
f 210/211/475 209/210/476 221/222/477 222/223/478
f 211/212/479 210/912/480 222/224/481 223/225/482
f 212/213/483 211/212/484 223/225/485 224/226/486
f 213/214/487 212/213/488 224/226/489 225/227/490
f 214/215/491 213/214/492 225/227/493 226/228/494
f 215/216/495 214/215/496 226/228/497 227/229/498
f 216/217/499 215/216/500 227/229/501 228/230/502
f 205/206/503 216/217/504 228/230/505 217/218/506
f 218/219/507 217/218/508 229/231/509 230/232/510
f 219/220/511 218/219/512 230/232/513 231/233/514
f 220/221/515 219/220/516 231/233/517 232/234/518
f 221/222/519 220/221/520 232/234/521 233/235/522
f 222/223/523 221/222/524 233/235/525 234/236/526
f 223/225/527 222/224/528 234/237/529 235/238/530
f 224/226/531 223/225/532 235/238/533 236/239/534
f 225/227/535 224/226/536 236/239/537 237/240/538
f 226/228/539 225/227/540 237/240/541 238/241/542
f 227/229/543 226/228/544 238/241/545 239/242/546
f 228/230/547 227/229/548 239/242/549 240/243/550
f 217/218/551 228/230/552 240/243/553 229/231/554
f 230/232/555 229/231/556 241/244/557 242/245/558
f 231/233/559 230/232/560 242/245/561 243/246/562
f 232/234/563 231/233/564 243/246/565 244/247/566
f 233/235/567 232/234/568 244/247/569 245/248/570
f 234/236/571 233/235/572 245/248/573 246/249/574
f 235/238/575 234/237/576 246/250/577 247/251/578
f 236/239/579 235/238/580 247/251/581 248/252/582
f 237/240/583 236/239/584 248/252/585 249/253/586
f 238/241/587 237/240/588 249/253/589 250/254/590
f 239/242/591 238/241/592 250/254/593 251/255/594
f 240/243/595 239/242/596 251/255/597 252/256/598
f 229/231/599 240/243/600 252/256/601 241/244/602
s 10
usemtl lambert42SG
f 253/257/603 254/258/604 268/259/605 267/260/606
f 254/258/604 255/261/607 269/262/608 268/259/605
f 255/261/607 256/263/609 270/264/610 269/262/608
f 256/263/609 257/265/611 271/266/612 270/264/610
f 257/265/611 258/267/613 272/268/614 271/266/612
f 258/267/613 259/269/615 273/270/616 272/268/614
f 259/269/615 260/271/617 274/272/618 273/270/616
f 260/271/617 261/273/619 275/274/620 274/272/618
f 261/273/619 262/275/621 276/276/622 275/274/620
f 262/275/621 263/277/623 277/278/624 276/276/622
f 263/277/623 264/279/625 278/280/626 277/278/624
f 264/279/625 265/281/627 279/282/628 278/280/626
f 265/281/627 266/283/629 280/284/630 279/282/628
f 266/283/629 253/257/603 267/260/606 280/284/630
s 11
f 267/260/631 268/259/632 282/285/633 281/286/634
f 268/259/632 269/262/635 283/287/636 282/285/633
f 269/262/635 270/264/637 284/288/638 283/287/636
f 270/264/637 271/266/639 285/289/640 284/288/638
f 271/266/639 272/268/641 286/290/642 285/289/640
f 272/268/641 273/270/643 287/291/644 286/290/642
f 273/270/643 274/272/645 288/292/646 287/291/644
f 274/272/645 275/274/647 289/293/648 288/292/646
f 275/274/647 276/276/649 290/294/650 289/293/648
f 276/276/649 277/278/651 291/295/652 290/294/650
f 277/278/651 278/280/653 292/296/654 291/295/652
f 278/280/653 279/282/655 293/297/656 292/296/654
f 279/282/655 280/284/657 294/298/658 293/297/656
f 280/284/657 267/260/631 281/286/634 294/298/658
s 12
f 281/286/659 282/285/660 295/299/661
f 282/285/660 283/287/662 295/299/661
f 283/287/662 284/288/663 295/299/661
f 284/288/663 285/289/664 295/299/661
f 285/289/664 286/290/665 295/299/661
f 286/290/665 287/291/666 295/299/661
f 287/291/666 288/292/667 295/299/661
f 288/292/667 289/293/668 295/299/661
f 289/293/668 290/294/669 295/299/661
f 290/294/669 291/295/670 295/299/661
f 291/295/670 292/296/671 295/299/661
f 292/296/671 293/297/672 295/299/661
f 293/297/672 294/298/673 295/299/661
f 294/298/673 281/286/659 295/299/661
s 13
usemtl lambert40SG lambert42SG
f 296/300/674 297/301/675 305/302/676 304/303/677
f 297/301/675 298/304/678 306/305/679 305/302/676
f 298/304/678 299/306/680 307/307/681 306/305/679
f 299/306/680 300/308/682 308/309/683 307/307/681
f 300/308/682 301/310/684 309/311/685 308/309/683
f 301/310/684 302/312/686 310/313/687 309/311/685
f 302/312/686 303/314/688 311/315/689 310/313/687
f 303/314/688 296/316/674 304/317/677 311/315/689
s 14
f 312/318/690 313/319/691 321/320/692 320/321/693
f 313/319/691 314/322/694 322/323/695 321/320/692
f 314/322/694 315/324/696 323/325/697 322/323/695
f 315/324/696 316/326/698 324/327/699 323/325/697
f 316/326/698 317/328/700 325/329/701 324/327/699
f 317/328/700 318/330/702 326/331/703 325/329/701
f 318/330/702 319/332/704 327/333/705 326/331/703
f 319/332/704 312/334/690 320/335/693 327/333/705
s 15
f 328/336/706 329/337/707 337/338/708 336/339/709
f 329/337/707 330/340/710 338/341/711 337/338/708
f 330/340/710 331/342/712 339/343/713 338/341/711
f 331/342/712 332/344/714 340/345/715 339/343/713
f 332/344/714 333/346/716 341/347/717 340/345/715
f 333/346/716 334/348/718 342/349/719 341/347/717
f 334/348/718 335/350/720 343/351/721 342/349/719
f 335/350/720 328/352/706 336/353/709 343/351/721
s 16
f 344/354/722 345/355/723 353/356/724 352/357/725
f 345/355/723 346/358/726 354/359/727 353/356/724
f 346/358/726 347/360/728 355/361/729 354/359/727
f 347/360/728 348/362/730 356/363/731 355/361/729
f 348/362/730 349/364/732 357/365/733 356/363/731
f 349/364/732 350/366/734 358/367/735 357/365/733
f 350/366/734 351/368/736 359/369/737 358/367/735
f 351/368/736 344/370/722 352/371/725 359/369/737
s 17
f 360/372/738 361/373/739 369/374/740 368/375/741
f 361/373/739 362/376/742 370/377/743 369/374/740
f 362/376/742 363/378/744 371/379/745 370/377/743
f 363/378/744 364/380/746 372/381/747 371/379/745
f 364/380/746 365/382/748 373/383/749 372/381/747
f 365/382/748 366/384/750 374/385/751 373/383/749
f 366/384/750 367/386/752 375/387/753 374/385/751
f 367/386/752 360/388/738 368/389/741 375/387/753
s 18
f 376/390/754 377/391/755 385/392/756 384/393/757
f 377/391/755 378/394/758 386/395/759 385/392/756
f 378/394/758 379/396/760 387/397/761 386/395/759
f 379/396/760 380/398/762 388/399/763 387/397/761
f 380/398/762 381/400/764 389/401/765 388/399/763
f 381/400/764 382/402/766 390/403/767 389/401/765
f 382/402/766 383/404/768 391/405/769 390/403/767
f 383/404/768 376/406/754 384/407/757 391/405/769
s 9
usemtl lambert39SG
f 86/86/201 87/87/770 99/99/771 98/98/202
f 87/87/770 88/88/772 100/100/773 99/99/771
f 88/88/772 89/89/774 101/101/775 100/100/773
f 89/89/774 90/940/776 102/102/777 101/101/775
f 90/90/776 91/91/778 103/103/779 102/941/777
f 91/91/778 92/92/780 104/104/781 103/103/779
f 92/92/780 93/93/782 105/105/783 104/104/781
f 93/93/782 94/94/197 106/106/200 105/105/783
s off
usemtl lambert42SG lambert44SG
f 134/131/784 135/134/785 147/154/786 146/155/787
f 135/134/788 136/136/789 148/156/790 147/154/791
f 136/136/792 137/138/793 149/157/794 148/156/795
f 137/138/796 138/925/797 150/158/798 149/157/799
f 138/140/800 139/143/801 151/159/802 150/926/803
f 139/143/804 140/145/805 152/160/806 151/159/807
f 140/145/808 141/147/809 153/161/810 152/160/811
f 141/147/812 142/149/813 154/162/814 153/161/815
s 19
usemtl lambert39SG lambert40SG
f 392/408/816 393/409/817 413/410/818 412/411/819
f 393/409/817 394/412/820 414/413/821 413/410/818
f 394/412/820 395/414/822 415/415/823 414/413/821
f 395/414/822 396/416/824 416/417/825 415/415/823
f 396/416/824 397/418/826 417/419/827 416/417/825
f 397/418/826 398/420/828 418/421/829 417/419/827
f 398/420/828 399/422/830 419/423/831 418/421/829
f 399/422/830 400/424/832 420/425/833 419/423/831
f 400/424/832 401/426/834 421/427/835 420/425/833
f 401/426/834 402/428/836 422/429/837 421/427/835
f 402/428/836 403/430/838 423/431/839 422/429/837
f 403/430/838 404/432/840 424/433/841 423/431/839
f 404/432/840 405/434/842 425/435/843 424/433/841
f 405/434/842 406/436/844 426/437/845 425/435/843
f 406/436/844 407/438/846 427/439/847 426/437/845
f 407/438/846 408/440/848 428/441/849 427/439/847
f 408/440/848 409/442/850 429/443/851 428/441/849
f 409/442/850 410/444/852 430/445/853 429/443/851
f 410/444/852 411/446/854 431/447/855 430/445/853
f 411/446/854 392/448/816 412/449/819 431/447/855
s 20
f 393/450/856 392/451/857 432/452/858
f 394/453/859 393/450/856 432/452/858
f 395/454/860 394/453/859 432/452/858
f 396/455/861 395/454/860 432/452/858
f 397/456/862 396/455/861 432/452/858
f 398/457/863 397/456/862 432/452/858
f 399/458/864 398/457/863 432/452/858
f 400/459/865 399/458/864 432/452/858
f 401/460/866 400/459/865 432/452/858
f 402/461/867 401/460/866 432/452/858
f 403/462/868 402/461/867 432/452/858
f 404/463/869 403/462/868 432/452/858
f 405/464/870 404/463/869 432/452/858
f 406/465/871 405/464/870 432/452/858
f 407/466/872 406/465/871 432/452/858
f 408/467/873 407/466/872 432/452/858
f 409/468/874 408/467/873 432/452/858
f 410/469/875 409/468/874 432/452/858
f 411/470/876 410/469/875 432/452/858
f 392/451/857 411/470/876 432/452/858
s 21
f 412/471/877 413/472/878 433/473/879
f 413/472/878 414/474/880 433/473/879
f 414/474/880 415/475/881 433/473/879
f 415/475/881 416/476/882 433/473/879
f 416/476/882 417/477/883 433/473/879
f 417/477/883 418/478/884 433/473/879
f 418/478/884 419/479/885 433/473/879
f 419/479/885 420/480/886 433/473/879
f 420/480/886 421/481/887 433/473/879
f 421/481/887 422/482/888 433/473/879
f 422/482/888 423/483/889 433/473/879
f 423/483/889 424/484/890 433/473/879
f 424/484/890 425/485/891 433/473/879
f 425/485/891 426/486/892 433/473/879
f 426/486/892 427/487/893 433/473/879
f 427/487/893 428/488/894 433/473/879
f 428/488/894 429/489/895 433/473/879
f 429/489/895 430/490/896 433/473/879
f 430/490/896 431/491/897 433/473/879
f 431/491/897 412/471/877 433/473/879
s 22
f 434/492/898 435/493/899 455/494/900 454/495/901
f 435/493/899 436/496/902 456/497/903 455/494/900
f 436/496/902 437/498/904 457/499/905 456/497/903
f 437/498/904 438/500/906 458/501/907 457/499/905
f 438/500/906 439/502/908 459/503/909 458/501/907
f 439/502/908 440/504/910 460/505/911 459/503/909
f 440/504/910 441/506/912 461/507/913 460/505/911
f 441/506/912 442/508/914 462/509/915 461/507/913
f 442/508/914 443/510/916 463/511/917 462/509/915
f 443/510/916 444/512/918 464/513/919 463/511/917
f 444/512/918 445/514/920 465/515/921 464/513/919
f 445/514/920 446/516/922 466/517/923 465/515/921
f 446/516/922 447/518/924 467/519/925 466/517/923
f 447/518/924 448/520/926 468/521/927 467/519/925
f 448/520/926 449/522/928 469/523/929 468/521/927
f 449/522/928 450/524/930 470/525/931 469/523/929
f 450/524/930 451/526/932 471/527/933 470/525/931
f 451/526/932 452/528/934 472/529/935 471/527/933
f 452/528/934 453/530/936 473/531/937 472/529/935
f 453/530/936 434/532/898 454/533/901 473/531/937
s 23
f 435/534/938 434/535/939 474/536/940
f 436/537/941 435/534/938 474/536/940
f 437/538/942 436/537/941 474/536/940
f 438/539/943 437/538/942 474/536/940
f 439/540/944 438/539/943 474/536/940
f 440/541/945 439/540/944 474/536/940
f 441/542/946 440/541/945 474/536/940
f 442/543/947 441/542/946 474/536/940
f 443/544/948 442/543/947 474/536/940
f 444/545/949 443/544/948 474/536/940
f 445/546/950 444/545/949 474/536/940
f 446/547/951 445/546/950 474/536/940
f 447/548/952 446/547/951 474/536/940
f 448/549/953 447/548/952 474/536/940
f 449/550/954 448/549/953 474/536/940
f 450/551/955 449/550/954 474/536/940
f 451/552/956 450/551/955 474/536/940
f 452/553/957 451/552/956 474/536/940
f 453/554/958 452/553/957 474/536/940
f 434/535/939 453/554/958 474/536/940
s 24
f 454/555/959 455/556/960 475/557/961
f 455/556/960 456/558/962 475/557/961
f 456/558/962 457/559/963 475/557/961
f 457/559/963 458/560/964 475/557/961
f 458/560/964 459/561/965 475/557/961
f 459/561/965 460/562/966 475/557/961
f 460/562/966 461/563/967 475/557/961
f 461/563/967 462/564/968 475/557/961
f 462/564/968 463/565/969 475/557/961
f 463/565/969 464/566/970 475/557/961
f 464/566/970 465/567/971 475/557/961
f 465/567/971 466/568/972 475/557/961
f 466/568/972 467/569/973 475/557/961
f 467/569/973 468/570/974 475/557/961
f 468/570/974 469/571/975 475/557/961
f 469/571/975 470/572/976 475/557/961
f 470/572/976 471/573/977 475/557/961
f 471/573/977 472/574/978 475/557/961
f 472/574/978 473/575/979 475/557/961
f 473/575/979 454/555/959 475/557/961
s 25
f 476/576/980 477/577/981 497/578/982 496/579/983
f 477/577/981 478/580/984 498/581/985 497/578/982
f 478/580/984 479/582/986 499/583/987 498/581/985
f 479/582/986 480/584/988 500/585/989 499/583/987
f 480/584/988 481/586/990 501/587/991 500/585/989
f 481/586/990 482/588/992 502/589/993 501/587/991
f 482/588/992 483/590/994 503/591/995 502/589/993
f 483/590/994 484/592/996 504/593/997 503/591/995
f 484/592/996 485/594/998 505/595/999 504/593/997
f 485/594/998 486/596/1000 506/597/1001 505/595/999
f 486/596/1000 487/598/1002 507/599/1003 506/597/1001
f 487/598/1002 488/600/1004 508/601/1005 507/599/1003
f 488/600/1004 489/602/1006 509/603/1007 508/601/1005
f 489/602/1006 490/604/1008 510/605/1009 509/603/1007
f 490/604/1008 491/606/1010 511/607/1011 510/605/1009
f 491/606/1010 492/608/1012 512/609/1013 511/607/1011
f 492/608/1012 493/610/1014 513/611/1015 512/609/1013
f 493/610/1014 494/612/1016 514/613/1017 513/611/1015
f 494/612/1016 495/614/1018 515/615/1019 514/613/1017
f 495/614/1018 476/616/980 496/617/983 515/615/1019
s 26
f 477/618/1020 476/619/1021 516/620/1022
f 478/621/1023 477/618/1020 516/620/1022
f 479/622/1024 478/621/1023 516/620/1022
f 480/623/1025 479/622/1024 516/620/1022
f 481/624/1026 480/623/1025 516/620/1022
f 482/625/1027 481/624/1026 516/620/1022
f 483/626/1028 482/625/1027 516/620/1022
f 484/627/1029 483/626/1028 516/620/1022
f 485/628/1030 484/627/1029 516/620/1022
f 486/629/1031 485/628/1030 516/620/1022
f 487/630/1032 486/629/1031 516/620/1022
f 488/631/1033 487/630/1032 516/620/1022
f 489/632/1034 488/631/1033 516/620/1022
f 490/633/1035 489/632/1034 516/620/1022
f 491/634/1036 490/633/1035 516/620/1022
f 492/635/1037 491/634/1036 516/620/1022
f 493/636/1038 492/635/1037 516/620/1022
f 494/637/1039 493/636/1038 516/620/1022
f 495/638/1040 494/637/1039 516/620/1022
f 476/619/1021 495/638/1040 516/620/1022
s 27
f 496/639/1041 497/640/1042 517/641/1043
f 497/640/1042 498/642/1044 517/641/1043
f 498/642/1044 499/643/1045 517/641/1043
f 499/643/1045 500/644/1046 517/641/1043
f 500/644/1046 501/645/1047 517/641/1043
f 501/645/1047 502/646/1048 517/641/1043
f 502/646/1048 503/647/1049 517/641/1043
f 503/647/1049 504/648/1050 517/641/1043
f 504/648/1050 505/649/1051 517/641/1043
f 505/649/1051 506/650/1052 517/641/1043
f 506/650/1052 507/651/1053 517/641/1043
f 507/651/1053 508/652/1054 517/641/1043
f 508/652/1054 509/653/1055 517/641/1043
f 509/653/1055 510/654/1056 517/641/1043
f 510/654/1056 511/655/1057 517/641/1043
f 511/655/1057 512/656/1058 517/641/1043
f 512/656/1058 513/657/1059 517/641/1043
f 513/657/1059 514/658/1060 517/641/1043
f 514/658/1060 515/659/1061 517/641/1043
f 515/659/1061 496/639/1041 517/641/1043
s 28
f 518/660/1062 519/661/1063 539/662/1064 538/663/1065
f 519/661/1063 520/664/1066 540/665/1067 539/662/1064
f 520/664/1066 521/666/1068 541/667/1069 540/665/1067
f 521/666/1068 522/668/1070 542/669/1071 541/667/1069
f 522/668/1070 523/670/1072 543/671/1073 542/669/1071
f 523/670/1072 524/672/1074 544/673/1075 543/671/1073
f 524/672/1074 525/674/1076 545/675/1077 544/673/1075
f 525/674/1076 526/676/1078 546/677/1079 545/675/1077
f 526/676/1078 527/678/1080 547/679/1081 546/677/1079
f 527/678/1080 528/680/1082 548/681/1083 547/679/1081
f 528/680/1082 529/682/1084 549/683/1085 548/681/1083
f 529/682/1084 530/684/1086 550/685/1087 549/683/1085
f 530/684/1086 531/686/1088 551/687/1089 550/685/1087
f 531/686/1088 532/688/1090 552/689/1091 551/687/1089
f 532/688/1090 533/690/1092 553/691/1093 552/689/1091
f 533/690/1092 534/692/1094 554/693/1095 553/691/1093
f 534/692/1094 535/694/1096 555/695/1097 554/693/1095
f 535/694/1096 536/696/1098 556/697/1099 555/695/1097
f 536/696/1098 537/698/1100 557/699/1101 556/697/1099
f 537/698/1100 518/700/1062 538/701/1065 557/699/1101
s 29
f 519/702/1102 518/703/1103 558/704/1104
f 520/705/1105 519/702/1102 558/704/1104
f 521/706/1106 520/705/1105 558/704/1104
f 522/707/1107 521/706/1106 558/704/1104
f 523/708/1108 522/707/1107 558/704/1104
f 524/709/1109 523/708/1108 558/704/1104
f 525/710/1110 524/709/1109 558/704/1104
f 526/711/1111 525/710/1110 558/704/1104
f 527/712/1112 526/711/1111 558/704/1104
f 528/713/1113 527/712/1112 558/704/1104
f 529/714/1114 528/713/1113 558/704/1104
f 530/715/1115 529/714/1114 558/704/1104
f 531/716/1116 530/715/1115 558/704/1104
f 532/717/1117 531/716/1116 558/704/1104
f 533/718/1118 532/717/1117 558/704/1104
f 534/719/1119 533/718/1118 558/704/1104
f 535/720/1120 534/719/1119 558/704/1104
f 536/721/1121 535/720/1120 558/704/1104
f 537/722/1122 536/721/1121 558/704/1104
f 518/703/1103 537/722/1122 558/704/1104
s 30
f 538/723/1123 539/724/1124 559/725/1125
f 539/724/1124 540/726/1126 559/725/1125
f 540/726/1126 541/727/1127 559/725/1125
f 541/727/1127 542/728/1128 559/725/1125
f 542/728/1128 543/729/1129 559/725/1125
f 543/729/1129 544/730/1130 559/725/1125
f 544/730/1130 545/731/1131 559/725/1125
f 545/731/1131 546/732/1132 559/725/1125
f 546/732/1132 547/733/1133 559/725/1125
f 547/733/1133 548/734/1134 559/725/1125
f 548/734/1134 549/735/1135 559/725/1125
f 549/735/1135 550/736/1136 559/725/1125
f 550/736/1136 551/737/1137 559/725/1125
f 551/737/1137 552/738/1138 559/725/1125
f 552/738/1138 553/739/1139 559/725/1125
f 553/739/1139 554/740/1140 559/725/1125
f 554/740/1140 555/741/1141 559/725/1125
f 555/741/1141 556/742/1142 559/725/1125
f 556/742/1142 557/743/1143 559/725/1125
f 557/743/1143 538/723/1123 559/725/1125
s 31
f 560/744/1144 561/745/1145 581/746/1146 580/747/1147
f 561/745/1145 562/748/1148 582/749/1149 581/746/1146
f 562/748/1148 563/750/1150 583/751/1151 582/749/1149
f 563/750/1150 564/752/1152 584/753/1153 583/751/1151
f 564/752/1152 565/754/1154 585/755/1155 584/753/1153
f 565/754/1154 566/756/1156 586/757/1157 585/755/1155
f 566/756/1156 567/758/1158 587/759/1159 586/757/1157
f 567/758/1158 568/760/1160 588/761/1161 587/759/1159
f 568/760/1160 569/762/1162 589/763/1163 588/761/1161
f 569/762/1162 570/764/1164 590/765/1165 589/763/1163
f 570/764/1164 571/766/1166 591/767/1167 590/765/1165
f 571/766/1166 572/768/1168 592/769/1169 591/767/1167
f 572/768/1168 573/770/1170 593/771/1171 592/769/1169
f 573/770/1170 574/772/1172 594/773/1173 593/771/1171
f 574/772/1172 575/774/1174 595/775/1175 594/773/1173
f 575/774/1174 576/776/1176 596/777/1177 595/775/1175
f 576/776/1176 577/778/1178 597/779/1179 596/777/1177
f 577/778/1178 578/780/1180 598/781/1181 597/779/1179
f 578/780/1180 579/782/1182 599/783/1183 598/781/1181
f 579/782/1182 560/784/1144 580/785/1147 599/783/1183
s 32
f 561/786/1184 560/787/1185 600/788/1186
f 562/789/1187 561/786/1184 600/788/1186
f 563/790/1188 562/789/1187 600/788/1186
f 564/791/1189 563/790/1188 600/788/1186
f 565/792/1190 564/791/1189 600/788/1186
f 566/793/1191 565/792/1190 600/788/1186
f 567/794/1192 566/793/1191 600/788/1186
f 568/795/1193 567/794/1192 600/788/1186
f 569/796/1194 568/795/1193 600/788/1186
f 570/797/1195 569/796/1194 600/788/1186
f 571/798/1196 570/797/1195 600/788/1186
f 572/799/1197 571/798/1196 600/788/1186
f 573/800/1198 572/799/1197 600/788/1186
f 574/801/1199 573/800/1198 600/788/1186
f 575/802/1200 574/801/1199 600/788/1186
f 576/803/1201 575/802/1200 600/788/1186
f 577/804/1202 576/803/1201 600/788/1186
f 578/805/1203 577/804/1202 600/788/1186
f 579/806/1204 578/805/1203 600/788/1186
f 560/787/1185 579/806/1204 600/788/1186
s 33
f 580/807/1205 581/808/1206 601/809/1207
f 581/808/1206 582/810/1208 601/809/1207
f 582/810/1208 583/811/1209 601/809/1207
f 583/811/1209 584/812/1210 601/809/1207
f 584/812/1210 585/813/1211 601/809/1207
f 585/813/1211 586/814/1212 601/809/1207
f 586/814/1212 587/815/1213 601/809/1207
f 587/815/1213 588/816/1214 601/809/1207
f 588/816/1214 589/817/1215 601/809/1207
f 589/817/1215 590/818/1216 601/809/1207
f 590/818/1216 591/819/1217 601/809/1207
f 591/819/1217 592/820/1218 601/809/1207
f 592/820/1218 593/821/1219 601/809/1207
f 593/821/1219 594/822/1220 601/809/1207
f 594/822/1220 595/823/1221 601/809/1207
f 595/823/1221 596/824/1222 601/809/1207
f 596/824/1222 597/825/1223 601/809/1207
f 597/825/1223 598/826/1224 601/809/1207
f 598/826/1224 599/827/1225 601/809/1207
f 599/827/1225 580/807/1205 601/809/1207
s 34
f 602/828/1226 603/829/1227 623/830/1228 622/831/1229
f 603/829/1227 604/832/1230 624/833/1231 623/830/1228
f 604/832/1230 605/834/1232 625/835/1233 624/833/1231
f 605/834/1232 606/836/1234 626/837/1235 625/835/1233
f 606/836/1234 607/838/1236 627/839/1237 626/837/1235
f 607/838/1236 608/840/1238 628/841/1239 627/839/1237
f 608/840/1238 609/842/1240 629/843/1241 628/841/1239
f 609/842/1240 610/844/1242 630/845/1243 629/843/1241
f 610/844/1242 611/846/1244 631/847/1245 630/845/1243
f 611/846/1244 612/848/1246 632/849/1247 631/847/1245
f 612/848/1246 613/850/1248 633/851/1249 632/849/1247
f 613/850/1248 614/852/1250 634/853/1251 633/851/1249
f 614/852/1250 615/854/1252 635/855/1253 634/853/1251
f 615/854/1252 616/856/1254 636/857/1255 635/855/1253
f 616/856/1254 617/858/1256 637/859/1257 636/857/1255
f 617/858/1256 618/860/1258 638/861/1259 637/859/1257
f 618/860/1258 619/862/1260 639/863/1261 638/861/1259
f 619/862/1260 620/864/1262 640/865/1263 639/863/1261
f 620/864/1262 621/866/1264 641/867/1265 640/865/1263
f 621/866/1264 602/868/1226 622/869/1229 641/867/1265
s 35
f 603/870/1266 602/871/1267 642/872/1268
f 604/873/1269 603/870/1266 642/872/1268
f 605/874/1270 604/873/1269 642/872/1268
f 606/875/1271 605/874/1270 642/872/1268
f 607/876/1272 606/875/1271 642/872/1268
f 608/877/1273 607/876/1272 642/872/1268
f 609/878/1274 608/877/1273 642/872/1268
f 610/879/1275 609/878/1274 642/872/1268
f 611/880/1276 610/879/1275 642/872/1268
f 612/881/1277 611/880/1276 642/872/1268
f 613/882/1278 612/881/1277 642/872/1268
f 614/883/1279 613/882/1278 642/872/1268
f 615/884/1280 614/883/1279 642/872/1268
f 616/885/1281 615/884/1280 642/872/1268
f 617/886/1282 616/885/1281 642/872/1268
f 618/887/1283 617/886/1282 642/872/1268
f 619/888/1284 618/887/1283 642/872/1268
f 620/889/1285 619/888/1284 642/872/1268
f 621/890/1286 620/889/1285 642/872/1268
f 602/871/1267 621/890/1286 642/872/1268
s 36
f 622/891/1287 623/892/1288 643/893/1289
f 623/892/1288 624/894/1290 643/893/1289
f 624/894/1290 625/895/1291 643/893/1289
f 625/895/1291 626/896/1292 643/893/1289
f 626/896/1292 627/897/1293 643/893/1289
f 627/897/1293 628/898/1294 643/893/1289
f 628/898/1294 629/899/1295 643/893/1289
f 629/899/1295 630/900/1296 643/893/1289
f 630/900/1296 631/901/1297 643/893/1289
f 631/901/1297 632/902/1298 643/893/1289
f 632/902/1298 633/903/1299 643/893/1289
f 633/903/1299 634/904/1300 643/893/1289
f 634/904/1300 635/905/1301 643/893/1289
f 635/905/1301 636/906/1302 643/893/1289
f 636/906/1302 637/907/1303 643/893/1289
f 637/907/1303 638/908/1304 643/893/1289
f 638/908/1304 639/909/1305 643/893/1289
f 639/909/1305 640/910/1306 643/893/1289
f 640/910/1306 641/911/1307 643/893/1289
f 641/911/1307 622/891/1287 643/893/1289
s 37
usemtl lambert39SG
f 13/13/1308 14/14/1309 644/943/1310 645/942/1311
s 38
f 26/939/1312 25/927/1313 647/945/1314 646/944/1315
s 37
f 14/14/1309 15/15/1316 648/946/1317 644/943/1310
s 38
f 27/938/1318 26/939/1312 646/944/1315 649/947/1319
s 37
f 15/15/1316 16/16/1320 650/948/1321 648/946/1317
s 38
f 28/937/1322 27/938/1318 649/947/1319 651/949/1323
s 37
f 16/16/1320 17/17/1324 652/950/1325 650/948/1321
s 38
f 29/936/1326 28/937/1322 651/949/1323 653/951/1327
s 37
f 17/17/1324 18/127/1328 654/952/1329 652/950/1325
s 38
f 30/126/1330 29/936/1326 653/951/1327 655/953/1331
s 37
f 18/18/1328 19/19/1332 656/955/1333 654/954/1329
s 38
f 31/933/1334 30/934/1330 655/957/1331 657/956/1335
s 37
f 19/19/1332 20/20/1336 658/958/1337 656/955/1333
s 38
f 32/932/1338 31/933/1334 657/956/1335 659/959/1339
s 37
f 20/20/1336 21/21/1340 660/960/1341 658/958/1337
s 38
f 33/931/1342 32/932/1338 659/959/1339 661/961/1343
s 37
f 21/21/1340 22/22/1344 662/962/1345 660/960/1341
s 38
f 34/930/1346 33/931/1342 661/961/1343 663/963/1347
s 37
f 22/22/1344 23/23/1348 664/964/1349 662/962/1345
s 38
f 35/929/1350 34/930/1346 663/963/1347 665/965/1351
s 37
f 23/23/1348 24/24/1352 666/966/1353 664/964/1349
s 38
f 36/928/1354 35/929/1350 665/965/1351 667/967/1355
s 37
f 24/24/1352 13/13/1308 645/942/1311 666/966/1353
s 38
f 25/927/1313 36/928/1354 667/967/1355 647/945/1314
s off
f 645/942/1356 644/943/1357 668/969/1358 669/1150/1359
f 646/944/1360 647/945/1361 671/971/1362 670/1175/1363
f 644/943/1364 648/946/1365 672/972/1366 668/969/1367
f 649/947/1368 646/944/1369 670/1175/1370 673/1174/1371
f 648/946/1372 650/948/1373 674/974/1374 672/972/1375
f 651/949/1376 649/947/1377 673/1174/1378 675/1173/1379
f 650/948/1380 652/950/1381 676/976/1382 674/974/1383
f 653/951/1384 651/949/1385 675/1173/1386 677/1172/1387
f 652/950/1388 654/952/1389 678/978/1390 676/976/1391
f 655/953/1392 653/951/1393 677/1172/1394 679/1170/1395
f 654/954/1396 656/955/1397 680/981/1398 678/980/1399
f 657/956/1400 655/957/1401 679/1171/1402 681/1169/1403
f 656/955/1404 658/958/1405 682/984/1406 680/981/1407
f 659/959/1408 657/956/1409 681/1169/1410 683/1168/1411
f 658/958/1412 660/960/1413 684/986/1414 682/984/1415
f 661/961/1416 659/959/1417 683/1168/1418 685/1167/1419
f 660/960/1420 662/962/1421 686/988/1422 684/986/1423
f 663/963/1424 661/961/1425 685/1167/1426 687/1166/1427
f 662/962/1428 664/964/1429 688/990/1430 686/988/1431
f 665/965/1432 663/963/1433 687/1166/1434 689/1165/1435
f 664/964/1436 666/966/1437 690/992/1438 688/990/1439
f 667/967/1440 665/965/1441 689/1165/1442 691/1164/1443
f 666/966/1444 645/942/1445 669/1150/1446 690/992/1447
f 647/945/1448 667/967/1449 691/1164/1450 671/971/1451
s 39
f 61/61/1452 62/62/1453 692/995/1454 693/994/1455
s 40
f 74/74/1456 73/73/1457 695/997/1458 694/996/1459
s 39
f 62/62/1453 63/63/1460 696/998/1461 692/995/1454
s 40
f 75/75/1462 74/74/1456 694/996/1459 697/999/1463
s 39
f 63/63/1460 64/64/1464 698/1000/1465 696/998/1461
s 40
f 76/76/1466 75/75/1462 697/999/1463 699/1001/1467
s 39
f 64/64/1464 65/65/1468 700/1002/1469 698/1000/1465
s 40
f 77/77/1470 76/76/1466 699/1001/1467 701/1003/1471
s 39
f 65/65/1468 66/123/1472 702/1004/1473 700/1002/1469
s 40
f 78/122/1474 77/77/1470 701/1003/1471 703/1005/1475
s 39
f 66/66/1472 67/67/1476 704/1007/1477 702/1006/1473
s 40
f 79/79/1478 78/78/1474 703/1009/1475 705/1008/1479
s 39
f 67/67/1476 68/68/1480 706/1010/1481 704/1007/1477
s 40
f 80/80/1482 79/79/1478 705/1008/1479 707/1011/1483
s 39
f 68/68/1480 69/69/1484 708/1012/1485 706/1010/1481
s 40
f 81/81/1486 80/80/1482 707/1011/1483 709/1013/1487
s 39
f 69/69/1484 70/70/1488 710/1014/1489 708/1012/1485
s 40
f 82/82/1490 81/81/1486 709/1013/1487 711/1015/1491
s 39
f 70/70/1488 71/71/1492 712/1016/1493 710/1014/1489
s 40
f 83/83/1494 82/82/1490 711/1015/1491 713/1017/1495
s 39
f 71/71/1492 72/72/1496 714/1018/1497 712/1016/1493
s 40
f 84/84/1498 83/83/1494 713/1017/1495 715/1019/1499
s 39
f 72/72/1496 61/61/1452 693/994/1455 714/1018/1497
s 40
f 73/73/1457 84/84/1498 715/1019/1499 695/997/1458
s 41
f 693/994/1500 692/995/1501 716/1021/1502 717/1215/1503
s 42
f 694/996/1504 695/997/1505 719/1023/1506 718/1214/1507
s 41
f 692/995/1501 696/998/1508 720/1024/1509 716/1021/1502
s 42
f 697/999/1510 694/996/1504 718/1214/1507 721/1213/1511
s 41
f 696/998/1508 698/1000/1512 722/1026/1513 720/1024/1509
s 42
f 699/1001/1514 697/999/1510 721/1213/1511 723/1212/1515
s 41
f 698/1000/1512 700/1002/1516 724/1028/1517 722/1026/1513
s 42
f 701/1003/1518 699/1001/1514 723/1212/1515 725/1211/1519
s 41
f 700/1002/1516 702/1004/1520 726/1030/1521 724/1028/1517
s 42
f 703/1005/1522 701/1003/1518 725/1211/1519 727/1209/1523
s 41
f 702/1006/1520 704/1007/1524 728/1033/1525 726/1032/1521
s 42
f 705/1008/1526 703/1009/1522 727/1210/1523 729/1208/1527
s 41
f 704/1007/1524 706/1010/1528 730/1036/1529 728/1033/1525
s 42
f 707/1011/1530 705/1008/1526 729/1208/1527 731/1207/1531
s 41
f 706/1010/1528 708/1012/1532 732/1038/1533 730/1036/1529
s 42
f 709/1013/1534 707/1011/1530 731/1207/1531 733/1206/1535
s 41
f 708/1012/1532 710/1014/1536 734/1040/1537 732/1038/1533
s 42
f 711/1015/1538 709/1013/1534 733/1206/1535 735/1205/1539
s 41
f 710/1014/1536 712/1016/1540 736/1042/1541 734/1040/1537
s 42
f 713/1017/1542 711/1015/1538 735/1205/1539 737/1204/1543
s 41
f 712/1016/1540 714/1018/1544 738/1044/1545 736/1042/1541
s 42
f 715/1019/1546 713/1017/1542 737/1204/1543 739/1203/1547
s 41
f 714/1018/1544 693/994/1500 717/1215/1503 738/1044/1545
s 42
f 695/997/1505 715/1019/1546 739/1203/1547 719/1023/1506
s 43
f 37/37/1548 38/38/1549 740/1201/1550 741/1189/1551
s 44
f 50/50/1552 49/49/1553 743/1176/1554 742/1188/1555
s 43
f 38/38/1549 39/39/1556 744/1200/1557 740/1201/1550
s 44
f 51/51/1558 50/50/1552 742/1188/1555 745/1187/1559
s 43
f 39/39/1556 40/40/1560 746/1199/1561 744/1200/1557
s 44
f 52/52/1562 51/51/1558 745/1187/1559 747/1186/1563
s 43
f 40/40/1560 41/41/1564 748/1198/1565 746/1199/1561
s 44
f 53/53/1566 52/52/1562 747/1186/1563 749/1185/1567
s 43
f 41/41/1564 42/125/1568 750/1056/1569 748/1198/1565
s 44
f 54/124/1570 53/53/1566 749/1185/1567 751/1183/1571
s 43
f 42/42/1568 43/43/1572 752/1195/1573 750/1196/1569
s 44
f 55/55/1574 54/54/1570 751/1061/1571 753/1182/1575
s 43
f 43/43/1572 44/44/1576 754/1194/1577 752/1195/1573
s 44
f 56/56/1578 55/55/1574 753/1182/1575 755/1181/1579
s 43
f 44/44/1576 45/45/1580 756/1193/1581 754/1194/1577
s 44
f 57/57/1582 56/56/1578 755/1181/1579 757/1180/1583
s 43
f 45/45/1580 46/46/1584 758/1192/1585 756/1193/1581
s 44
f 58/58/1586 57/57/1582 757/1180/1583 759/1179/1587
s 43
f 46/46/1584 47/47/1588 760/1191/1589 758/1192/1585
s 44
f 59/59/1590 58/58/1586 759/1179/1587 761/1178/1591
s 43
f 47/47/1588 48/48/1592 762/1190/1593 760/1191/1589
s 44
f 60/60/1594 59/59/1590 761/1178/1591 763/1177/1595
s 43
f 48/48/1592 37/37/1548 741/1189/1551 762/1190/1593
s 44
f 49/49/1553 60/60/1594 763/1177/1595 743/1176/1554
s 45
f 741/1046/1596 740/1047/1597 764/1073/1598 765/1072/1599
s 46
f 742/1048/1600 743/1049/1601 767/1075/1602 766/1074/1603
s 45
f 740/1047/1597 744/1050/1604 768/1076/1605 764/1073/1598
s 46
f 745/1051/1606 742/1048/1600 766/1074/1603 769/1077/1607
s 45
f 744/1050/1604 746/1052/1608 770/1078/1609 768/1076/1605
s 46
f 747/1053/1610 745/1051/1606 769/1077/1607 771/1079/1611
s 45
f 746/1052/1608 748/1054/1612 772/1080/1613 770/1078/1609
s 46
f 749/1055/1614 747/1053/1610 771/1079/1611 773/1081/1615
s 45
f 748/1054/1612 750/1197/1616 774/1082/1617 772/1080/1613
s 46
f 751/1057/1618 749/1055/1614 773/1081/1615 775/1083/1619
s 45
f 750/1058/1616 752/1059/1620 776/1085/1621 774/1084/1617
s 46
f 753/1060/1622 751/1184/1618 775/1087/1619 777/1086/1623
s 45
f 752/1059/1620 754/1062/1624 778/1088/1625 776/1085/1621
s 46
f 755/1063/1626 753/1060/1622 777/1086/1623 779/1089/1627
s 45
f 754/1062/1624 756/1064/1628 780/1090/1629 778/1088/1625
s 46
f 757/1065/1630 755/1063/1626 779/1089/1627 781/1091/1631
s 45
f 756/1064/1628 758/1066/1632 782/1092/1633 780/1090/1629
s 46
f 759/1067/1634 757/1065/1630 781/1091/1631 783/1093/1635
s 45
f 758/1066/1632 760/1068/1636 784/1094/1637 782/1092/1633
s 46
f 761/1069/1638 759/1067/1634 783/1093/1635 785/1095/1639
s 45
f 760/1068/1636 762/1070/1640 786/1096/1641 784/1094/1637
s 46
f 763/1071/1642 761/1069/1638 785/1095/1639 787/1097/1643
s 45
f 762/1070/1640 741/1046/1596 765/1072/1599 786/1096/1641
s 46
f 743/1049/1601 763/1071/1642 787/1097/1643 767/1075/1602
s off
usemtl lambert42SG lambert44SG
f 170/180/1644 169/179/1645 788/1099/1646 789/1098/1647
f 181/192/1648 182/193/1649 791/1101/1650 790/1100/1651
f 171/181/1652 170/180/1653 789/1098/1654 792/1102/1655
f 182/193/1656 183/194/1657 793/1103/1658 791/1101/1659
f 172/182/1660 171/181/1661 792/1102/1662 794/1104/1663
f 183/194/1664 184/195/1665 795/1105/1666 793/1103/1667
f 173/183/1668 172/182/1669 794/1104/1670 796/1106/1671
f 184/195/1672 185/196/1673 797/1107/1674 795/1105/1675
f 174/184/1676 173/183/1677 796/1106/1678 798/1108/1679
f 185/196/1680 186/197/1681 799/1109/1682 797/1107/1683
f 175/186/1684 174/185/1685 798/1111/1686 800/1110/1687
f 186/198/1688 187/199/1689 801/1113/1690 799/1112/1691
f 176/187/1692 175/186/1693 800/1110/1694 802/1114/1695
f 187/199/1696 188/200/1697 803/1115/1698 801/1113/1699
f 177/188/1700 176/187/1701 802/1114/1702 804/1116/1703
f 188/200/1704 189/201/1705 805/1117/1706 803/1115/1707
f 178/189/1708 177/188/1709 804/1116/1710 806/1118/1711
f 189/201/1712 190/202/1713 807/1119/1714 805/1117/1715
f 179/190/1716 178/189/1717 806/1118/1718 808/1120/1719
f 190/202/1720 191/203/1721 809/1121/1722 807/1119/1723
f 180/191/1724 179/190/1725 808/1120/1726 810/1122/1727
f 191/203/1728 192/204/1729 811/1123/1730 809/1121/1731
f 169/179/1732 180/191/1733 810/1122/1734 788/1099/1735
f 192/204/1736 181/192/1737 790/1100/1738 811/1123/1739
s 47
f 789/1098/1740 788/1099/1741 812/1125/1742 813/1240/1743
s 48
f 790/1100/1744 791/1101/1745 815/1127/1746 814/1242/1747
s 47
f 792/1102/1748 789/1098/1740 813/1240/1743 816/1239/1749
s 48
f 791/1101/1745 793/1103/1750 817/1129/1751 815/1127/1746
s 47
f 794/1104/1752 792/1102/1748 816/1239/1749 818/1238/1753
s 48
f 793/1103/1750 795/1105/1754 819/1131/1755 817/1129/1751
s 47
f 796/1106/1756 794/1104/1752 818/1238/1753 820/1237/1757
s 48
f 795/1105/1754 797/1107/1758 821/1133/1759 819/1131/1755
s 47
f 798/1108/1760 796/1106/1756 820/1237/1757 822/1235/1761
s 48
f 797/1107/1758 799/1109/1762 823/1135/1763 821/1133/1759
s 47
f 800/1110/1764 798/1111/1760 822/1236/1761 824/1234/1765
s 48
f 799/1112/1762 801/1113/1766 825/1139/1767 823/1138/1763
s 47
f 802/1114/1768 800/1110/1764 824/1234/1765 826/1233/1769
s 48
f 801/1113/1766 803/1115/1770 827/1141/1771 825/1139/1767
s 47
f 804/1116/1772 802/1114/1768 826/1233/1769 828/1232/1773
s 48
f 803/1115/1770 805/1117/1774 829/1143/1775 827/1141/1771
s 47
f 806/1118/1776 804/1116/1772 828/1232/1773 830/1231/1777
s 48
f 805/1117/1774 807/1119/1778 831/1145/1779 829/1143/1775
s 47
f 808/1120/1780 806/1118/1776 830/1231/1777 832/1230/1781
s 48
f 807/1119/1778 809/1121/1782 833/1147/1783 831/1145/1779
s 47
f 810/1122/1784 808/1120/1780 832/1230/1781 834/1228/1785
s 48
f 809/1121/1782 811/1123/1786 835/1149/1787 833/1147/1783
s 47
f 788/1099/1741 810/1122/1784 834/1228/1785 812/1125/1742
s 48
f 811/1123/1786 790/1100/1744 814/1242/1747 835/1149/1787
s off
usemtl lambert44SG
f 109/120/1788 110/1265/1789 111/1264/1790 112/1263/1791 113/1262/1792 114/1261/1793 115/1260/1794 116/1259/1795 117/1258/1796 118/1257/1797 119/1256/1798 120/1255/1799
g default
v -8.731077 1.192500 9.262952
v -8.862000 1.192500 9.006005
v -9.065937 1.192500 8.802070
v -9.322883 1.192500 8.671145
v -9.607729 1.192500 8.626037
v -9.892575 1.192500 8.671147
v -10.149521 1.192500 8.802070
v -10.353457 1.192500 9.006005
v -10.484380 1.192500 9.262952
v -10.529490 1.192500 9.547797
v -10.484380 1.192500 9.832644
v -10.353457 1.192500 10.089589
v -10.149521 1.192500 10.293527
v -9.892575 1.192500 10.424449
v -9.607729 1.192500 10.469558
v -9.322883 1.192500 10.424449
v -9.065937 1.192500 10.293527
v -8.862000 1.192500 10.089589
v -8.731078 1.192500 9.832644
v -8.685968 1.192500 9.547797
v -8.731077 5.900768 9.262952
v -8.862000 5.900768 9.006005
v -9.065937 5.900768 8.802070
v -9.322883 5.900768 8.671145
v -9.607729 5.900768 8.626037
v -9.892575 5.900768 8.671148
v -10.149521 5.900768 8.802070
v -10.353457 5.900768 9.006005
v -10.484380 5.900768 9.262952
v -10.529490 5.900768 9.547797
v -10.484380 5.900768 9.832644
v -10.353457 5.900768 10.089589
v -10.149521 5.900768 10.293527
v -9.892575 5.900768 10.424449
v -9.607729 5.900768 10.469558
v -9.322883 5.900768 10.424449
v -9.065937 5.900768 10.293527
v -8.862000 5.900768 10.089589
v -8.731078 5.900768 9.832644
v -8.685968 5.900768 9.547797
v -8.731077 5.407248 9.262952
v -8.862000 5.407248 9.006005
v -9.065937 5.407248 8.802070
v -9.322883 5.407248 8.671145
v -9.607729 5.407248 8.626037
v -9.892575 5.407248 8.671148
v -10.149521 5.407248 8.802070
v -10.353457 5.407248 9.006005
v -10.484379 5.407248 9.262952
v -10.529490 5.407248 9.547797
v -10.484379 5.407248 9.832644
v -10.353457 5.407248 10.089589
v -10.149521 5.407248 10.293527
v -9.892575 5.407248 10.424449
v -9.607729 5.407248 10.469558
v -9.322883 5.407248 10.424449
v -9.065937 5.407248 10.293527
v -8.862000 5.407248 10.089589
v -8.731078 5.407248 9.832644
v -8.685968 5.407248 9.547797
v -8.605898 5.407248 9.222280
v -8.755518 5.407248 8.928640
v -8.755518 5.900768 8.928640
v -8.605898 5.900768 9.222280
v -8.988572 5.407248 8.695586
v -8.988572 5.900768 8.695586
v -9.282210 5.407248 8.545966
v -9.282210 5.900768 8.545966
v -9.607729 5.407248 8.494416
v -9.607729 5.900768 8.494416
v -9.933248 5.407248 8.545968
v -9.933248 5.900768 8.545968
v -10.226886 5.407248 8.695587
v -10.226886 5.900768 8.695587
v -10.459940 5.407248 8.928640
v -10.459940 5.900768 8.928640
v -10.609558 5.407248 9.222280
v -10.609558 5.900768 9.222280
v -10.661110 5.407247 9.547797
v -10.661110 5.900768 9.547797
v -10.609557 5.407248 9.873317
v -10.609558 5.900768 9.873317
v -10.459940 5.407248 10.166954
v -10.459940 5.900768 10.166954
v -10.226886 5.407248 10.400009
v -10.226886 5.900768 10.400009
v -9.933247 5.407248 10.549627
v -9.933247 5.900768 10.549627
v -9.607729 5.407248 10.601178
v -9.607729 5.900768 10.601178
v -9.282211 5.407248 10.549628
v -9.282211 5.900768 10.549628
v -8.988572 5.407248 10.400009
v -8.988572 5.900768 10.400009
v -8.755518 5.407248 10.166954
v -8.755518 5.900768 10.166954
v -8.605899 5.407248 9.873317
v -8.605899 5.900768 9.873317
v -8.554348 5.407248 9.547797
v -8.554348 5.900768 9.547797
vt 0.723232 0.755693
vt 0.735431 0.755733
vt 0.747618 0.755766
vt 0.759815 0.755782
vt 0.772027 0.755784
vt 0.784252 0.755773
vt 0.796486 0.755753
vt 0.808729 0.755725
vt 0.820976 0.755690
vt 0.833228 0.755648
vt 0.845482 0.755600
vt 0.857736 0.755546
vt 0.869991 0.755486
vt 0.882242 0.755420
vt 0.894491 0.755348
vt 0.906734 0.755270
vt 0.918969 0.755187
vt 0.931195 0.755096
vt 0.943406 0.754996
vt 0.955603 0.754884
vt 0.967786 0.754756
vt 0.970435 0.966545
vt 0.721146 0.967334
vt 0.733705 0.966199
vt 0.746424 0.965902
vt 0.759021 0.965781
vt 0.771523 0.965713
vt 0.783982 0.965668
vt 0.796428 0.965632
vt 0.808879 0.965598
vt 0.821336 0.965561
vt 0.833801 0.965519
vt 0.846271 0.965469
vt 0.858742 0.965410
vt 0.871212 0.965343
vt 0.883676 0.965267
vt 0.896131 0.965183
vt 0.908578 0.965092
vt 0.921017 0.965000
vt 0.933464 0.964920
vt 0.945933 0.964907
vt 0.958392 0.965160
vt 0.970790 0.933041
vt 0.721606 0.933990
vt 0.733863 0.934353
vt 0.746284 0.934286
vt 0.758762 0.934156
vt 0.771258 0.934040
vt 0.783755 0.933949
vt 0.796247 0.933877
vt 0.808735 0.933816
vt 0.821216 0.933762
vt 0.833693 0.933708
vt 0.846169 0.933654
vt 0.858642 0.933596
vt 0.871118 0.933537
vt 0.883595 0.933477
vt 0.896077 0.933422
vt 0.908564 0.933376
vt 0.921055 0.933350
vt 0.933550 0.933351
vt 0.946035 0.933379
vt 0.958477 0.933375
vt 0.719934 0.939578
vt 0.733218 0.939893
vt 0.733218 0.960718
vt 0.719486 0.961727
vt 0.746058 0.939747
vt 0.746248 0.960435
vt 0.758679 0.939592
vt 0.758949 0.960310
vt 0.771221 0.939479
vt 0.771498 0.960239
vt 0.783729 0.939397
vt 0.783984 0.960191
vt 0.796222 0.939335
vt 0.796446 0.960154
vt 0.808706 0.939282
vt 0.808905 0.960120
vt 0.821184 0.939233
vt 0.821366 0.960082
vt 0.833659 0.939182
vt 0.833831 0.960039
vt 0.846133 0.939129
vt 0.846300 0.959989
vt 0.858605 0.939072
vt 0.858769 0.959931
vt 0.871078 0.939010
vt 0.871237 0.959864
vt 0.883552 0.938946
vt 0.883700 0.959789
vt 0.896029 0.938883
vt 0.896158 0.959706
vt 0.908512 0.938826
vt 0.908613 0.959617
vt 0.921006 0.938784
vt 0.921074 0.959528
vt 0.933530 0.938772
vt 0.933571 0.959455
vt 0.946130 0.938818
vt 0.946168 0.959459
vt 0.958968 0.938956
vt 0.959004 0.959760
vt 0.972602 0.938890
vt 0.972174 0.961110
vn 0.951059 0.000000 -0.309008
vn 0.809011 0.000000 -0.587794
vn 0.809011 0.000000 -0.587794
vn 0.951059 0.000000 -0.309008
vn 0.587796 0.000000 -0.809009
vn 0.587796 0.000000 -0.809009
vn 0.309008 0.000000 -0.951060
vn 0.309008 0.000000 -0.951060
vn -0.000003 0.000000 -1.000000
vn -0.000003 0.000000 -1.000000
vn -0.309009 0.000000 -0.951059
vn -0.309009 0.000000 -0.951059
vn -0.587794 0.000000 -0.809011
vn -0.587794 0.000000 -0.809011
vn -0.809012 0.000000 -0.587793
vn -0.809012 0.000000 -0.587793
vn -0.951060 0.000000 -0.309008
vn -0.951059 0.000000 -0.309008
vn -1.000000 0.000000 0.000001
vn -1.000000 0.000000 0.000001
vn -0.951059 -0.000001 0.309009
vn -0.951059 -0.000001 0.309009
vn -0.809012 -0.000001 0.587792
vn -0.809012 -0.000001 0.587792
vn -0.587794 0.000000 0.809010
vn -0.587794 0.000000 0.809010
vn -0.309006 0.000000 0.951060
vn -0.309006 0.000000 0.951060
vn -0.000001 0.000000 1.000000
vn -0.000001 0.000000 1.000000
vn 0.309006 0.000000 0.951060
vn 0.309006 0.000000 0.951060
vn 0.587795 0.000000 0.809010
vn 0.587795 0.000000 0.809010
vn 0.809011 0.000000 0.587794
vn 0.809011 0.000000 0.587794
vn 0.951059 0.000000 0.309009
vn 0.951059 0.000000 0.309009
vn 1.000000 0.000000 0.000001
vn 1.000000 0.000000 0.000001
vn 0.951060 0.000000 -0.309006
vn 0.809010 0.000000 -0.587795
vn 0.809010 0.000000 -0.587795
vn 0.951060 0.000000 -0.309006
vn 0.587796 0.000000 -0.809009
vn 0.587796 0.000000 -0.809009
vn 0.309007 0.000000 -0.951060
vn 0.309007 0.000000 -0.951060
vn -0.000005 0.000000 -1.000000
vn -0.000005 0.000000 -1.000000
vn -0.309007 0.000000 -0.951060
vn -0.309007 0.000000 -0.951060
vn -0.587793 0.000000 -0.809011
vn -0.587793 0.000000 -0.809011
vn -0.809011 0.000000 -0.587794
vn -0.809011 0.000000 -0.587794
vn -0.951060 0.000000 -0.309006
vn -0.951060 0.000000 -0.309006
vn -1.000000 0.000000 -0.000000
vn -1.000000 0.000000 -0.000000
vn -0.951060 0.000000 0.309006
vn -0.951060 0.000000 0.309006
vn -0.809011 0.000000 0.587794
vn -0.809011 0.000000 0.587794
vn -0.587796 0.000000 0.809009
vn -0.587796 0.000000 0.809009
vn -0.309004 0.000000 0.951061
vn -0.309004 0.000000 0.951061
vn 0.000000 0.000000 1.000000
vn 0.000000 0.000000 1.000000
vn 0.309004 0.000000 0.951061
vn 0.309004 0.000000 0.951061
vn 0.587796 0.000000 0.809009
vn 0.587796 0.000000 0.809009
vn 0.809010 0.000000 0.587794
vn 0.809010 0.000000 0.587794
vn 0.951060 0.000000 0.309006
vn 0.951060 0.000000 0.309006
vn 1.000000 0.000000 0.000002
vn 1.000000 0.000000 0.000002
vn 0.000000 -1.000000 0.000000
vn 0.000000 -1.000000 0.000000
vn 0.000000 -1.000000 0.000000
vn 0.000000 -1.000000 0.000000
vn 0.000000 1.000000 0.000001
vn 0.000000 1.000000 0.000001
vn 0.000000 1.000000 0.000001
vn 0.000000 1.000000 0.000001
vn 0.000000 -1.000000 0.000000
vn 0.000000 -1.000000 0.000000
vn 0.000000 1.000000 0.000001
vn 0.000000 1.000000 0.000001
vn 0.000000 -1.000000 -0.000001
vn 0.000000 -1.000000 -0.000001
vn 0.000000 1.000000 0.000001
vn 0.000000 1.000000 0.000001
vn 0.000000 -1.000000 -0.000002
vn 0.000000 -1.000000 -0.000002
vn 0.000000 1.000000 0.000000
vn 0.000000 1.000000 0.000000
vn 0.000000 -1.000000 -0.000002
vn 0.000000 -1.000000 -0.000002
vn 0.000000 1.000000 0.000001
vn 0.000000 1.000000 0.000001
vn 0.000000 -1.000000 -0.000001
vn 0.000000 -1.000000 -0.000001
vn 0.000000 1.000000 0.000000
vn 0.000000 1.000000 0.000000
vn 0.000000 -1.000000 0.000000
vn 0.000000 -1.000000 0.000000
vn 0.000000 1.000000 0.000000
vn 0.000000 1.000000 -0.000000
vn 0.000001 -1.000000 0.000001
vn 0.000001 -1.000000 0.000001
vn -0.000001 1.000000 0.000001
vn -0.000001 1.000000 0.000001
vn 0.000002 -1.000000 0.000000
vn 0.000002 -1.000000 0.000000
vn -0.000002 1.000000 0.000000
vn -0.000002 1.000000 0.000000
vn 0.000001 -1.000000 0.000000
vn 0.000001 -1.000000 0.000000
vn -0.000001 1.000000 0.000000
vn -0.000001 1.000000 0.000000
vn 0.000000 -1.000000 0.000000
vn 0.000000 -1.000000 0.000000
vn 0.000000 1.000000 -0.000000
vn 0.000000 1.000000 -0.000000
vn 0.000000 -1.000000 -0.000000
vn 0.000000 -1.000000 -0.000000
vn 0.000000 1.000000 -0.000001
vn 0.000000 1.000000 -0.000001
vn 0.000000 -1.000000 -0.000001
vn 0.000000 -1.000000 -0.000001
vn 0.000000 1.000000 -0.000001
vn 0.000000 1.000000 -0.000001
vn 0.000000 -1.000000 -0.000000
vn 0.000000 -1.000000 -0.000000
vn 0.000000 1.000000 -0.000001
vn 0.000000 1.000000 -0.000001
vn 0.000000 -1.000000 0.000000
vn 0.000000 -1.000000 0.000000
vn 0.000000 1.000000 -0.000000
vn 0.000000 1.000000 -0.000000
vn 0.000000 -1.000000 0.000001
vn 0.000000 -1.000000 0.000001
vn 0.000000 1.000000 0.000001
vn 0.000000 1.000000 0.000001
vn 0.000000 -1.000000 0.000002
vn 0.000000 -1.000000 0.000002
vn 0.000000 1.000000 0.000001
vn 0.000000 1.000000 0.000001
vn 0.000000 -1.000000 0.000001
vn 0.000000 -1.000000 0.000001
vn 0.000000 1.000000 0.000000
vn 0.000000 1.000000 0.000000
vn 0.000000 -1.000000 -0.000001
vn 0.000000 -1.000000 -0.000001
vn 0.000000 1.000000 0.000000
vn 0.000000 1.000000 0.000000
s 1
g Capsula CapsulaMedio
usemtl lambert36SG
f 896/1329/1800 897/1330/1801 898/1331/1802 899/1332/1803
f 897/1330/1801 900/1333/1804 901/1334/1805 898/1331/1802
f 900/1333/1804 902/1335/1806 903/1336/1807 901/1334/1805
f 902/1335/1806 904/1337/1808 905/1338/1809 903/1336/1807
f 904/1337/1808 906/1339/1810 907/1340/1811 905/1338/1809
f 906/1339/1810 908/1341/1812 909/1342/1813 907/1340/1811
f 908/1341/1812 910/1343/1814 911/1344/1815 909/1342/1813
f 910/1343/1814 912/1345/1816 913/1346/1817 911/1344/1815
f 912/1345/1816 914/1347/1818 915/1348/1819 913/1346/1817
f 914/1347/1818 916/1349/1820 917/1350/1821 915/1348/1819
f 916/1349/1820 918/1351/1822 919/1352/1823 917/1350/1821
f 918/1351/1822 920/1353/1824 921/1354/1825 919/1352/1823
f 920/1353/1824 922/1355/1826 923/1356/1827 921/1354/1825
f 922/1355/1826 924/1357/1828 925/1358/1829 923/1356/1827
f 924/1357/1828 926/1359/1830 927/1360/1831 925/1358/1829
f 926/1359/1830 928/1361/1832 929/1362/1833 927/1360/1831
f 928/1361/1832 930/1363/1834 931/1364/1835 929/1362/1833
f 930/1363/1834 932/1365/1836 933/1366/1837 931/1364/1835
f 932/1365/1836 934/1367/1838 935/1368/1839 933/1366/1837
f 934/1367/1838 896/1369/1800 899/1370/1803 935/1368/1839
s 2
f 836/1266/1840 837/1267/1841 877/1310/1842 876/1309/1843
f 837/1267/1841 838/1268/1844 878/1311/1845 877/1310/1842
f 838/1268/1844 839/1269/1846 879/1312/1847 878/1311/1845
f 839/1269/1846 840/1270/1848 880/1313/1849 879/1312/1847
f 840/1270/1848 841/1271/1850 881/1314/1851 880/1313/1849
f 841/1271/1850 842/1272/1852 882/1315/1853 881/1314/1851
f 842/1272/1852 843/1273/1854 883/1316/1855 882/1315/1853
f 843/1273/1854 844/1274/1856 884/1317/1857 883/1316/1855
f 844/1274/1856 845/1275/1858 885/1318/1859 884/1317/1857
f 845/1275/1858 846/1276/1860 886/1319/1861 885/1318/1859
f 846/1276/1860 847/1277/1862 887/1320/1863 886/1319/1861
f 847/1277/1862 848/1278/1864 888/1321/1865 887/1320/1863
f 848/1278/1864 849/1279/1866 889/1322/1867 888/1321/1865
f 849/1279/1866 850/1280/1868 890/1323/1869 889/1322/1867
f 850/1280/1868 851/1281/1870 891/1324/1871 890/1323/1869
f 851/1281/1870 852/1282/1872 892/1325/1873 891/1324/1871
f 852/1282/1872 853/1283/1874 893/1326/1875 892/1325/1873
f 853/1283/1874 854/1284/1876 894/1327/1877 893/1326/1875
f 854/1284/1876 855/1285/1878 895/1328/1879 894/1327/1877
f 855/1285/1878 836/1286/1840 876/1308/1843 895/1328/1879
s 3
f 876/1309/1880 877/1310/1881 897/1330/1882 896/1329/1883
s 4
f 857/1289/1884 856/1288/1885 899/1332/1886 898/1331/1887
s 3
f 877/1310/1881 878/1311/1888 900/1333/1889 897/1330/1882
s 4
f 858/1290/1890 857/1289/1884 898/1331/1887 901/1334/1891
s 3
f 878/1311/1888 879/1312/1892 902/1335/1893 900/1333/1889
s 4
f 859/1291/1894 858/1290/1890 901/1334/1891 903/1336/1895
s 3
f 879/1312/1892 880/1313/1896 904/1337/1897 902/1335/1893
s 4
f 860/1292/1898 859/1291/1894 903/1336/1895 905/1338/1899
s 3
f 880/1313/1896 881/1314/1900 906/1339/1901 904/1337/1897
s 4
f 861/1293/1902 860/1292/1898 905/1338/1899 907/1340/1903
s 3
f 881/1314/1900 882/1315/1904 908/1341/1905 906/1339/1901
s 4
f 862/1294/1906 861/1293/1902 907/1340/1903 909/1342/1907
s 3
f 882/1315/1904 883/1316/1908 910/1343/1909 908/1341/1905
s 4
f 863/1295/1910 862/1294/1906 909/1342/1907 911/1344/1911
s 3
f 883/1316/1908 884/1317/1912 912/1345/1913 910/1343/1909
s 4
f 864/1296/1914 863/1295/1910 911/1344/1911 913/1346/1915
s 3
f 884/1317/1912 885/1318/1916 914/1347/1917 912/1345/1913
s 4
f 865/1297/1918 864/1296/1914 913/1346/1915 915/1348/1919
s 3
f 885/1318/1916 886/1319/1920 916/1349/1921 914/1347/1917
s 4
f 866/1298/1922 865/1297/1918 915/1348/1919 917/1350/1923
s 3
f 886/1319/1920 887/1320/1924 918/1351/1925 916/1349/1921
s 4
f 867/1299/1926 866/1298/1922 917/1350/1923 919/1352/1927
s 3
f 887/1320/1924 888/1321/1928 920/1353/1929 918/1351/1925
s 4
f 868/1300/1930 867/1299/1926 919/1352/1927 921/1354/1931
s 3
f 888/1321/1928 889/1322/1932 922/1355/1933 920/1353/1929
s 4
f 869/1301/1934 868/1300/1930 921/1354/1931 923/1356/1935
s 3
f 889/1322/1932 890/1323/1936 924/1357/1937 922/1355/1933
s 4
f 870/1302/1938 869/1301/1934 923/1356/1935 925/1358/1939
s 3
f 890/1323/1936 891/1324/1940 926/1359/1941 924/1357/1937
s 4
f 871/1303/1942 870/1302/1938 925/1358/1939 927/1360/1943
s 3
f 891/1324/1940 892/1325/1944 928/1361/1945 926/1359/1941
s 4
f 872/1304/1946 871/1303/1942 927/1360/1943 929/1362/1947
s 3
f 892/1325/1944 893/1326/1948 930/1363/1949 928/1361/1945
s 4
f 873/1305/1950 872/1304/1946 929/1362/1947 931/1364/1951
s 3
f 893/1326/1948 894/1327/1952 932/1365/1953 930/1363/1949
s 4
f 874/1306/1954 873/1305/1950 931/1364/1951 933/1366/1955
s 3
f 894/1327/1952 895/1328/1956 934/1367/1957 932/1365/1953
s 4
f 875/1307/1958 874/1306/1954 933/1366/1955 935/1368/1959
s 3
f 895/1328/1956 876/1308/1880 896/1369/1883 934/1367/1957
s 4
f 856/1287/1885 875/1307/1958 935/1368/1959 899/1370/1886
