# This file uses centimeters as units for non-parametric coordinates.

mtllib Botella.mtl
g default
v 3.144494 0.523460 0.093478
v 2.899422 0.523460 -0.387505
v 2.517711 0.523460 -0.769215
v 2.036728 0.523460 -1.014288
v 1.503555 0.523460 -1.098734
v 0.970381 0.523460 -1.014288
v 0.489398 0.523460 -0.769215
v 0.107688 0.523460 -0.387504
v -0.137384 0.523460 0.093478
v -0.221831 0.523460 0.626652
v -0.137384 0.523460 1.159825
v 0.107689 0.523460 1.640808
v 0.489399 0.523460 2.022518
v 0.970381 0.523460 2.267591
v 1.503555 0.523460 2.352037
v 2.036728 0.523460 2.267590
v 2.517710 0.523460 2.022518
v 2.899421 0.523460 1.640808
v 3.144493 0.523460 1.159825
v 3.228939 0.523460 0.626652
v 3.831107 0.976316 -0.129615
v 3.483489 0.976316 -0.811854
v 2.942061 0.976316 -1.353281
v 2.259822 0.976316 -1.700899
v 1.503555 0.976316 -1.820680
v 0.747288 0.976316 -1.700899
v 0.065049 0.976316 -1.353281
v -0.476378 0.976316 -0.811853
v -0.823996 0.976316 -0.129615
v -0.943776 0.976316 0.626652
v -0.823996 0.976316 1.382919
v -0.476378 0.976316 2.065157
v 0.065050 0.976316 2.606585
v 0.747288 0.976316 2.954203
v 1.503555 0.976316 3.073983
v 2.259822 0.976316 2.954202
v 2.942060 0.976316 2.606585
v 3.483487 0.976316 2.065157
v 3.831105 0.976316 1.382919
v 3.950886 0.976316 0.626652
v 4.263765 1.429173 -0.270194
v 3.851530 1.429173 -1.079251
v 3.209458 1.429173 -1.721322
v 2.400401 1.429173 -2.133557
v 1.503555 1.429173 -2.275603
v 0.606709 1.429173 -2.133557
v -0.202348 1.429173 -1.721322
v -0.844418 1.429173 -1.079251
v -1.256653 1.429173 -0.270194
v -1.398700 1.429173 0.626652
v -1.256653 1.429173 1.523498
v -0.844418 1.429173 2.332555
v -0.202348 1.429173 2.974626
v 0.606709 1.429173 3.386861
v 1.503555 1.429173 3.528907
v 2.400401 1.429173 3.386860
v 3.209458 1.429173 2.974625
v 3.851528 1.429173 2.332555
v 4.263763 1.429173 1.523498
v 4.405809 1.429173 0.626652
v 4.670810 1.882030 -0.402451
v 4.197783 1.882030 -1.330818
v 3.461026 1.882030 -2.067575
v 2.532658 1.882030 -2.540602
v 1.503555 1.882030 -2.703595
v 0.474452 1.882030 -2.540602
v -0.453915 1.882030 -2.067574
v -1.190671 1.882030 -1.330818
v -1.663698 1.882030 -0.402450
v -1.826692 1.882030 0.626653
v -1.663698 1.882030 1.655755
v -1.190671 1.882030 2.584122
v -0.453915 1.882030 3.320879
v 0.474452 1.882030 3.793905
v 1.503555 1.882030 3.956899
v 2.532658 1.882030 3.793905
v 3.461025 1.882030 3.320879
v 4.197781 1.882030 2.584122
v 4.670808 1.882030 1.655755
v 4.833802 1.882030 0.626653
v 5.062370 2.334887 -0.529677
v 4.530865 2.334887 -1.572816
v 3.703024 2.334887 -2.400656
v 2.659884 2.334887 -2.932162
v 1.503555 2.334887 -3.115306
v 0.347226 2.334887 -2.932162
v -0.695913 2.334887 -2.400656
v -1.523753 2.334887 -1.572815
v -2.055258 2.334887 -0.529676
v -2.238403 2.334887 0.626653
v -2.055258 2.334887 1.782981
v -1.523752 2.334887 2.826120
v -0.695912 2.334887 3.653960
v 0.347227 2.334887 4.185466
v 1.503555 2.334887 4.368611
v 2.659884 2.334887 4.185466
v 3.703023 2.334887 3.653960
v 4.530863 2.334887 2.826120
v 5.062368 2.334887 1.782981
v 5.245513 2.334887 0.626653
v 5.431494 2.787744 -0.649612
v 4.844860 2.787744 -1.800947
v 3.931155 2.787744 -2.714651
v 2.779820 2.787744 -3.301285
v 1.503555 2.787744 -3.503425
v 0.227291 2.787744 -3.301285
v -0.924043 2.787744 -2.714650
v -1.837747 2.787744 -1.800946
v -2.424381 2.787744 -0.649611
v -2.626521 2.787744 0.626653
v -2.424381 2.787744 1.902917
v -1.837747 2.787744 3.054251
v -0.924043 2.787744 3.967955
v 0.227292 2.787744 4.554589
v 1.503555 2.787744 4.756730
v 2.779819 2.787744 4.554589
v 3.931153 2.787744 3.967955
v 4.844857 2.787744 3.054251
v 5.431491 2.787744 1.902917
v 5.633632 2.787744 0.626653
v 5.763459 3.240601 -0.757473
v 5.127246 3.240601 -2.006112
v 4.136320 3.240601 -2.997036
v 2.887682 3.240601 -3.633249
v 1.503556 3.240601 -3.852473
v 0.119429 3.240601 -3.633249
v -1.129208 3.240601 -2.997036
v -2.120133 3.240601 -2.006111
v -2.756345 3.240601 -0.757473
v -2.975570 3.240601 0.626653
v -2.756345 3.240601 2.010779
v -2.120133 3.240601 3.259416
v -1.129208 3.240601 4.250341
v 0.119430 3.240601 4.886554
v 1.503555 3.240601 5.105778
v 2.887681 3.240601 4.886554
v 4.136319 3.240601 4.250341
v 5.127243 3.240601 3.259416
v 5.763456 3.240601 2.010779
v 5.982680 3.240601 0.626653
v 6.039357 3.693458 -0.847118
v 5.361939 3.693458 -2.176627
v 4.306835 3.693458 -3.231730
v 2.977327 3.693458 -3.909148
v 1.503556 3.693458 -4.142570
v 0.029785 3.693458 -3.909148
v -1.299723 3.693458 -3.231730
v -2.354827 3.693458 -2.176626
v -3.032244 3.693458 -0.847118
v -3.265667 3.693458 0.626653
v -3.032244 3.693458 2.100424
v -2.354826 3.693458 3.429932
v -1.299723 3.693458 4.485035
v 0.029785 3.693458 5.162453
v 1.503556 3.693458 5.395875
v 2.977326 3.693458 5.162453
v 4.306834 3.693458 4.485035
v 5.361937 3.693458 3.429931
v 6.039354 3.693458 2.100424
v 6.272777 3.693458 0.626653
v 6.239501 4.146314 -0.912149
v 5.532192 4.146314 -2.300322
v 4.430531 4.146314 -3.401982
v 3.042357 4.146314 -4.109292
v 1.503556 4.146314 -4.353013
v -0.035246 4.146314 -4.109291
v -1.423418 4.146314 -3.401981
v -2.525078 4.146314 -2.300321
v -3.232388 4.146314 -0.912148
v -3.476109 4.146314 0.626653
v -3.232388 4.146314 2.165454
v -2.525078 4.146314 3.553627
v -1.423418 4.146314 4.655287
v -0.035245 4.146314 5.362596
v 1.503556 4.146314 5.606318
v 3.042357 4.146314 5.362596
v 4.430529 4.146314 4.655286
v 5.532188 4.146314 3.553627
v 6.239498 4.146314 2.165454
v 6.483220 4.146314 0.626653
v 6.347307 4.599172 -0.947177
v 5.623898 4.599172 -2.366950
v 4.497159 4.599172 -3.493688
v 3.077386 4.599172 -4.217098
v 1.503556 4.599172 -4.466367
v -0.070274 4.599172 -4.217098
v -1.490046 4.599172 -3.493687
v -2.616784 4.599172 -2.366949
v -3.340193 4.599172 -0.947176
v -3.589464 4.599172 0.626653
v -3.340193 4.599172 2.200483
v -2.616783 4.599172 3.620255
v -1.490045 4.599172 4.746992
v -0.070273 4.599172 5.470403
v 1.503556 4.599172 5.719672
v 3.077385 4.599172 5.470402
v 4.497157 4.599172 4.746992
v 5.623895 4.599172 3.620255
v 6.347304 4.599172 2.200483
v 6.596574 4.599172 0.626653
v 6.353026 5.052029 -0.949035
v 5.628762 5.052029 -2.370485
v 4.500694 5.052029 -3.498553
v 3.079244 5.052029 -4.222817
v 1.503556 5.052029 -4.472382
v -0.072133 5.052029 -4.222817
v -1.493581 5.052029 -3.498552
v -2.621650 5.052029 -2.370484
v -3.345913 5.052029 -0.949035
v -3.595477 5.052029 0.626653
v -3.345913 5.052029 2.202341
v -2.621649 5.052029 3.623790
v -1.493581 5.052029 4.751858
v -0.072132 5.052029 5.476122
v 1.503556 5.052029 5.725687
v 3.079243 5.052029 5.476122
v 4.500692 5.052029 4.751857
v 5.628760 5.052029 3.623790
v 6.353024 5.052029 2.202341
v 6.602588 5.052029 0.626653
v 6.256127 5.504886 -0.917551
v 5.546335 5.504886 -2.310597
v 4.440806 5.504886 -3.416125
v 3.047759 5.504886 -4.125917
v 1.503556 5.504886 -4.370495
v -0.040648 5.504886 -4.125916
v -1.433693 5.504886 -3.416124
v -2.539221 5.504886 -2.310596
v -3.249013 5.504886 -0.917550
v -3.493591 5.504886 0.626653
v -3.249013 5.504886 2.170856
v -2.539220 5.504886 3.563902
v -1.433693 5.504886 4.669429
v -0.040647 5.504886 5.379221
v 1.503556 5.504886 5.623800
v 3.047758 5.504886 5.379221
v 4.440804 5.504886 4.669429
v 5.546331 5.504886 3.563902
v 6.256123 5.504886 2.170856
v 6.500701 5.504886 0.626653
v 6.065424 5.957742 -0.855587
v 5.384112 5.957742 -2.192736
v 4.322945 5.957742 -3.253903
v 2.985796 5.957742 -3.935214
v 1.503556 5.957742 -4.169977
v 0.021315 5.957742 -3.935214
v -1.315833 5.957742 -3.253902
v -2.376999 5.957742 -2.192735
v -3.058310 5.957742 -0.855587
v -3.293074 5.957742 0.626653
v -3.058310 5.957742 2.108893
v -2.376999 5.957742 3.446041
v -1.315832 5.957742 4.507207
v 0.021316 5.957742 5.188519
v 1.503556 5.957742 5.423282
v 2.985795 5.957742 5.188519
v 4.322943 5.957742 4.507207
v 5.384110 5.957742 3.446041
v 6.065420 5.957742 2.108893
v 6.300184 5.957742 0.626653
v 5.796916 6.410599 -0.768344
v 5.155706 6.410599 -2.026789
v 4.156998 6.410599 -3.025497
v 2.898553 6.410599 -3.666706
v 1.503556 6.410599 -3.887652
v 0.108559 6.410599 -3.666706
v -1.149886 6.410599 -3.025496
v -2.148593 6.410599 -2.026788
v -2.789802 6.410599 -0.768344
v -3.010748 6.410599 0.626653
v -2.789802 6.410599 2.021650
v -2.148593 6.410599 3.280094
v -1.149885 6.410599 4.278801
v 0.108559 6.410599 4.920011
v 1.503555 6.410599 5.140957
v 2.898552 6.410599 4.920011
v 4.156996 6.410599 4.278801
v 5.155703 6.410599 3.280094
v 5.796912 6.410599 2.021649
v 6.017859 6.410599 0.626653
v 5.470147 6.863455 -0.662171
v 4.877740 6.863455 -1.824836
v 3.955044 6.863455 -2.747531
v 2.792379 6.863455 -3.339938
v 1.503556 6.863455 -3.544068
v 0.214732 6.863455 -3.339938
v -0.947932 6.863455 -2.747531
v -1.870627 6.863455 -1.824835
v -2.463034 6.863455 -0.662170
v -2.667164 6.863455 0.626653
v -2.463034 6.863455 1.915476
v -1.870627 6.863455 3.078140
v -0.947932 6.863455 4.000835
v 0.214732 6.863455 4.593242
v 1.503555 6.863455 4.797373
v 2.792378 6.863455 4.593242
v 3.955043 6.863455 4.000835
v 4.877738 6.863455 3.078140
v 5.470144 6.863455 1.915476
v 5.674274 6.863455 0.626653
v 5.104288 7.316313 -0.543296
v 4.566522 7.316313 -1.598722
v 3.728930 7.316313 -2.436313
v 2.673504 7.316313 -2.974079
v 1.503555 7.316313 -3.159381
v 0.333607 7.316313 -2.974079
v -0.721819 7.316313 -2.436313
v -1.559409 7.316313 -1.598722
v -2.097176 7.316313 -0.543296
v -2.282477 7.316313 0.626653
v -2.097176 7.316313 1.796601
v -1.559409 7.316313 2.852027
v -0.721819 7.316313 3.689617
v 0.333607 7.316313 4.227384
v 1.503555 7.316313 4.412685
v 2.673503 7.316313 4.227383
v 3.728929 7.316313 3.689617
v 4.566520 7.316313 2.852027
v 5.104286 7.316313 1.796601
v 5.289587 7.316313 0.626653
v 4.714675 7.769170 -0.416704
v 4.235097 7.769170 -1.357929
v 3.488136 7.769170 -2.104889
v 2.546911 7.769170 -2.584467
v 1.503555 7.769170 -2.749718
v 0.460199 7.769170 -2.584467
v -0.481026 7.769170 -2.104889
v -1.227985 7.769170 -1.357928
v -1.707563 7.769170 -0.416703
v -1.872815 7.769170 0.626653
v -1.707563 7.769170 1.670008
v -1.227985 7.769170 2.611233
v -0.481025 7.769170 3.358193
v 0.460200 7.769170 3.837771
v 1.503555 7.769170 4.003022
v 2.546911 7.769170 3.837771
v 3.488135 7.769170 3.358193
v 4.235095 7.769170 2.611233
v 4.714673 7.769170 1.670008
v 4.879924 7.769170 0.626653
v 4.309361 8.222027 -0.285009
v 3.890317 8.222027 -1.107431
v 3.237639 8.222027 -1.760109
v 2.415217 8.222027 -2.179154
v 1.503555 8.222027 -2.323546
v 0.591894 8.222027 -2.179154
v -0.230528 8.222027 -1.760109
v -0.883205 8.222027 -1.107431
v -1.302250 8.222027 -0.285009
v -1.446643 8.222027 0.626652
v -1.302250 8.222027 1.538314
v -0.883205 8.222027 2.360735
v -0.230528 8.222027 3.013413
v 0.591894 8.222027 3.432458
v 1.503555 8.222027 3.576850
v 2.415216 8.222027 3.432457
v 3.237638 8.222027 3.013412
v 3.890315 8.222027 2.360735
v 4.309360 8.222027 1.538314
v 4.453752 8.222027 0.626652
v 3.881210 8.674884 -0.145895
v 3.526109 8.674884 -0.842819
v 2.973026 8.674884 -1.395902
v 2.276102 8.674884 -1.751002
v 1.503555 8.674884 -1.873361
v 0.731008 8.674884 -1.751002
v 0.034084 8.674884 -1.395901
v -0.518998 8.674884 -0.842819
v -0.874099 8.674884 -0.145894
v -0.996458 8.674884 0.626652
v -0.874099 8.674884 1.399199
v -0.518998 8.674884 2.096123
v 0.034084 8.674884 2.649205
v 0.731008 8.674884 3.004306
v 1.503555 8.674884 3.126665
v 2.276101 8.674884 3.004305
v 2.973025 8.674884 2.649205
v 3.526108 8.674884 2.096123
v 3.881208 8.674884 1.399199
v 4.003567 8.674884 0.626652
v 3.327255 9.127741 0.034096
v 3.054887 9.127741 -0.500457
v 2.630663 9.127741 -0.924680
v 2.096111 9.127741 -1.197048
v 1.503555 9.127741 -1.290900
v 0.910999 9.127741 -1.197048
v 0.376446 9.127741 -0.924680
v -0.047777 9.127741 -0.500456
v -0.320145 9.127741 0.034096
v -0.413996 9.127741 0.626652
v -0.320145 9.127741 1.219208
v -0.047777 9.127741 1.753760
v 0.376447 9.127741 2.177983
v 0.910999 9.127741 2.450351
v 1.503555 9.127741 2.544203
v 2.096110 9.127741 2.450351
v 2.630663 9.127741 2.177983
v 3.054886 9.127741 1.753760
v 3.327254 9.127741 1.219208
v 3.421105 9.127741 0.626652
v 3.144494 9.689419 0.093478
v 2.899422 9.689419 -0.387505
v 2.517711 9.689419 -0.769215
v 2.036728 9.689419 -1.014288
v 1.503555 9.689419 -1.098734
v 0.970381 9.689419 -1.014288
v 0.489398 9.689419 -0.769215
v 0.107688 9.689419 -0.387504
v -0.137384 9.689419 0.093478
v -0.221831 9.689419 0.626652
v -0.137384 9.689419 1.159825
v 0.107689 9.689419 1.640808
v 0.489399 9.689419 2.022518
v 0.970381 9.689419 2.267591
v 1.503555 9.689419 2.352037
v 2.036728 9.689419 2.267590
v 2.517710 9.689419 2.022518
v 2.899421 9.689419 1.640808
v 3.144493 9.689419 1.159825
v 3.228939 9.689419 0.626652
v 3.144494 10.264548 0.093478
v 2.899422 10.264548 -0.387505
v 2.517711 10.264548 -0.769215
v 2.036728 10.264548 -1.014288
v 1.503555 10.264548 -1.098734
v 0.970381 10.264548 -1.014288
v 0.489398 10.264548 -0.769215
v 0.107688 10.264548 -0.387504
v -0.137384 10.264548 0.093478
v -0.221831 10.264548 0.626652
v -0.137384 10.264548 1.159825
v 0.107689 10.264548 1.640808
v 0.489399 10.264548 2.022518
v 0.970381 10.264548 2.267591
v 1.503555 10.264548 2.352037
v 2.036728 10.264548 2.267590
v 2.517710 10.264548 2.022518
v 2.899421 10.264548 1.640808
v 3.144493 10.264548 1.159825
v 3.228939 10.264548 0.626652
v 1.503555 0.523460 0.626652
v 3.144494 11.283216 0.093478
v 2.899422 11.283216 -0.387505
v 2.517711 11.283216 -0.769215
v 2.036728 11.283216 -1.014288
v 1.503555 11.283216 -1.098734
v 0.970381 11.283216 -1.014288
v 0.489398 11.283216 -0.769215
v 0.107688 11.283216 -0.387504
v -0.137384 11.283216 0.093478
v -0.221831 11.283216 0.626652
v -0.137384 11.283216 1.159825
v 0.107689 11.283216 1.640808
v 0.489399 11.283216 2.022518
v 0.970381 11.283216 2.267591
v 1.503555 11.283216 2.352037
v 2.036728 11.283216 2.267590
v 2.517710 11.283216 2.022518
v 2.899421 11.283216 1.640808
v 3.144493 11.283216 1.159825
v 3.228939 11.283216 0.626652
v 5.383362 4.192362 -2.192192
v 6.064541 4.192362 -0.855302
v 5.475068 4.645220 -2.258820
v 6.172347 4.645219 -0.890329
v 4.322400 4.192362 -3.253153
v 4.389028 4.645219 -3.344859
v 2.985510 4.192362 -3.934332
v 3.020538 4.645220 -4.042139
v 1.503556 4.192362 -4.169050
v 1.503555 4.645220 -4.282404
v 0.021601 4.192362 -3.934331
v -0.013427 4.645219 -4.042139
v -1.315288 4.192362 -3.253152
v -1.381915 4.645219 -3.344858
v -2.376249 4.192362 -2.192191
v -2.467955 4.645220 -2.258817
v -3.057429 4.192361 -0.855300
v -3.165234 4.645219 -0.890328
v -3.292146 4.192362 0.626654
v -3.405501 4.645220 0.626654
v -3.057429 4.192362 2.108607
v -3.165235 4.645220 2.143634
v -2.376248 4.192362 3.445497
v -2.467953 4.645220 3.512125
v -1.315287 4.192362 4.506458
v -1.381915 4.645220 4.598163
v 0.021602 4.192362 5.187637
v -0.013426 4.645220 5.295443
v 1.503555 4.192362 5.422355
v 1.503557 4.645220 5.535710
v 2.985508 4.192362 5.187637
v 3.020537 4.645220 5.295443
v 4.322399 4.192362 4.506457
v 4.389027 4.645220 4.598162
v 5.383359 4.192362 3.445496
v 5.475064 4.645220 3.512126
v 6.064539 4.192362 2.108605
v 6.172344 4.645219 2.143636
v 6.299257 4.192362 0.626654
v 6.412611 4.645219 0.626652
v 5.254273 5.857688 -2.098403
v 5.912788 5.857688 -0.805995
v 5.025866 6.310544 -1.932455
v 5.644280 6.310544 -0.718749
v 4.228610 5.857688 -3.124064
v 4.062663 6.310544 -2.895659
v 2.936201 5.857687 -3.782579
v 2.848960 6.310544 -3.514071
v 1.503555 5.857687 -4.009487
v 1.503555 6.310544 -3.727161
v 0.070910 5.857687 -3.782579
v 0.158154 6.310544 -3.514071
v -1.221499 5.857687 -3.124063
v -1.055551 6.310544 -2.895657
v -2.247160 5.857687 -2.098402
v -2.018754 6.310543 -1.932454
v -2.905674 5.857688 -0.805993
v -2.637166 6.310544 -0.718751
v -3.132583 5.857688 0.626653
v -2.850258 6.310543 0.626651
v -2.905674 5.857687 2.059300
v -2.637167 6.310544 1.972056
v -2.247160 5.857687 3.351707
v -2.018753 6.310544 3.185761
v -1.221498 5.857687 4.377368
v -1.055551 6.310544 4.148962
v 0.070910 5.857688 5.035884
v 0.158153 6.310544 4.767376
v 1.503557 5.857687 5.262792
v 1.503556 6.310544 4.980467
v 2.936202 5.857687 5.035883
v 2.848958 6.310544 4.767376
v 4.228609 5.857687 4.377368
v 4.062663 6.310544 4.148961
v 5.254269 5.857688 3.351709
v 5.025865 6.310544 3.185760
v 5.912785 5.857687 2.059299
v 5.644277 6.310544 1.972055
v 6.139694 5.857688 0.626656
v 5.857368 6.310544 0.626653
v 4.123936 7.639862 -1.277162
v 4.583995 7.639861 -0.374243
v 3.779154 8.092718 -1.026666
v 4.178682 8.092718 -0.242547
v 3.407371 7.639862 -1.993726
v 3.156874 8.092718 -1.648946
v 2.504449 7.639861 -2.453787
v 2.372757 8.092719 -2.048473
v 1.503553 7.639861 -2.612313
v 1.503555 8.092719 -2.186141
v 0.502661 7.639861 -2.453787
v 0.634354 8.092718 -2.048474
v -0.400261 7.639862 -1.993726
v -0.149762 8.092718 -1.648947
v -1.116822 7.639862 -1.277163
v -0.772042 8.092719 -1.026666
v -1.576883 7.639862 -0.374244
v -1.171570 8.092718 -0.242549
v -1.735409 7.639862 0.626654
v -1.309238 8.092718 0.626653
v -1.576883 7.639861 1.627547
v -1.171570 8.092718 1.495852
v -1.116822 7.639862 2.530468
v -0.772042 8.092718 2.279971
v -0.400262 7.639862 3.247028
v -0.149765 8.092719 2.902247
v 0.502662 7.639862 3.707091
v 0.634354 8.092718 3.301777
v 1.503555 7.639861 3.865617
v 1.503554 8.092719 3.439445
v 2.504451 7.639862 3.707090
v 2.372756 8.092719 3.301777
v 3.407370 7.639862 3.247030
v 3.156873 8.092718 2.902249
v 4.123932 7.639862 2.530468
v 3.779153 8.092719 2.279969
v 4.583993 7.639861 1.627547
v 4.178680 8.092719 1.495852
v 4.742519 7.639862 0.626653
v 4.316348 8.092719 0.626652
vt 0.637205 0.752804
vt 0.632226 0.743032
vt 0.624471 0.735277
vt 0.614699 0.730298
vt 0.603866 0.728582
vt 0.593033 0.730298
vt 0.583261 0.735277
vt 0.575506 0.743032
vt 0.570527 0.752804
vt 0.568811 0.763637
vt 0.570527 0.774469
vt 0.575506 0.784242
vt 0.583261 0.791997
vt 0.593033 0.796976
vt 0.603866 0.798692
vt 0.614699 0.796976
vt 0.624471 0.791997
vt 0.632226 0.784242
vt 0.637205 0.774469
vt 0.638921 0.763637
vt 0.816094 0.836128
vt 0.812474 0.844589
vt 0.811074 0.853889
vt 0.811814 0.863411
vt 0.814601 0.872638
vt 0.819291 0.881117
vt 0.825670 0.888445
vt 0.833451 0.894284
vt 0.842291 0.898365
vt 0.851795 0.900502
vt 0.861539 0.900596
vt 0.871091 0.898642
vt 0.880026 0.894725
vt 0.887946 0.889020
vt 0.894504 0.881782
vt 0.899412 0.873337
vt 0.902459 0.864069
vt 0.903517 0.854408
vt 0.902537 0.844825
vt 0.899534 0.835832
vt 0.894529 0.828018
vt 0.803590 0.828375
vt 0.798642 0.840275
vt 0.796662 0.852960
vt 0.797549 0.865754
vt 0.801166 0.878051
vt 0.807309 0.889299
vt 0.815685 0.898997
vt 0.825915 0.906716
vt 0.837540 0.912113
vt 0.850042 0.914945
vt 0.862861 0.915088
vt 0.875427 0.912534
vt 0.887181 0.907396
vt 0.897600 0.899905
vt 0.906224 0.890392
vt 0.912673 0.879277
vt 0.916665 0.867051
vt 0.918017 0.854247
vt 0.916644 0.841429
vt 0.912530 0.829191
vt 0.905679 0.818189
vt 0.793700 0.823014
vt 0.788111 0.837302
vt 0.785822 0.852409
vt 0.786856 0.867592
vt 0.791104 0.882160
vt 0.798337 0.895472
vt 0.808214 0.906943
vt 0.820284 0.916070
vt 0.834003 0.922448
vt 0.848757 0.925797
vt 0.863886 0.925969
vt 0.878714 0.922958
vt 0.892581 0.916898
vt 0.904870 0.908060
vt 0.915036 0.896837
vt 0.922630 0.883723
vt 0.927317 0.869292
vt 0.928884 0.854168
vt 0.927242 0.839000
vt 0.922416 0.824455
vt 0.914572 0.811234
vt 0.783977 0.818092
vt 0.777838 0.834615
vt 0.775307 0.851992
vt 0.776506 0.869433
vt 0.781369 0.886167
vt 0.789657 0.901459
vt 0.800985 0.914639
vt 0.814834 0.925124
vt 0.830580 0.932453
vt 0.847514 0.936302
vt 0.864878 0.936503
vt 0.881895 0.933049
vt 0.897807 0.926097
vt 0.911905 0.915957
vt 0.923562 0.903083
vt 0.932263 0.888043
vt 0.937625 0.871497
vt 0.939410 0.854161
vt 0.937540 0.836772
vt 0.932101 0.820061
vt 0.923364 0.804737
vt 0.774364 0.813470
vt 0.767727 0.832136
vt 0.764982 0.851680
vt 0.766354 0.871290
vt 0.771824 0.890120
vt 0.781148 0.907341
vt 0.793899 0.922188
vt 0.809492 0.934002
vt 0.827224 0.942260
vt 0.846295 0.946599
vt 0.865849 0.946828
vt 0.885013 0.942940
vt 0.902930 0.935114
vt 0.918801 0.923700
vt 0.931920 0.909209
vt 0.941707 0.892288
vt 0.947733 0.873684
vt 0.949740 0.854207
vt 0.947667 0.834686
vt 0.941662 0.815908
vt 0.932095 0.798565
vt 0.764954 0.809159
vt 0.757864 0.829849
vt 0.754917 0.851445
vt 0.756465 0.873133
vt 0.762531 0.893988
vt 0.772866 0.913076
vt 0.787002 0.929541
vt 0.804294 0.942645
vt 0.823959 0.951807
vt 0.845109 0.956621
vt 0.866797 0.956876
vt 0.888049 0.952566
vt 0.907918 0.943889
vt 0.925515 0.931234
vt 0.940058 0.915173
vt 0.950903 0.896424
vt 0.957577 0.875825
vt 0.959807 0.854284
vt 0.957547 0.832724
vt 0.951007 0.811993
vt 0.940675 0.792749
vt 0.755903 0.805217
vt 0.748403 0.827755
vt 0.745261 0.851261
vt 0.746978 0.874921
vt 0.753619 0.897706
vt 0.764926 0.918580
vt 0.780392 0.936592
vt 0.799313 0.950931
vt 0.820832 0.960957
vt 0.843976 0.966225
vt 0.867707 0.966505
vt 0.890962 0.961790
vt 0.912701 0.952295
vt 0.931952 0.938452
vt 0.947860 0.920884
vt 0.959720 0.900385
vt 0.967017 0.877877
vt 0.969463 0.854366
vt 0.967027 0.830878
vt 0.959981 0.808339
vt 0.948958 0.787375
vt 0.747370 0.801701
vt 0.739495 0.825839
vt 0.736164 0.851103
vt 0.738042 0.876611
vt 0.745228 0.901212
vt 0.757452 0.923765
vt 0.774173 0.943233
vt 0.794629 0.958733
vt 0.817892 0.969570
vt 0.842913 0.975264
vt 0.868568 0.975566
vt 0.893707 0.970468
vt 0.917206 0.960204
vt 0.938015 0.945241
vt 0.955208 0.926254
vt 0.968024 0.904106
vt 0.975909 0.879800
vt 0.978558 0.854438
vt 0.975954 0.829145
vt 0.968432 0.804957
vt 0.956794 0.782523
vt 0.113361 0.498490
vt 0.115830 0.466933
vt 0.127652 0.437569
vt 0.147738 0.413105
vt 0.174239 0.395793
vt 0.204712 0.387228
vt 0.236351 0.388199
vt 0.266241 0.398617
vt 0.291630 0.417522
vt 0.310178 0.443173
vt 0.320176 0.473206
vt 0.320705 0.504856
vt 0.311714 0.535206
vt 0.294033 0.561461
vt 0.269290 0.581203
vt 0.239764 0.592613
vt 0.208175 0.594640
vt 0.177433 0.587097
vt 0.150369 0.570680
vt 0.129478 0.546899
vt 0.964097 0.778212
vt 0.084641 0.965632
vt 0.049150 0.744810
vt 0.055272 0.776600
vt 0.070648 0.805090
vt 0.093864 0.827655
vt 0.122778 0.842216
vt 0.154730 0.847432
vt 0.186775 0.842823
vt 0.215961 0.828813
vt 0.239600 0.806693
vt 0.255514 0.778500
vt 0.262238 0.746832
vt 0.259152 0.714605
vt 0.246540 0.684788
vt 0.225565 0.660128
vt 0.198157 0.642896
vt 0.166843 0.634679
vt 0.134506 0.636236
vt 0.104125 0.647421
vt 0.078499 0.667205
vt 0.059988 0.693765
vt 0.088741 0.970163
vt 0.104525 0.955675
vt 0.121115 0.942237
vt 0.138531 0.929902
vt 0.156707 0.918716
vt 0.175566 0.908724
vt 0.195030 0.899969
vt 0.215017 0.892487
vt 0.235446 0.886308
vt 0.256230 0.881460
vt 0.277284 0.877961
vt 0.298519 0.875827
vt 0.319848 0.875066
vt 0.341182 0.875682
vt 0.362431 0.877672
vt 0.383508 0.881027
vt 0.404325 0.885734
vt 0.424795 0.891774
vt 0.444834 0.899123
vt 0.464357 0.907766
vt 0.483359 0.917695
vt 0.093155 0.974651
vt 0.108608 0.960398
vt 0.124892 0.947224
vt 0.141981 0.935123
vt 0.159813 0.924148
vt 0.178316 0.914345
vt 0.197412 0.905756
vt 0.217022 0.898415
vt 0.237064 0.892354
vt 0.257455 0.887597
vt 0.278111 0.884164
vt 0.298945 0.882071
vt 0.319870 0.881324
vt 0.340800 0.881928
vt 0.361648 0.883880
vt 0.382326 0.887172
vt 0.402749 0.891790
vt 0.422832 0.897715
vt 0.442491 0.904923
vt 0.461648 0.913390
vt 0.480242 0.923162
vt 0.115046 0.547212
vt 0.105396 0.518289
vt 0.103696 0.487846
vt 0.110068 0.458029
vt 0.124061 0.430939
vt 0.144690 0.408486
vt 0.170500 0.392254
vt 0.199672 0.383385
vt 0.230150 0.382505
vt 0.259785 0.389677
vt 0.286488 0.404395
vt 0.308377 0.425620
vt 0.323910 0.451858
vt 0.331990 0.481258
vt 0.332049 0.511748
vt 0.324082 0.541179
vt 0.308652 0.567477
vt 0.286845 0.588787
vt 0.260199 0.603608
vt 0.230592 0.610894
vt 0.476736 0.928852
vt 0.782719 0.774577
vt 0.283796 0.732400
vt 0.289594 0.760504
vt 0.302582 0.786092
vt 0.321847 0.807360
vt 0.346029 0.822809
vt 0.373424 0.831350
vt 0.402101 0.832381
vt 0.430039 0.825830
vt 0.455268 0.812157
vt 0.476010 0.792328
vt 0.490803 0.767739
vt 0.498604 0.740123
vt 0.498863 0.711429
vt 0.491562 0.683677
vt 0.477215 0.658825
vt 0.456834 0.638625
vt 0.431856 0.624499
vt 0.404041 0.617444
vt 0.375350 0.617957
vt 0.347805 0.626003
vt 0.790160 0.769784
vt 0.780804 0.751777
vt 0.775217 0.732288
vt 0.773637 0.712078
vt 0.776130 0.691959
vt 0.782593 0.672746
vt 0.792768 0.655212
vt 0.806241 0.640066
vt 0.822471 0.627918
vt 0.840801 0.619261
vt 0.860492 0.614442
vt 0.880748 0.613656
vt 0.900753 0.616935
vt 0.919699 0.624147
vt 0.936821 0.635001
vt 0.951427 0.649058
vt 0.962929 0.665751
vt 0.970861 0.684407
vt 0.974902 0.704273
vt 0.974885 0.724549
vt 0.970815 0.744435
vt 0.797908 0.764699
vt 0.789390 0.748352
vt 0.784317 0.730646
vt 0.782884 0.712288
vt 0.785148 0.694014
vt 0.791019 0.676561
vt 0.800261 0.660635
vt 0.812499 0.646877
vt 0.827241 0.635843
vt 0.843891 0.627979
vt 0.861777 0.623601
vt 0.880176 0.622888
vt 0.898347 0.625866
vt 0.915556 0.632417
vt 0.931108 0.642276
vt 0.944376 0.655044
vt 0.954823 0.670207
vt 0.962029 0.687152
vt 0.965701 0.705196
vt 0.965689 0.723613
vt 0.961975 0.741659
vt 0.459263 0.538218
vt 0.445125 0.522070
vt 0.435008 0.503142
vt 0.429439 0.482414
vt 0.428707 0.460965
vt 0.432849 0.439906
vt 0.441650 0.420331
vt 0.454654 0.403257
vt 0.471185 0.389569
vt 0.490385 0.379978
vt 0.511258 0.374983
vt 0.532720 0.374842
vt 0.553657 0.379563
vt 0.572982 0.388901
vt 0.589691 0.402371
vt 0.602918 0.419273
vt 0.611975 0.438730
vt 0.616393 0.459733
vt 0.615942 0.481191
vt 0.610646 0.501989
vt 0.952916 0.738757
vt 0.489555 0.444892
vt 0.366678 0.503201
vt 0.365906 0.521938
vt 0.369395 0.540364
vt 0.376965 0.557522
vt 0.388222 0.572520
vt 0.402582 0.584582
vt 0.419299 0.593080
vt 0.437506 0.597573
vt 0.456258 0.597828
vt 0.474580 0.593832
vt 0.491523 0.585793
vt 0.506206 0.574127
vt 0.517867 0.559440
vt 0.525901 0.542494
vt 0.529890 0.524170
vt 0.529628 0.505419
vt 0.525128 0.487213
vt 0.516625 0.470499
vt 0.504558 0.456143
vt 0.522922 0.963438
vt 0.525186 0.949197
vt 0.530223 0.935903
vt 0.537312 0.923703
vt 0.546076 0.912738
vt 0.556262 0.903154
vt 0.567649 0.895096
vt 0.580015 0.888695
vt 0.593128 0.884056
vt 0.606742 0.881258
vt 0.620604 0.880348
vt 0.634457 0.881338
vt 0.648042 0.884207
vt 0.661109 0.888897
vt 0.673417 0.895316
vt 0.684747 0.903338
vt 0.694899 0.912815
vt 0.703699 0.923586
vt 0.710963 0.935499
vt 0.716404 0.948449
vt 0.536194 0.963435
vt 0.538567 0.952398
vt 0.542881 0.941593
vt 0.548860 0.931377
vt 0.556303 0.922046
vt 0.565013 0.913824
vt 0.574795 0.906883
vt 0.585446 0.901354
vt 0.596757 0.897341
vt 0.608512 0.894915
vt 0.620488 0.894119
vt 0.632459 0.894966
vt 0.644203 0.897437
vt 0.655500 0.901485
vt 0.666140 0.907028
vt 0.675927 0.913955
vt 0.684683 0.922124
vt 0.692252 0.931354
vt 0.698494 0.941426
vt 0.703272 0.952069
vt 0.546059 0.965540
vt 0.548941 0.955950
vt 0.552857 0.946527
vt 0.558057 0.937620
vt 0.564505 0.929486
vt 0.572069 0.922318
vt 0.580585 0.916264
vt 0.589874 0.911440
vt 0.599750 0.907938
vt 0.610020 0.905822
vt 0.620487 0.905130
vt 0.630954 0.905875
vt 0.641223 0.908043
vt 0.651102 0.911592
vt 0.660405 0.916456
vt 0.668958 0.922541
vt 0.676601 0.929725
vt 0.683201 0.937854
vt 0.688668 0.946729
vt 0.693019 0.956093
vt 0.555518 0.969250
vt 0.558624 0.960131
vt 0.562203 0.951587
vt 0.566734 0.943745
vt 0.572290 0.936684
vt 0.578795 0.930498
vt 0.586120 0.925283
vt 0.594116 0.921132
vt 0.602621 0.918119
vt 0.611470 0.916300
vt 0.620491 0.915708
vt 0.629514 0.916356
vt 0.638367 0.918231
vt 0.646885 0.921301
vt 0.654909 0.925511
vt 0.662289 0.930790
vt 0.668891 0.937049
vt 0.674609 0.944193
vt 0.679399 0.952127
vt 0.683381 0.960755
vt 0.730292 0.663240
vt 0.729443 0.647006
vt 0.723618 0.631830
vt 0.713386 0.619202
vt 0.699758 0.610359
vt 0.684074 0.606154
vt 0.667853 0.606991
vt 0.652678 0.612802
vt 0.640039 0.623024
vt 0.631179 0.636652
vt 0.626966 0.652354
vt 0.627816 0.668588
vt 0.633643 0.683761
vt 0.643867 0.696388
vt 0.657491 0.705241
vt 0.673186 0.709450
vt 0.689413 0.708603
vt 0.704584 0.702788
vt 0.717220 0.692570
vt 0.726080 0.678942
vt 0.603866 0.763637
vt 0.672934 0.479527
vt 0.119581 0.467813
vt 0.683685 0.493552
vt 0.056564 0.713663
vt 0.130966 0.439534
vt 0.698319 0.502377
vt 0.150311 0.415973
vt 0.713581 0.510065
vt 0.175832 0.399301
vt 0.729383 0.516573
vt 0.205179 0.391052
vt 0.745633 0.521863
vt 0.235650 0.391988
vt 0.762238 0.525903
vt 0.264436 0.402021
vt 0.779102 0.528671
vt 0.288886 0.420227
vt 0.796127 0.530151
vt 0.306749 0.444930
vt 0.813215 0.530335
vt 0.316378 0.473854
vt 0.830268 0.529220
vt 0.316887 0.504334
vt 0.847187 0.526815
vt 0.308229 0.533564
vt 0.863875 0.523131
vt 0.291201 0.558849
vt 0.880235 0.518192
vt 0.267372 0.577862
vt 0.896173 0.512025
vt 0.238937 0.588850
vt 0.911596 0.504665
vt 0.208515 0.590802
vt 0.926417 0.496156
vt 0.178908 0.583538
vt 0.940548 0.486547
vt 0.152845 0.567727
vt 0.953910 0.475892
vt 0.132725 0.544825
vt 0.966424 0.464254
vt 0.974071 0.448323
vt 0.063447 0.695463
vt 0.637354 0.448752
vt 0.109170 0.517567
vt 0.643856 0.418905
vt 0.289368 0.704509
vt 0.107527 0.488143
vt 0.644372 0.391234
vt 0.113686 0.459323
vt 0.649446 0.364027
vt 0.127211 0.433140
vt 0.658938 0.338030
vt 0.147149 0.411439
vt 0.672588 0.313955
vt 0.172096 0.395749
vt 0.690022 0.292462
vt 0.200292 0.387177
vt 0.710763 0.274138
vt 0.229750 0.386327
vt 0.734243 0.259487
vt 0.258393 0.393259
vt 0.759817 0.248910
vt 0.284203 0.407484
vt 0.786786 0.242696
vt 0.305360 0.427999
vt 0.814411 0.241016
vt 0.320372 0.453359
vt 0.841934 0.243916
vt 0.328182 0.481775
vt 0.868602 0.251316
vt 0.328239 0.511245
vt 0.893684 0.263013
vt 0.320539 0.539692
vt 0.916493 0.278688
vt 0.305625 0.565110
vt 0.936404 0.297910
vt 0.284548 0.585707
vt 0.952871 0.320154
vt 0.258793 0.600031
vt 0.965443 0.344809
vt 0.230177 0.607074
vt 0.973777 0.371200
vt 0.988467 0.397983
vt 0.349363 0.629515
vt 0.738314 0.420821
vt 0.448278 0.519890
vt 0.738283 0.400968
vt 0.375226 0.486559
vt 0.438573 0.501732
vt 0.732763 0.386535
vt 0.433231 0.481848
vt 0.730447 0.371258
vt 0.432528 0.461271
vt 0.731441 0.355838
vt 0.436502 0.441069
vt 0.735700 0.340984
vt 0.444945 0.422291
vt 0.743027 0.327380
vt 0.457419 0.405912
vt 0.753086 0.315650
vt 0.473278 0.392781
vt 0.765415 0.306334
vt 0.491697 0.383581
vt 0.779445 0.299861
vt 0.511720 0.378789
vt 0.794534 0.296528
vt 0.532309 0.378654
vt 0.809985 0.296487
vt 0.552393 0.383182
vt 0.825091 0.299742
vt 0.570931 0.392140
vt 0.839155 0.306142
vt 0.586961 0.405061
vt 0.851532 0.315393
vt 0.599649 0.421276
vt 0.861652 0.327070
vt 0.608338 0.439942
vt 0.869050 0.340636
vt 0.612576 0.460090
vt 0.873385 0.355468
vt 0.612143 0.480674
vt 0.874460 0.370882
vt 0.607063 0.500626
vt 0.872224 0.386172
vt 0.876527 0.405553
vt 0.487620 0.448200
vt 0.703007 0.680157
vt 0.708725 0.671533
vt 0.711498 0.661563
vt 0.711052 0.651223
vt 0.707432 0.641529
vt 0.700992 0.633430
vt 0.692363 0.627719
vt 0.682390 0.624952
vt 0.672053 0.625391
vt 0.662357 0.629003
vt 0.654252 0.635436
vt 0.648533 0.644060
vt 0.645761 0.654030
vt 0.646207 0.664369
vt 0.649827 0.674064
vt 0.656267 0.682165
vt 0.664894 0.687883
vt 0.674865 0.690654
vt 0.685205 0.690209
vt 0.694903 0.686590
vt 0.731078 0.961552
vt 0.371672 0.485124
vt 0.727768 0.945243
vt 0.721646 0.930371
vt 0.713493 0.916894
vt 0.703646 0.904801
vt 0.692301 0.894195
vt 0.679649 0.885227
vt 0.665905 0.878054
vt 0.651315 0.872812
vt 0.636144 0.869604
vt 0.620673 0.868493
vt 0.605189 0.869505
vt 0.589980 0.872626
vt 0.575326 0.877805
vt 0.561498 0.884958
vt 0.548749 0.893973
vt 0.537317 0.904724
vt 0.527436 0.917093
vt 0.519391 0.931004
vt 0.513663 0.946427
vt 0.746752 0.413892
vt 0.866779 0.400633
vt 0.501924 0.458928
vt 0.513428 0.472615
vt 0.521536 0.488551
vt 0.525826 0.505909
vt 0.526076 0.523787
vt 0.522272 0.541257
vt 0.514613 0.557413
vt 0.503495 0.571416
vt 0.489496 0.582539
vt 0.473342 0.590204
vt 0.455873 0.594014
vt 0.437995 0.593771
vt 0.420636 0.589487
vt 0.404697 0.581385
vt 0.391006 0.569885
vt 0.380273 0.555585
vt 0.373056 0.539226
vt 0.369729 0.521658
vt 0.370465 0.503794
vt 0.687109 0.969914
vt 0.696540 0.965632
vt 0.706321 0.962968
vt 0.719377 0.962366
vt 0.511139 0.963153
vt 0.979293 0.747013
vt 0.285599 0.703761
vt 0.983691 0.725432
vt 0.983707 0.703384
vt 0.979311 0.681777
vt 0.970682 0.661485
vt 0.958171 0.643328
vt 0.942284 0.628038
vt 0.923660 0.616233
vt 0.903052 0.608389
vt 0.881293 0.604823
vt 0.859259 0.605678
vt 0.837842 0.610920
vt 0.817904 0.620338
vt 0.800251 0.633551
vt 0.785596 0.650026
vt 0.774530 0.669098
vt 0.767500 0.689997
vt 0.764790 0.711879
vt 0.766509 0.733860
vt 0.772586 0.755046
vt 0.805834 0.759425
vt 0.600779 0.521049
vt 0.956240 0.722636
vt 0.956245 0.706141
vt 0.952951 0.689971
vt 0.946492 0.674784
vt 0.937128 0.661194
vt 0.925236 0.649751
vt 0.911297 0.640915
vt 0.895873 0.635044
vt 0.879586 0.632375
vt 0.863095 0.633015
vt 0.847064 0.636939
vt 0.832141 0.643988
vt 0.818929 0.653878
vt 0.807960 0.666209
vt 0.799677 0.680484
vt 0.794415 0.696127
vt 0.792386 0.712505
vt 0.793670 0.728959
vt 0.798213 0.744820
vt 0.098029 0.979267
vt 0.200111 0.610132
vt 0.458738 0.919374
vt 0.439989 0.911105
vt 0.420735 0.904048
vt 0.401065 0.898245
vt 0.381062 0.893722
vt 0.360808 0.890498
vt 0.340389 0.888586
vt 0.319889 0.887995
vt 0.299394 0.888726
vt 0.278988 0.890777
vt 0.258757 0.894139
vt 0.238784 0.898798
vt 0.219154 0.904735
vt 0.199947 0.911926
vt 0.181244 0.920339
vt 0.163122 0.929940
vt 0.145656 0.940690
vt 0.128918 0.952542
vt 0.112982 0.965434
vt 0.461840 0.535381
vt 0.597597 0.518910
vt 0.882796 0.388901
vt 0.885371 0.371295
vt 0.884134 0.353545
vt 0.879141 0.336467
vt 0.870622 0.320845
vt 0.858969 0.307399
vt 0.844717 0.296746
vt 0.828522 0.289376
vt 0.811128 0.285628
vt 0.793335 0.285675
vt 0.775960 0.289513
vt 0.759804 0.296967
vt 0.745608 0.307694
vt 0.734025 0.321201
vt 0.725587 0.336867
vt 0.720683 0.353971
vt 0.719539 0.371727
vt 0.722206 0.389320
vt 0.728561 0.405939
vt 0.118497 0.545522
vt 0.200716 0.606338
vt 0.984351 0.368802
vt 0.975477 0.340700
vt 0.962089 0.314446
vt 0.944554 0.290760
vt 0.923352 0.270291
vt 0.899064 0.253600
vt 0.872356 0.241144
vt 0.843959 0.233264
vt 0.814651 0.230176
vt 0.785235 0.231965
vt 0.756517 0.238582
vt 0.729284 0.249845
vt 0.704282 0.265446
vt 0.682196 0.284958
vt 0.663631 0.307845
vt 0.649096 0.333482
vt 0.638988 0.361164
vt 0.633585 0.390135
vt 0.633036 0.419600
vt 0.647911 0.446282
vt 0.977643 0.398604
vt 0.375928 0.621756
vt 0.403599 0.621261
vt 0.430426 0.628065
vt 0.454516 0.641689
vt 0.474172 0.661171
vt 0.488008 0.685140
vt 0.495050 0.711905
vt 0.494800 0.739579
vt 0.487277 0.766212
vt 0.473010 0.789927
vt 0.453005 0.809052
vt 0.428673 0.822238
vt 0.401728 0.828557
vt 0.374071 0.827563
vt 0.347649 0.819325
vt 0.324327 0.804425
vt 0.305748 0.783913
vt 0.293221 0.759235
vt 0.287629 0.732130
vt 0.486168 0.912238
vt 0.052847 0.712647
vt 0.466990 0.902260
vt 0.447118 0.893463
vt 0.426710 0.885978
vt 0.405862 0.879827
vt 0.384661 0.875033
vt 0.363195 0.871616
vt 0.341554 0.869589
vt 0.319827 0.868962
vt 0.298104 0.869737
vt 0.276477 0.871911
vt 0.255035 0.875474
vt 0.233868 0.880412
vt 0.213062 0.886704
vt 0.192706 0.894324
vt 0.172883 0.903241
vt 0.153676 0.913417
vt 0.135165 0.924810
vt 0.117429 0.937374
vt 0.100558 0.951056
vt 0.669763 0.483641
vt 0.978018 0.451700
vt 0.081289 0.669862
vt 0.105989 0.650793
vt 0.135273 0.640011
vt 0.166442 0.638512
vt 0.196625 0.646431
vt 0.223042 0.663041
vt 0.243261 0.686810
vt 0.255417 0.715550
vt 0.258391 0.746613
vt 0.251910 0.777137
vt 0.236571 0.804312
vt 0.213785 0.825633
vt 0.185654 0.839137
vt 0.154766 0.843579
vt 0.123969 0.838552
vt 0.096099 0.824516
vt 0.073722 0.802767
vt 0.058901 0.775306
vt 0.053000 0.744664
vt 0.117204 0.498204
vt 0.120402 0.516942
vt 0.962744 0.460588
vt 0.950519 0.471957
vt 0.937467 0.482366
vt 0.923661 0.491753
vt 0.909183 0.500066
vt 0.894115 0.507255
vt 0.878546 0.513280
vt 0.862564 0.518105
vt 0.846261 0.521703
vt 0.829733 0.524054
vt 0.813074 0.525143
vt 0.796380 0.524963
vt 0.779748 0.523517
vt 0.763274 0.520813
vt 0.747052 0.516866
vt 0.731177 0.511699
vt 0.715740 0.505341
vt 0.700831 0.497830
vt 0.686534 0.489209
vt 0.739433 0.798619
vt 0.116682 0.517947
vt 0.976283 0.801822
vt 0.984255 0.827517
vt 0.987018 0.854487
vt 0.984182 0.881576
vt 0.975750 0.907557
vt 0.962045 0.931242
vt 0.943657 0.951549
vt 0.921399 0.967556
vt 0.896263 0.978537
vt 0.869371 0.983991
vt 0.841928 0.983670
vt 0.815161 0.977581
vt 0.790274 0.965990
vt 0.768390 0.949412
vt 0.750501 0.928591
vt 0.737420 0.904475
vt 0.729727 0.878181
vt 0.727701 0.850949
vt 0.731209 0.824062
vn 0.505375 -0.847132 -0.164206
vn 0.429898 -0.847132 -0.312339
vn 0.507749 -0.778526 -0.368901
vn 0.596895 -0.778526 -0.193942
vn 0.429898 -0.847132 -0.312339
vn 0.312339 -0.847132 -0.429898
vn 0.368901 -0.778526 -0.507749
vn 0.507749 -0.778526 -0.368901
vn 0.312339 -0.847132 -0.429898
vn 0.164206 -0.847132 -0.505375
vn 0.193943 -0.778526 -0.596895
vn 0.368901 -0.778526 -0.507749
vn 0.164206 -0.847132 -0.505375
vn -0.000000 -0.847132 -0.531383
vn -0.000000 -0.778526 -0.627612
vn 0.193943 -0.778526 -0.596895
vn -0.000000 -0.847132 -0.531383
vn -0.164206 -0.847132 -0.505375
vn -0.193943 -0.778526 -0.596895
vn -0.000000 -0.778526 -0.627612
vn -0.164206 -0.847132 -0.505375
vn -0.312339 -0.847132 -0.429898
vn -0.368901 -0.778526 -0.507749
vn -0.193943 -0.778526 -0.596895
vn -0.312339 -0.847132 -0.429898
vn -0.429898 -0.847132 -0.312339
vn -0.507749 -0.778526 -0.368901
vn -0.368901 -0.778526 -0.507749
vn -0.429898 -0.847132 -0.312339
vn -0.505375 -0.847132 -0.164206
vn -0.596895 -0.778526 -0.193943
vn -0.507749 -0.778526 -0.368901
vn -0.505375 -0.847132 -0.164206
vn -0.531383 -0.847132 -0.000000
vn -0.627612 -0.778526 0.000000
vn -0.596895 -0.778526 -0.193943
vn -0.531383 -0.847132 -0.000000
vn -0.505375 -0.847132 0.164206
vn -0.596895 -0.778526 0.193943
vn -0.627612 -0.778526 0.000000
vn -0.505375 -0.847132 0.164206
vn -0.429898 -0.847132 0.312339
vn -0.507749 -0.778526 0.368901
vn -0.596895 -0.778526 0.193943
vn -0.429898 -0.847132 0.312339
vn -0.312339 -0.847132 0.429898
vn -0.368901 -0.778526 0.507749
vn -0.507749 -0.778526 0.368901
vn -0.312339 -0.847132 0.429898
vn -0.164206 -0.847132 0.505375
vn -0.193943 -0.778526 0.596894
vn -0.368901 -0.778526 0.507749
vn -0.164206 -0.847132 0.505375
vn 0.000000 -0.847132 0.531383
vn 0.000000 -0.778526 0.627612
vn -0.193943 -0.778526 0.596894
vn 0.000000 -0.847132 0.531383
vn 0.164206 -0.847132 0.505375
vn 0.193943 -0.778526 0.596894
vn 0.000000 -0.778526 0.627612
vn 0.164206 -0.847132 0.505375
vn 0.312339 -0.847132 0.429897
vn 0.368901 -0.778526 0.507749
vn 0.193943 -0.778526 0.596894
vn 0.312339 -0.847132 0.429897
vn 0.429898 -0.847132 0.312338
vn 0.507749 -0.778526 0.368901
vn 0.368901 -0.778526 0.507749
vn 0.429898 -0.847132 0.312338
vn 0.505375 -0.847132 0.164206
vn 0.596895 -0.778526 0.193943
vn 0.507749 -0.778526 0.368901
vn 0.505375 -0.847132 0.164206
vn 0.531383 -0.847132 0.000001
vn 0.627612 -0.778526 0.000001
vn 0.596895 -0.778526 0.193943
vn 0.531383 -0.847132 0.000001
vn 0.505375 -0.847132 -0.164206
vn 0.596895 -0.778526 -0.193942
vn 0.627612 -0.778526 0.000001
vn 0.596895 -0.778526 -0.193942
vn 0.507749 -0.778526 -0.368901
vn 0.580557 -0.696447 -0.421799
vn 0.682486 -0.696448 -0.221752
vn 0.507749 -0.778526 -0.368901
vn 0.368901 -0.778526 -0.507749
vn 0.421799 -0.696447 -0.580557
vn 0.580557 -0.696447 -0.421799
vn 0.368901 -0.778526 -0.507749
vn 0.193943 -0.778526 -0.596895
vn 0.221753 -0.696447 -0.682486
vn 0.421799 -0.696447 -0.580557
vn 0.193943 -0.778526 -0.596895
vn -0.000000 -0.778526 -0.627612
vn -0.000000 -0.696447 -0.717608
vn 0.221753 -0.696447 -0.682486
vn -0.000000 -0.778526 -0.627612
vn -0.193943 -0.778526 -0.596895
vn -0.221753 -0.696447 -0.682486
vn -0.000000 -0.696447 -0.717608
vn -0.193943 -0.778526 -0.596895
vn -0.368901 -0.778526 -0.507749
vn -0.421800 -0.696447 -0.580557
vn -0.221753 -0.696447 -0.682486
vn -0.368901 -0.778526 -0.507749
vn -0.507749 -0.778526 -0.368901
vn -0.580557 -0.696447 -0.421799
vn -0.421800 -0.696447 -0.580557
vn -0.507749 -0.778526 -0.368901
vn -0.596895 -0.778526 -0.193943
vn -0.682486 -0.696447 -0.221753
vn -0.580557 -0.696447 -0.421799
vn -0.596895 -0.778526 -0.193943
vn -0.627612 -0.778526 0.000000
vn -0.717608 -0.696447 0.000000
vn -0.682486 -0.696447 -0.221753
vn -0.627612 -0.778526 0.000000
vn -0.596895 -0.778526 0.193943
vn -0.682486 -0.696447 0.221753
vn -0.717608 -0.696447 0.000000
vn -0.596895 -0.778526 0.193943
vn -0.507749 -0.778526 0.368901
vn -0.580557 -0.696447 0.421799
vn -0.682486 -0.696447 0.221753
vn -0.507749 -0.778526 0.368901
vn -0.368901 -0.778526 0.507749
vn -0.421799 -0.696447 0.580557
vn -0.580557 -0.696447 0.421799
vn -0.368901 -0.778526 0.507749
vn -0.193943 -0.778526 0.596894
vn -0.221753 -0.696447 0.682486
vn -0.421799 -0.696447 0.580557
vn -0.193943 -0.778526 0.596894
vn 0.000000 -0.778526 0.627612
vn 0.000000 -0.696447 0.717608
vn -0.221753 -0.696447 0.682486
vn 0.000000 -0.778526 0.627612
vn 0.193943 -0.778526 0.596894
vn 0.221753 -0.696447 0.682485
vn 0.000000 -0.696447 0.717608
vn 0.193943 -0.778526 0.596894
vn 0.368901 -0.778526 0.507749
vn 0.421799 -0.696447 0.580557
vn 0.221753 -0.696447 0.682485
vn 0.368901 -0.778526 0.507749
vn 0.507749 -0.778526 0.368901
vn 0.580557 -0.696447 0.421799
vn 0.421799 -0.696447 0.580557
vn 0.507749 -0.778526 0.368901
vn 0.596895 -0.778526 0.193943
vn 0.682486 -0.696447 0.221753
vn 0.580557 -0.696447 0.421799
vn 0.596895 -0.778526 0.193943
vn 0.627612 -0.778526 0.000001
vn 0.717608 -0.696447 0.000001
vn 0.682486 -0.696447 0.221753
vn 0.627612 -0.778526 0.000001
vn 0.596895 -0.778526 -0.193942
vn 0.682486 -0.696448 -0.221752
vn 0.717608 -0.696447 0.000001
vn 0.682486 -0.696448 -0.221752
vn 0.580557 -0.696447 -0.421799
vn 0.593966 -0.678952 -0.431542
vn 0.698249 -0.678952 -0.226874
vn 0.580557 -0.696447 -0.421799
vn 0.421799 -0.696447 -0.580557
vn 0.431542 -0.678952 -0.593966
vn 0.593966 -0.678952 -0.431542
vn 0.421799 -0.696447 -0.580557
vn 0.221753 -0.696447 -0.682486
vn 0.226875 -0.678952 -0.698249
vn 0.431542 -0.678952 -0.593966
vn 0.221753 -0.696447 -0.682486
vn -0.000000 -0.696447 -0.717608
vn -0.000000 -0.678952 -0.734183
vn 0.226875 -0.678952 -0.698249
vn -0.000000 -0.696447 -0.717608
vn -0.221753 -0.696447 -0.682486
vn -0.226875 -0.678952 -0.698249
vn -0.000000 -0.678952 -0.734183
vn -0.221753 -0.696447 -0.682486
vn -0.421800 -0.696447 -0.580557
vn -0.431542 -0.678952 -0.593966
vn -0.226875 -0.678952 -0.698249
vn -0.421800 -0.696447 -0.580557
vn -0.580557 -0.696447 -0.421799
vn -0.593966 -0.678952 -0.431542
vn -0.431542 -0.678952 -0.593966
vn -0.580557 -0.696447 -0.421799
vn -0.682486 -0.696447 -0.221753
vn -0.698249 -0.678952 -0.226875
vn -0.593966 -0.678952 -0.431542
vn -0.682486 -0.696447 -0.221753
vn -0.717608 -0.696447 0.000000
vn -0.734183 -0.678952 0.000000
vn -0.698249 -0.678952 -0.226875
vn -0.717608 -0.696447 0.000000
vn -0.682486 -0.696447 0.221753
vn -0.698249 -0.678952 0.226875
vn -0.734183 -0.678952 0.000000
vn -0.682486 -0.696447 0.221753
vn -0.580557 -0.696447 0.421799
vn -0.593966 -0.678952 0.431542
vn -0.698249 -0.678952 0.226875
vn -0.580557 -0.696447 0.421799
vn -0.421799 -0.696447 0.580557
vn -0.431542 -0.678952 0.593966
vn -0.593966 -0.678952 0.431542
vn -0.421799 -0.696447 0.580557
vn -0.221753 -0.696447 0.682486
vn -0.226875 -0.678952 0.698249
vn -0.431542 -0.678952 0.593966
vn -0.221753 -0.696447 0.682486
vn 0.000000 -0.696447 0.717608
vn 0.000000 -0.678952 0.734182
vn -0.226875 -0.678952 0.698249
vn 0.000000 -0.696447 0.717608
vn 0.221753 -0.696447 0.682485
vn 0.226875 -0.678952 0.698249
vn 0.000000 -0.678952 0.734182
vn 0.221753 -0.696447 0.682485
vn 0.421799 -0.696447 0.580557
vn 0.431542 -0.678952 0.593966
vn 0.226875 -0.678952 0.698249
vn 0.421799 -0.696447 0.580557
vn 0.580557 -0.696447 0.421799
vn 0.593966 -0.678952 0.431542
vn 0.431542 -0.678952 0.593966
vn 0.580557 -0.696447 0.421799
vn 0.682486 -0.696447 0.221753
vn 0.698249 -0.678952 0.226875
vn 0.593966 -0.678952 0.431542
vn 0.682486 -0.696447 0.221753
vn 0.717608 -0.696447 0.000001
vn 0.734183 -0.678952 0.000001
vn 0.698249 -0.678952 0.226875
vn 0.717608 -0.696447 0.000001
vn 0.682486 -0.696448 -0.221752
vn 0.698249 -0.678952 -0.226874
vn 0.734183 -0.678952 0.000001
vn 0.698249 -0.678952 -0.226874
vn 0.593966 -0.678952 -0.431542
vn 0.607343 -0.660623 -0.441261
vn 0.713975 -0.660623 -0.231984
vn 0.593966 -0.678952 -0.431542
vn 0.431542 -0.678952 -0.593966
vn 0.441261 -0.660623 -0.607344
vn 0.607343 -0.660623 -0.441261
vn 0.431542 -0.678952 -0.593966
vn 0.226875 -0.678952 -0.698249
vn 0.231984 -0.660623 -0.713975
vn 0.441261 -0.660623 -0.607344
vn 0.226875 -0.678952 -0.698249
vn -0.000000 -0.678952 -0.734183
vn -0.000000 -0.660623 -0.750718
vn 0.231984 -0.660623 -0.713975
vn -0.000000 -0.678952 -0.734183
vn -0.226875 -0.678952 -0.698249
vn -0.231985 -0.660623 -0.713975
vn -0.000000 -0.660623 -0.750718
vn -0.226875 -0.678952 -0.698249
vn -0.431542 -0.678952 -0.593966
vn -0.441261 -0.660623 -0.607343
vn -0.231985 -0.660623 -0.713975
vn -0.431542 -0.678952 -0.593966
vn -0.593966 -0.678952 -0.431542
vn -0.607344 -0.660623 -0.441261
vn -0.441261 -0.660623 -0.607343
vn -0.593966 -0.678952 -0.431542
vn -0.698249 -0.678952 -0.226875
vn -0.713975 -0.660623 -0.231984
vn -0.607344 -0.660623 -0.441261
vn -0.698249 -0.678952 -0.226875
vn -0.734183 -0.678952 0.000000
vn -0.750718 -0.660623 -0.000000
vn -0.713975 -0.660623 -0.231984
vn -0.734183 -0.678952 0.000000
vn -0.698249 -0.678952 0.226875
vn -0.713975 -0.660623 0.231985
vn -0.750718 -0.660623 -0.000000
vn -0.698249 -0.678952 0.226875
vn -0.593966 -0.678952 0.431542
vn -0.607344 -0.660623 0.441261
vn -0.713975 -0.660623 0.231985
vn -0.593966 -0.678952 0.431542
vn -0.431542 -0.678952 0.593966
vn -0.441261 -0.660623 0.607344
vn -0.607344 -0.660623 0.441261
vn -0.431542 -0.678952 0.593966
vn -0.226875 -0.678952 0.698249
vn -0.231985 -0.660623 0.713975
vn -0.441261 -0.660623 0.607344
vn -0.226875 -0.678952 0.698249
vn 0.000000 -0.678952 0.734182
vn 0.000000 -0.660623 0.750718
vn -0.231985 -0.660623 0.713975
vn 0.000000 -0.678952 0.734182
vn 0.226875 -0.678952 0.698249
vn 0.231985 -0.660623 0.713975
vn 0.000000 -0.660623 0.750718
vn 0.226875 -0.678952 0.698249
vn 0.431542 -0.678952 0.593966
vn 0.441261 -0.660623 0.607344
vn 0.231985 -0.660623 0.713975
vn 0.431542 -0.678952 0.593966
vn 0.593966 -0.678952 0.431542
vn 0.607343 -0.660623 0.441261
vn 0.441261 -0.660623 0.607344
vn 0.593966 -0.678952 0.431542
vn 0.698249 -0.678952 0.226875
vn 0.713975 -0.660623 0.231984
vn 0.607343 -0.660623 0.441261
vn 0.698249 -0.678952 0.226875
vn 0.734183 -0.678952 0.000001
vn 0.750718 -0.660623 0.000001
vn 0.713975 -0.660623 0.231984
vn 0.734183 -0.678952 0.000001
vn 0.698249 -0.678952 -0.226874
vn 0.713975 -0.660623 -0.231984
vn 0.750718 -0.660623 0.000001
vn 0.713975 -0.660623 -0.231984
vn 0.607343 -0.660623 -0.441261
vn 0.628882 -0.629080 -0.456909
vn 0.739295 -0.629080 -0.240211
vn 0.607343 -0.660623 -0.441261
vn 0.441261 -0.660623 -0.607344
vn 0.456909 -0.629080 -0.628882
vn 0.628882 -0.629080 -0.456909
vn 0.441261 -0.660623 -0.607344
vn 0.231984 -0.660623 -0.713975
vn 0.240211 -0.629080 -0.739295
vn 0.456909 -0.629080 -0.628882
vn 0.231984 -0.660623 -0.713975
vn -0.000000 -0.660623 -0.750718
vn -0.000000 -0.629080 -0.777341
vn 0.240211 -0.629080 -0.739295
vn -0.000000 -0.660623 -0.750718
vn -0.231985 -0.660623 -0.713975
vn -0.240212 -0.629080 -0.739295
vn -0.000000 -0.629080 -0.777341
vn -0.231985 -0.660623 -0.713975
vn -0.441261 -0.660623 -0.607343
vn -0.456910 -0.629080 -0.628882
vn -0.240212 -0.629080 -0.739295
vn -0.441261 -0.660623 -0.607343
vn -0.607344 -0.660623 -0.441261
vn -0.628882 -0.629080 -0.456909
vn -0.456910 -0.629080 -0.628882
vn -0.607344 -0.660623 -0.441261
vn -0.713975 -0.660623 -0.231984
vn -0.739295 -0.629080 -0.240211
vn -0.628882 -0.629080 -0.456909
vn -0.713975 -0.660623 -0.231984
vn -0.750718 -0.660623 -0.000000
vn -0.777341 -0.629080 -0.000000
vn -0.739295 -0.629080 -0.240211
vn -0.750718 -0.660623 -0.000000
vn -0.713975 -0.660623 0.231985
vn -0.739295 -0.629080 0.240211
vn -0.777341 -0.629080 -0.000000
vn -0.713975 -0.660623 0.231985
vn -0.607344 -0.660623 0.441261
vn -0.628882 -0.629080 0.456909
vn -0.739295 -0.629080 0.240211
vn -0.607344 -0.660623 0.441261
vn -0.441261 -0.660623 0.607344
vn -0.456909 -0.629080 0.628882
vn -0.628882 -0.629080 0.456909
vn -0.441261 -0.660623 0.607344
vn -0.231985 -0.660623 0.713975
vn -0.240212 -0.629080 0.739295
vn -0.456909 -0.629080 0.628882
vn -0.231985 -0.660623 0.713975
vn 0.000000 -0.660623 0.750718
vn 0.000000 -0.629080 0.777340
vn -0.240212 -0.629080 0.739295
vn 0.000000 -0.660623 0.750718
vn 0.231985 -0.660623 0.713975
vn 0.240212 -0.629080 0.739295
vn 0.000000 -0.629080 0.777340
vn 0.231985 -0.660623 0.713975
vn 0.441261 -0.660623 0.607344
vn 0.456909 -0.629080 0.628882
vn 0.240212 -0.629080 0.739295
vn 0.441261 -0.660623 0.607344
vn 0.607343 -0.660623 0.441261
vn 0.628882 -0.629080 0.456909
vn 0.456909 -0.629080 0.628882
vn 0.607343 -0.660623 0.441261
vn 0.713975 -0.660623 0.231984
vn 0.739295 -0.629080 0.240211
vn 0.628882 -0.629080 0.456909
vn 0.713975 -0.660623 0.231984
vn 0.750718 -0.660623 0.000001
vn 0.777340 -0.629080 0.000001
vn 0.739295 -0.629080 0.240211
vn 0.750718 -0.660623 0.000001
vn 0.713975 -0.660623 -0.231984
vn 0.739295 -0.629080 -0.240211
vn 0.777340 -0.629080 0.000001
vn 0.739295 -0.629080 -0.240211
vn 0.628882 -0.629080 -0.456909
vn 0.662891 -0.573253 -0.481619
vn 0.779275 -0.573253 -0.253201
vn 0.628882 -0.629080 -0.456909
vn 0.456909 -0.629080 -0.628882
vn 0.481618 -0.573253 -0.662891
vn 0.662891 -0.573253 -0.481619
vn 0.456909 -0.629080 -0.628882
vn 0.240211 -0.629080 -0.739295
vn 0.253202 -0.573253 -0.779275
vn 0.481618 -0.573253 -0.662891
vn 0.240211 -0.629080 -0.739295
vn -0.000000 -0.629080 -0.777341
vn -0.000000 -0.573253 -0.819378
vn 0.253202 -0.573253 -0.779275
vn -0.000000 -0.629080 -0.777341
vn -0.240212 -0.629080 -0.739295
vn -0.253202 -0.573253 -0.779275
vn -0.000000 -0.573253 -0.819378
vn -0.240212 -0.629080 -0.739295
vn -0.456910 -0.629080 -0.628882
vn -0.481619 -0.573253 -0.662891
vn -0.253202 -0.573253 -0.779275
vn -0.456910 -0.629080 -0.628882
vn -0.628882 -0.629080 -0.456909
vn -0.662891 -0.573253 -0.481618
vn -0.481619 -0.573253 -0.662891
vn -0.628882 -0.629080 -0.456909
vn -0.739295 -0.629080 -0.240211
vn -0.779275 -0.573253 -0.253202
vn -0.662891 -0.573253 -0.481618
vn -0.739295 -0.629080 -0.240211
vn -0.777341 -0.629080 -0.000000
vn -0.819378 -0.573253 0.000000
vn -0.779275 -0.573253 -0.253202
vn -0.777341 -0.629080 -0.000000
vn -0.739295 -0.629080 0.240211
vn -0.779275 -0.573253 0.253202
vn -0.819378 -0.573253 0.000000
vn -0.739295 -0.629080 0.240211
vn -0.628882 -0.629080 0.456909
vn -0.662891 -0.573253 0.481619
vn -0.779275 -0.573253 0.253202
vn -0.628882 -0.629080 0.456909
vn -0.456909 -0.629080 0.628882
vn -0.481619 -0.573253 0.662891
vn -0.662891 -0.573253 0.481619
vn -0.456909 -0.629080 0.628882
vn -0.240212 -0.629080 0.739295
vn -0.253202 -0.573253 0.779275
vn -0.481619 -0.573253 0.662891
vn -0.240212 -0.629080 0.739295
vn 0.000000 -0.629080 0.777340
vn 0.000000 -0.573253 0.819378
vn -0.253202 -0.573253 0.779275
vn 0.000000 -0.629080 0.777340
vn 0.240212 -0.629080 0.739295
vn 0.253202 -0.573253 0.779275
vn 0.000000 -0.573253 0.819378
vn 0.240212 -0.629080 0.739295
vn 0.456909 -0.629080 0.628882
vn 0.481618 -0.573253 0.662891
vn 0.253202 -0.573253 0.779275
vn 0.456909 -0.629080 0.628882
vn 0.628882 -0.629080 0.456909
vn 0.662891 -0.573253 0.481618
vn 0.481618 -0.573253 0.662891
vn 0.628882 -0.629080 0.456909
vn 0.739295 -0.629080 0.240211
vn 0.779275 -0.573253 0.253202
vn 0.662891 -0.573253 0.481618
vn 0.739295 -0.629080 0.240211
vn 0.777340 -0.629080 0.000001
vn 0.819378 -0.573253 0.000001
vn 0.779275 -0.573253 0.253202
vn 0.777340 -0.629080 0.000001
vn 0.739295 -0.629080 -0.240211
vn 0.779275 -0.573253 -0.253201
vn 0.819378 -0.573253 0.000001
vn 0.779275 -0.573253 -0.253201
vn 0.662891 -0.573253 -0.481619
vn 0.710039 -0.479290 -0.515874
vn 0.834701 -0.479290 -0.271210
vn 0.662891 -0.573253 -0.481619
vn 0.481618 -0.573253 -0.662891
vn 0.515874 -0.479290 -0.710039
vn 0.710039 -0.479290 -0.515874
vn 0.481618 -0.573253 -0.662891
vn 0.253202 -0.573253 -0.779275
vn 0.271211 -0.479290 -0.834701
vn 0.515874 -0.479290 -0.710039
vn 0.253202 -0.573253 -0.779275
vn -0.000000 -0.573253 -0.819378
vn -0.000000 -0.479290 -0.877657
vn 0.271211 -0.479290 -0.834701
vn -0.000000 -0.573253 -0.819378
vn -0.253202 -0.573253 -0.779275
vn -0.271211 -0.479290 -0.834701
vn -0.000000 -0.479290 -0.877657
vn -0.253202 -0.573253 -0.779275
vn -0.481619 -0.573253 -0.662891
vn -0.515874 -0.479290 -0.710039
vn -0.271211 -0.479290 -0.834701
vn -0.481619 -0.573253 -0.662891
vn -0.662891 -0.573253 -0.481618
vn -0.710039 -0.479290 -0.515873
vn -0.515874 -0.479290 -0.710039
vn -0.662891 -0.573253 -0.481618
vn -0.779275 -0.573253 -0.253202
vn -0.834701 -0.479290 -0.271211
vn -0.710039 -0.479290 -0.515873
vn -0.779275 -0.573253 -0.253202
vn -0.819378 -0.573253 0.000000
vn -0.877657 -0.479290 0.000000
vn -0.834701 -0.479290 -0.271211
vn -0.819378 -0.573253 0.000000
vn -0.779275 -0.573253 0.253202
vn -0.834701 -0.479290 0.271211
vn -0.877657 -0.479290 0.000000
vn -0.779275 -0.573253 0.253202
vn -0.662891 -0.573253 0.481619
vn -0.710039 -0.479290 0.515874
vn -0.834701 -0.479290 0.271211
vn -0.662891 -0.573253 0.481619
vn -0.481619 -0.573253 0.662891
vn -0.515874 -0.479290 0.710039
vn -0.710039 -0.479290 0.515874
vn -0.481619 -0.573253 0.662891
vn -0.253202 -0.573253 0.779275
vn -0.271211 -0.479290 0.834701
vn -0.515874 -0.479290 0.710039
vn -0.253202 -0.573253 0.779275
vn 0.000000 -0.573253 0.819378
vn 0.000000 -0.479290 0.877657
vn -0.271211 -0.479290 0.834701
vn 0.000000 -0.573253 0.819378
vn 0.253202 -0.573253 0.779275
vn 0.271211 -0.479290 0.834701
vn 0.000000 -0.479290 0.877657
vn 0.253202 -0.573253 0.779275
vn 0.481618 -0.573253 0.662891
vn 0.515874 -0.479290 0.710039
vn 0.271211 -0.479290 0.834701
vn 0.481618 -0.573253 0.662891
vn 0.662891 -0.573253 0.481618
vn 0.710039 -0.479290 0.515874
vn 0.515874 -0.479290 0.710039
vn 0.662891 -0.573253 0.481618
vn 0.779275 -0.573253 0.253202
vn 0.834701 -0.479290 0.271211
vn 0.710039 -0.479290 0.515874
vn 0.779275 -0.573253 0.253202
vn 0.819378 -0.573253 0.000001
vn 0.877657 -0.479290 0.000001
vn 0.834701 -0.479290 0.271211
vn 0.819378 -0.573253 0.000001
vn 0.779275 -0.573253 -0.253201
vn 0.834701 -0.479290 -0.271210
vn 0.877657 -0.479290 0.000001
vn 0.834701 -0.479290 -0.271210
vn 0.710039 -0.479290 -0.515874
vn 0.763078 -0.332179 -0.554409
vn 0.897052 -0.332179 -0.291469
vn 0.710039 -0.479290 -0.515874
vn 0.515874 -0.479290 -0.710039
vn 0.554408 -0.332179 -0.763078
vn 0.763078 -0.332179 -0.554409
vn 0.515874 -0.479290 -0.710039
vn 0.271211 -0.479290 -0.834701
vn 0.291470 -0.332179 -0.897052
vn 0.554408 -0.332179 -0.763078
vn 0.271211 -0.479290 -0.834701
vn -0.000000 -0.479290 -0.877657
vn 0.000000 -0.332179 -0.943216
vn 0.291470 -0.332179 -0.897052
vn -0.000000 -0.479290 -0.877657
vn -0.271211 -0.479290 -0.834701
vn -0.291470 -0.332179 -0.897052
vn 0.000000 -0.332179 -0.943216
vn -0.271211 -0.479290 -0.834701
vn -0.515874 -0.479290 -0.710039
vn -0.554409 -0.332179 -0.763078
vn -0.291470 -0.332179 -0.897052
vn -0.515874 -0.479290 -0.710039
vn -0.710039 -0.479290 -0.515873
vn -0.763078 -0.332179 -0.554408
vn -0.554409 -0.332179 -0.763078
vn -0.710039 -0.479290 -0.515873
vn -0.834701 -0.479290 -0.271211
vn -0.897052 -0.332179 -0.291470
vn -0.763078 -0.332179 -0.554408
vn -0.834701 -0.479290 -0.271211
vn -0.877657 -0.479290 0.000000
vn -0.943217 -0.332179 0.000000
vn -0.897052 -0.332179 -0.291470
vn -0.877657 -0.479290 0.000000
vn -0.834701 -0.479290 0.271211
vn -0.897052 -0.332179 0.291470
vn -0.943217 -0.332179 0.000000
vn -0.834701 -0.479290 0.271211
vn -0.710039 -0.479290 0.515874
vn -0.763078 -0.332179 0.554409
vn -0.897052 -0.332179 0.291470
vn -0.710039 -0.479290 0.515874
vn -0.515874 -0.479290 0.710039
vn -0.554409 -0.332179 0.763078
vn -0.763078 -0.332179 0.554409
vn -0.515874 -0.479290 0.710039
vn -0.271211 -0.479290 0.834701
vn -0.291470 -0.332179 0.897052
vn -0.554409 -0.332179 0.763078
vn -0.271211 -0.479290 0.834701
vn 0.000000 -0.479290 0.877657
vn 0.000000 -0.332179 0.943216
vn -0.291470 -0.332179 0.897052
vn 0.000000 -0.479290 0.877657
vn 0.271211 -0.479290 0.834701
vn 0.291470 -0.332179 0.897052
vn 0.000000 -0.332179 0.943216
vn 0.271211 -0.479290 0.834701
vn 0.515874 -0.479290 0.710039
vn 0.554408 -0.332179 0.763078
vn 0.291470 -0.332179 0.897052
vn 0.515874 -0.479290 0.710039
vn 0.710039 -0.479290 0.515874
vn 0.763078 -0.332179 0.554409
vn 0.554408 -0.332179 0.763078
vn 0.710039 -0.479290 0.515874
vn 0.834701 -0.479290 0.271211
vn 0.897052 -0.332179 0.291470
vn 0.763078 -0.332179 0.554409
vn 0.834701 -0.479290 0.271211
vn 0.877657 -0.479290 0.000001
vn 0.943216 -0.332179 0.000001
vn 0.897052 -0.332179 0.291470
vn 0.877657 -0.479290 0.000001
vn 0.834701 -0.479290 -0.271210
vn 0.897052 -0.332179 -0.291469
vn 0.943216 -0.332179 0.000001
vn 0.897052 -0.332179 -0.291469
vn 0.763078 -0.332179 -0.554409
vn 0.802311 -0.128493 -0.582913
vn 0.943173 -0.128493 -0.306454
vn 0.763078 -0.332179 -0.554409
vn 0.554408 -0.332179 -0.763078
vn 0.582913 -0.128493 -0.802311
vn 0.802311 -0.128493 -0.582913
vn 0.554408 -0.332179 -0.763078
vn 0.291470 -0.332179 -0.897052
vn 0.306455 -0.128494 -0.943173
vn 0.582913 -0.128493 -0.802311
vn 0.291470 -0.332179 -0.897052
vn 0.000000 -0.332179 -0.943216
vn -0.000000 -0.128493 -0.991710
vn 0.306455 -0.128494 -0.943173
vn 0.000000 -0.332179 -0.943216
vn -0.291470 -0.332179 -0.897052
vn -0.306455 -0.128494 -0.943173
vn -0.000000 -0.128493 -0.991710
vn -0.291470 -0.332179 -0.897052
vn -0.554409 -0.332179 -0.763078
vn -0.582913 -0.128493 -0.802310
vn -0.306455 -0.128494 -0.943173
vn -0.554409 -0.332179 -0.763078
vn -0.763078 -0.332179 -0.554408
vn -0.802311 -0.128494 -0.582913
vn -0.582913 -0.128493 -0.802310
vn -0.763078 -0.332179 -0.554408
vn -0.897052 -0.332179 -0.291470
vn -0.943173 -0.128494 -0.306455
vn -0.802311 -0.128494 -0.582913
vn -0.897052 -0.332179 -0.291470
vn -0.943217 -0.332179 0.000000
vn -0.991710 -0.128493 0.000000
vn -0.943173 -0.128494 -0.306455
vn -0.943217 -0.332179 0.000000
vn -0.897052 -0.332179 0.291470
vn -0.943173 -0.128493 0.306455
vn -0.991710 -0.128493 0.000000
vn -0.897052 -0.332179 0.291470
vn -0.763078 -0.332179 0.554409
vn -0.802310 -0.128494 0.582913
vn -0.943173 -0.128493 0.306455
vn -0.763078 -0.332179 0.554409
vn -0.554409 -0.332179 0.763078
vn -0.582913 -0.128494 0.802311
vn -0.802310 -0.128494 0.582913
vn -0.554409 -0.332179 0.763078
vn -0.291470 -0.332179 0.897052
vn -0.306455 -0.128494 0.943173
vn -0.582913 -0.128494 0.802311
vn -0.291470 -0.332179 0.897052
vn 0.000000 -0.332179 0.943216
vn 0.000000 -0.128494 0.991710
vn -0.306455 -0.128494 0.943173
vn 0.000000 -0.332179 0.943216
vn 0.291470 -0.332179 0.897052
vn 0.306455 -0.128494 0.943172
vn 0.000000 -0.128494 0.991710
vn 0.291470 -0.332179 0.897052
vn 0.554408 -0.332179 0.763078
vn 0.582913 -0.128494 0.802311
vn 0.306455 -0.128494 0.943172
vn 0.554408 -0.332179 0.763078
vn 0.763078 -0.332179 0.554409
vn 0.802311 -0.128494 0.582913
vn 0.582913 -0.128494 0.802311
vn 0.763078 -0.332179 0.554409
vn 0.897052 -0.332179 0.291470
vn 0.943173 -0.128493 0.306455
vn 0.802311 -0.128494 0.582913
vn 0.897052 -0.332179 0.291470
vn 0.943216 -0.332179 0.000001
vn 0.991710 -0.128493 0.000001
vn 0.943173 -0.128493 0.306455
vn 0.943216 -0.332179 0.000001
vn 0.897052 -0.332179 -0.291469
vn 0.943173 -0.128493 -0.306454
vn 0.991710 -0.128493 0.000001
vn 0.943173 -0.128493 -0.306454
vn 0.802311 -0.128493 -0.582913
vn 0.804673 0.103494 -0.584629
vn 0.945950 0.103494 -0.307357
vn 0.802311 -0.128493 -0.582913
vn 0.582913 -0.128493 -0.802311
vn 0.584629 0.103494 -0.804673
vn 0.804673 0.103494 -0.584629
vn 0.582913 -0.128493 -0.802311
vn 0.306455 -0.128494 -0.943173
vn 0.307357 0.103494 -0.945949
vn 0.584629 0.103494 -0.804673
vn 0.306455 -0.128494 -0.943173
vn -0.000000 -0.128493 -0.991710
vn -0.000000 0.103494 -0.994630
vn 0.307357 0.103494 -0.945949
vn -0.000000 -0.128493 -0.991710
vn -0.306455 -0.128494 -0.943173
vn -0.307358 0.103494 -0.945949
vn -0.000000 0.103494 -0.994630
vn -0.306455 -0.128494 -0.943173
vn -0.582913 -0.128493 -0.802310
vn -0.584629 0.103494 -0.804672
vn -0.307358 0.103494 -0.945949
vn -0.582913 -0.128493 -0.802310
vn -0.802311 -0.128494 -0.582913
vn -0.804673 0.103494 -0.584629
vn -0.584629 0.103494 -0.804672
vn -0.802311 -0.128494 -0.582913
vn -0.943173 -0.128494 -0.306455
vn -0.945949 0.103494 -0.307357
vn -0.804673 0.103494 -0.584629
vn -0.943173 -0.128494 -0.306455
vn -0.991710 -0.128493 0.000000
vn -0.994630 0.103494 0.000000
vn -0.945949 0.103494 -0.307357
vn -0.991710 -0.128493 0.000000
vn -0.943173 -0.128493 0.306455
vn -0.945949 0.103494 0.307358
vn -0.994630 0.103494 0.000000
vn -0.943173 -0.128493 0.306455
vn -0.802310 -0.128494 0.582913
vn -0.804673 0.103494 0.584629
vn -0.945949 0.103494 0.307358
vn -0.802310 -0.128494 0.582913
vn -0.582913 -0.128494 0.802311
vn -0.584629 0.103494 0.804673
vn -0.804673 0.103494 0.584629
vn -0.582913 -0.128494 0.802311
vn -0.306455 -0.128494 0.943173
vn -0.307358 0.103494 0.945949
vn -0.584629 0.103494 0.804673
vn -0.306455 -0.128494 0.943173
vn 0.000000 -0.128494 0.991710
vn 0.000000 0.103494 0.994630
vn -0.307358 0.103494 0.945949
vn 0.000000 -0.128494 0.991710
vn 0.306455 -0.128494 0.943172
vn 0.307358 0.103494 0.945949
vn 0.000000 0.103494 0.994630
vn 0.306455 -0.128494 0.943172
vn 0.582913 -0.128494 0.802311
vn 0.584629 0.103494 0.804673
vn 0.307358 0.103494 0.945949
vn 0.582913 -0.128494 0.802311
vn 0.802311 -0.128494 0.582913
vn 0.804673 0.103494 0.584629
vn 0.584629 0.103494 0.804673
vn 0.802311 -0.128494 0.582913
vn 0.943173 -0.128493 0.306455
vn 0.945949 0.103494 0.307357
vn 0.804673 0.103494 0.584629
vn 0.943173 -0.128493 0.306455
vn 0.991710 -0.128493 0.000001
vn 0.994630 0.103494 0.000001
vn 0.945949 0.103494 0.307357
vn 0.991710 -0.128493 0.000001
vn 0.943173 -0.128493 -0.306454
vn 0.945950 0.103494 -0.307357
vn 0.994630 0.103494 0.000001
vn 0.945950 0.103494 -0.307357
vn 0.804673 0.103494 -0.584629
vn 0.768537 0.312360 -0.558375
vn 0.903470 0.312360 -0.293554
vn 0.804673 0.103494 -0.584629
vn 0.584629 0.103494 -0.804673
vn 0.558375 0.312360 -0.768537
vn 0.768537 0.312360 -0.558375
vn 0.584629 0.103494 -0.804673
vn 0.307357 0.103494 -0.945949
vn 0.293555 0.312360 -0.903469
vn 0.558375 0.312360 -0.768537
vn 0.307357 0.103494 -0.945949
vn -0.000000 0.103494 -0.994630
vn -0.000000 0.312360 -0.949964
vn 0.293555 0.312360 -0.903469
vn -0.000000 0.103494 -0.994630
vn -0.307358 0.103494 -0.945949
vn -0.293555 0.312360 -0.903469
vn -0.000000 0.312360 -0.949964
vn -0.307358 0.103494 -0.945949
vn -0.584629 0.103494 -0.804672
vn -0.558375 0.312360 -0.768537
vn -0.293555 0.312360 -0.903469
vn -0.584629 0.103494 -0.804672
vn -0.804673 0.103494 -0.584629
vn -0.768537 0.312360 -0.558374
vn -0.558375 0.312360 -0.768537
vn -0.804673 0.103494 -0.584629
vn -0.945949 0.103494 -0.307357
vn -0.903469 0.312360 -0.293555
vn -0.768537 0.312360 -0.558374
vn -0.945949 0.103494 -0.307357
vn -0.994630 0.103494 0.000000
vn -0.949964 0.312360 0.000000
vn -0.903469 0.312360 -0.293555
vn -0.994630 0.103494 0.000000
vn -0.945949 0.103494 0.307358
vn -0.903469 0.312360 0.293555
vn -0.949964 0.312360 0.000000
vn -0.945949 0.103494 0.307358
vn -0.804673 0.103494 0.584629
vn -0.768537 0.312360 0.558375
vn -0.903469 0.312360 0.293555
vn -0.804673 0.103494 0.584629
vn -0.584629 0.103494 0.804673
vn -0.558375 0.312360 0.768537
vn -0.768537 0.312360 0.558375
vn -0.584629 0.103494 0.804673
vn -0.307358 0.103494 0.945949
vn -0.293555 0.312360 0.903469
vn -0.558375 0.312360 0.768537
vn -0.307358 0.103494 0.945949
vn 0.000000 0.103494 0.994630
vn 0.000000 0.312361 0.949964
vn -0.293555 0.312360 0.903469
vn 0.000000 0.103494 0.994630
vn 0.307358 0.103494 0.945949
vn 0.293555 0.312360 0.903469
vn 0.000000 0.312361 0.949964
vn 0.307358 0.103494 0.945949
vn 0.584629 0.103494 0.804673
vn 0.558375 0.312360 0.768537
vn 0.293555 0.312360 0.903469
vn 0.584629 0.103494 0.804673
vn 0.804673 0.103494 0.584629
vn 0.768537 0.312361 0.558375
vn 0.558375 0.312360 0.768537
vn 0.804673 0.103494 0.584629
vn 0.945949 0.103494 0.307357
vn 0.903469 0.312360 0.293555
vn 0.768537 0.312361 0.558375
vn 0.945949 0.103494 0.307357
vn 0.994630 0.103494 0.000001
vn 0.949964 0.312360 0.000001
vn 0.903469 0.312360 0.293555
vn 0.994630 0.103494 0.000001
vn 0.945950 0.103494 -0.307357
vn 0.903470 0.312360 -0.293554
vn 0.949964 0.312360 0.000001
vn 0.903470 0.312360 -0.293554
vn 0.768537 0.312360 -0.558375
vn 0.715829 0.465945 -0.520081
vn 0.841508 0.465945 -0.273422
vn 0.768537 0.312360 -0.558375
vn 0.558375 0.312360 -0.768537
vn 0.520080 0.465945 -0.715830
vn 0.715829 0.465945 -0.520081
vn 0.558375 0.312360 -0.768537
vn 0.293555 0.312360 -0.903469
vn 0.273422 0.465945 -0.841508
vn 0.520080 0.465945 -0.715830
vn 0.293555 0.312360 -0.903469
vn -0.000000 0.312360 -0.949964
vn -0.000000 0.465945 -0.884814
vn 0.273422 0.465945 -0.841508
vn -0.000000 0.312360 -0.949964
vn -0.293555 0.312360 -0.903469
vn -0.273423 0.465945 -0.841508
vn -0.000000 0.465945 -0.884814
vn -0.293555 0.312360 -0.903469
vn -0.558375 0.312360 -0.768537
vn -0.520081 0.465945 -0.715829
vn -0.273423 0.465945 -0.841508
vn -0.558375 0.312360 -0.768537
vn -0.768537 0.312360 -0.558374
vn -0.715830 0.465945 -0.520080
vn -0.520081 0.465945 -0.715829
vn -0.768537 0.312360 -0.558374
vn -0.903469 0.312360 -0.293555
vn -0.841508 0.465944 -0.273422
vn -0.715830 0.465945 -0.520080
vn -0.903469 0.312360 -0.293555
vn -0.949964 0.312360 0.000000
vn -0.884814 0.465945 0.000000
vn -0.841508 0.465944 -0.273422
vn -0.949964 0.312360 0.000000
vn -0.903469 0.312360 0.293555
vn -0.841508 0.465945 0.273422
vn -0.884814 0.465945 0.000000
vn -0.903469 0.312360 0.293555
vn -0.768537 0.312360 0.558375
vn -0.715829 0.465945 0.520081
vn -0.841508 0.465945 0.273422
vn -0.768537 0.312360 0.558375
vn -0.558375 0.312360 0.768537
vn -0.520081 0.465945 0.715830
vn -0.715829 0.465945 0.520081
vn -0.558375 0.312360 0.768537
vn -0.293555 0.312360 0.903469
vn -0.273422 0.465945 0.841508
vn -0.520081 0.465945 0.715830
vn -0.293555 0.312360 0.903469
vn 0.000000 0.312361 0.949964
vn 0.000000 0.465945 0.884814
vn -0.273422 0.465945 0.841508
vn 0.000000 0.312361 0.949964
vn 0.293555 0.312360 0.903469
vn 0.273423 0.465945 0.841508
vn 0.000000 0.465945 0.884814
vn 0.293555 0.312360 0.903469
vn 0.558375 0.312360 0.768537
vn 0.520080 0.465945 0.715829
vn 0.273423 0.465945 0.841508
vn 0.558375 0.312360 0.768537
vn 0.768537 0.312361 0.558375
vn 0.715829 0.465945 0.520081
vn 0.520080 0.465945 0.715829
vn 0.768537 0.312361 0.558375
vn 0.903469 0.312360 0.293555
vn 0.841508 0.465945 0.273422
vn 0.715829 0.465945 0.520081
vn 0.903469 0.312360 0.293555
vn 0.949964 0.312360 0.000001
vn 0.884814 0.465945 0.000001
vn 0.841508 0.465945 0.273422
vn 0.949964 0.312360 0.000001
vn 0.903470 0.312360 -0.293554
vn 0.841508 0.465945 -0.273422
vn 0.884814 0.465945 0.000001
vn 0.841508 0.465945 -0.273422
vn 0.715829 0.465945 -0.520081
vn 0.667476 0.565067 -0.484950
vn 0.784665 0.565067 -0.254952
vn 0.715829 0.465945 -0.520081
vn 0.520080 0.465945 -0.715830
vn 0.484949 0.565066 -0.667476
vn 0.667476 0.565067 -0.484950
vn 0.520080 0.465945 -0.715830
vn 0.273422 0.465945 -0.841508
vn 0.254953 0.565066 -0.784665
vn 0.484949 0.565066 -0.667476
vn 0.273422 0.465945 -0.841508
vn -0.000000 0.465945 -0.884814
vn -0.000000 0.565066 -0.825045
vn 0.254953 0.565066 -0.784665
vn -0.000000 0.465945 -0.884814
vn -0.273423 0.465945 -0.841508
vn -0.254953 0.565066 -0.784665
vn -0.000000 0.565066 -0.825045
vn -0.273423 0.465945 -0.841508
vn -0.520081 0.465945 -0.715829
vn -0.484950 0.565066 -0.667476
vn -0.254953 0.565066 -0.784665
vn -0.520081 0.465945 -0.715829
vn -0.715830 0.465945 -0.520080
vn -0.667476 0.565066 -0.484949
vn -0.484950 0.565066 -0.667476
vn -0.715830 0.465945 -0.520080
vn -0.841508 0.465944 -0.273422
vn -0.784665 0.565066 -0.254953
vn -0.667476 0.565066 -0.484949
vn -0.841508 0.465944 -0.273422
vn -0.884814 0.465945 0.000000
vn -0.825046 0.565066 -0.000000
vn -0.784665 0.565066 -0.254953
vn -0.884814 0.465945 0.000000
vn -0.841508 0.465945 0.273422
vn -0.784665 0.565066 0.254953
vn -0.825046 0.565066 -0.000000
vn -0.841508 0.465945 0.273422
vn -0.715829 0.465945 0.520081
vn -0.667476 0.565066 0.484950
vn -0.784665 0.565066 0.254953
vn -0.715829 0.465945 0.520081
vn -0.520081 0.465945 0.715830
vn -0.484949 0.565066 0.667476
vn -0.667476 0.565066 0.484950
vn -0.520081 0.465945 0.715830
vn -0.273422 0.465945 0.841508
vn -0.254953 0.565067 0.784665
vn -0.484949 0.565066 0.667476
vn -0.273422 0.465945 0.841508
vn 0.000000 0.465945 0.884814
vn 0.000000 0.565066 0.825045
vn -0.254953 0.565067 0.784665
vn 0.000000 0.465945 0.884814
vn 0.273423 0.465945 0.841508
vn 0.254953 0.565067 0.784665
vn 0.000000 0.565066 0.825045
vn 0.273423 0.465945 0.841508
vn 0.520080 0.465945 0.715829
vn 0.484949 0.565067 0.667476
vn 0.254953 0.565067 0.784665
vn 0.520080 0.465945 0.715829
vn 0.715829 0.465945 0.520081
vn 0.667476 0.565066 0.484949
vn 0.484949 0.565067 0.667476
vn 0.715829 0.465945 0.520081
vn 0.841508 0.465945 0.273422
vn 0.784665 0.565066 0.254953
vn 0.667476 0.565066 0.484949
vn 0.841508 0.465945 0.273422
vn 0.884814 0.465945 0.000001
vn 0.825045 0.565066 0.000001
vn 0.784665 0.565066 0.254953
vn 0.884814 0.465945 0.000001
vn 0.841508 0.465945 -0.273422
vn 0.784665 0.565067 -0.254952
vn 0.825045 0.565066 0.000001
vn 0.784665 0.565067 -0.254952
vn 0.667476 0.565067 -0.484950
vn 0.631960 0.624349 -0.459146
vn 0.742914 0.624349 -0.241387
vn 0.667476 0.565067 -0.484950
vn 0.484949 0.565066 -0.667476
vn 0.459146 0.624348 -0.631960
vn 0.631960 0.624349 -0.459146
vn 0.484949 0.565066 -0.667476
vn 0.254953 0.565066 -0.784665
vn 0.241387 0.624348 -0.742914
vn 0.459146 0.624348 -0.631960
vn 0.254953 0.565066 -0.784665
vn -0.000000 0.565066 -0.825045
vn -0.000000 0.624348 -0.781146
vn 0.241387 0.624348 -0.742914
vn -0.000000 0.565066 -0.825045
vn -0.254953 0.565066 -0.784665
vn -0.241388 0.624348 -0.742914
vn -0.000000 0.624348 -0.781146
vn -0.254953 0.565066 -0.784665
vn -0.484950 0.565066 -0.667476
vn -0.459146 0.624348 -0.631960
vn -0.241388 0.624348 -0.742914
vn -0.484950 0.565066 -0.667476
vn -0.667476 0.565066 -0.484949
vn -0.631961 0.624348 -0.459146
vn -0.459146 0.624348 -0.631960
vn -0.667476 0.565066 -0.484949
vn -0.784665 0.565066 -0.254953
vn -0.742914 0.624348 -0.241387
vn -0.631961 0.624348 -0.459146
vn -0.784665 0.565066 -0.254953
vn -0.825046 0.565066 -0.000000
vn -0.781146 0.624348 0.000000
vn -0.742914 0.624348 -0.241387
vn -0.825046 0.565066 -0.000000
vn -0.784665 0.565066 0.254953
vn -0.742914 0.624348 0.241387
vn -0.781146 0.624348 0.000000
vn -0.784665 0.565066 0.254953
vn -0.667476 0.565066 0.484950
vn -0.631960 0.624348 0.459146
vn -0.742914 0.624348 0.241387
vn -0.667476 0.565066 0.484950
vn -0.484949 0.565066 0.667476
vn -0.459146 0.624349 0.631960
vn -0.631960 0.624348 0.459146
vn -0.484949 0.565066 0.667476
vn -0.254953 0.565067 0.784665
vn -0.241387 0.624349 0.742914
vn -0.459146 0.624349 0.631960
vn -0.254953 0.565067 0.784665
vn 0.000000 0.565066 0.825045
vn 0.000000 0.624349 0.781146
vn -0.241387 0.624349 0.742914
vn 0.000000 0.565066 0.825045
vn 0.254953 0.565067 0.784665
vn 0.241388 0.624349 0.742914
vn 0.000000 0.624349 0.781146
vn 0.254953 0.565067 0.784665
vn 0.484949 0.565067 0.667476
vn 0.459146 0.624349 0.631960
vn 0.241388 0.624349 0.742914
vn 0.484949 0.565067 0.667476
vn 0.667476 0.565066 0.484949
vn 0.631960 0.624349 0.459146
vn 0.459146 0.624349 0.631960
vn 0.667476 0.565066 0.484949
vn 0.784665 0.565066 0.254953
vn 0.742914 0.624348 0.241387
vn 0.631960 0.624349 0.459146
vn 0.784665 0.565066 0.254953
vn 0.825045 0.565066 0.000001
vn 0.781146 0.624349 0.000001
vn 0.742914 0.624348 0.241387
vn 0.825045 0.565066 0.000001
vn 0.784665 0.565067 -0.254952
vn 0.742914 0.624349 -0.241387
vn 0.781146 0.624349 0.000001
vn 0.742914 0.624349 -0.241387
vn 0.631960 0.624349 -0.459146
vn 0.609213 0.657988 -0.442619
vn 0.716173 0.657988 -0.232698
vn 0.631960 0.624349 -0.459146
vn 0.459146 0.624348 -0.631960
vn 0.442619 0.657988 -0.609213
vn 0.609213 0.657988 -0.442619
vn 0.459146 0.624348 -0.631960
vn 0.241387 0.624348 -0.742914
vn 0.232699 0.657988 -0.716173
vn 0.442619 0.657988 -0.609213
vn 0.241387 0.624348 -0.742914
vn -0.000000 0.624348 -0.781146
vn -0.000000 0.657988 -0.753029
vn 0.232699 0.657988 -0.716173
vn -0.000000 0.624348 -0.781146
vn -0.241388 0.624348 -0.742914
vn -0.232699 0.657988 -0.716173
vn -0.000000 0.657988 -0.753029
vn -0.241388 0.624348 -0.742914
vn -0.459146 0.624348 -0.631960
vn -0.442619 0.657988 -0.609213
vn -0.232699 0.657988 -0.716173
vn -0.459146 0.624348 -0.631960
vn -0.631961 0.624348 -0.459146
vn -0.609213 0.657988 -0.442619
vn -0.442619 0.657988 -0.609213
vn -0.631961 0.624348 -0.459146
vn -0.742914 0.624348 -0.241387
vn -0.716173 0.657988 -0.232698
vn -0.609213 0.657988 -0.442619
vn -0.742914 0.624348 -0.241387
vn -0.781146 0.624348 0.000000
vn -0.753028 0.657988 0.000000
vn -0.716173 0.657988 -0.232698
vn -0.781146 0.624348 0.000000
vn -0.742914 0.624348 0.241387
vn -0.716173 0.657988 0.232699
vn -0.753028 0.657988 0.000000
vn -0.742914 0.624348 0.241387
vn -0.631960 0.624348 0.459146
vn -0.609213 0.657988 0.442619
vn -0.716173 0.657988 0.232699
vn -0.631960 0.624348 0.459146
vn -0.459146 0.624349 0.631960
vn -0.442619 0.657988 0.609213
vn -0.609213 0.657988 0.442619
vn -0.459146 0.624349 0.631960
vn -0.241387 0.624349 0.742914
vn -0.232699 0.657988 0.716173
vn -0.442619 0.657988 0.609213
vn -0.241387 0.624349 0.742914
vn 0.000000 0.624349 0.781146
vn 0.000000 0.657988 0.753028
vn -0.232699 0.657988 0.716173
vn 0.000000 0.624349 0.781146
vn 0.241388 0.624349 0.742914
vn 0.232699 0.657988 0.716173
vn 0.000000 0.657988 0.753028
vn 0.241388 0.624349 0.742914
vn 0.459146 0.624349 0.631960
vn 0.442619 0.657988 0.609213
vn 0.232699 0.657988 0.716173
vn 0.459146 0.624349 0.631960
vn 0.631960 0.624349 0.459146
vn 0.609213 0.657988 0.442619
vn 0.442619 0.657988 0.609213
vn 0.631960 0.624349 0.459146
vn 0.742914 0.624348 0.241387
vn 0.716173 0.657988 0.232699
vn 0.609213 0.657988 0.442619
vn 0.742914 0.624348 0.241387
vn 0.781146 0.624349 0.000001
vn 0.753028 0.657988 0.000001
vn 0.716173 0.657988 0.232699
vn 0.781146 0.624349 0.000001
vn 0.742914 0.624349 -0.241387
vn 0.716173 0.657988 -0.232698
vn 0.753028 0.657988 0.000001
vn 0.716173 0.657988 -0.232698
vn 0.609213 0.657988 -0.442619
vn 0.595234 0.677253 -0.432463
vn 0.699740 0.677253 -0.227359
vn 0.609213 0.657988 -0.442619
vn 0.442619 0.657988 -0.609213
vn 0.432463 0.677253 -0.595234
vn 0.595234 0.677253 -0.432463
vn 0.442619 0.657988 -0.609213
vn 0.232699 0.657988 -0.716173
vn 0.227359 0.677253 -0.699740
vn 0.432463 0.677253 -0.595234
vn 0.232699 0.657988 -0.716173
vn -0.000000 0.657988 -0.753029
vn -0.000000 0.677253 -0.735750
vn 0.227359 0.677253 -0.699740
vn -0.000000 0.657988 -0.753029
vn -0.232699 0.657988 -0.716173
vn -0.227359 0.677253 -0.699740
vn -0.000000 0.677253 -0.735750
vn -0.232699 0.657988 -0.716173
vn -0.442619 0.657988 -0.609213
vn -0.432463 0.677253 -0.595234
vn -0.227359 0.677253 -0.699740
vn -0.442619 0.657988 -0.609213
vn -0.609213 0.657988 -0.442619
vn -0.595235 0.677253 -0.432463
vn -0.432463 0.677253 -0.595234
vn -0.609213 0.657988 -0.442619
vn -0.716173 0.657988 -0.232698
vn -0.699740 0.677253 -0.227359
vn -0.595235 0.677253 -0.432463
vn -0.716173 0.657988 -0.232698
vn -0.753028 0.657988 0.000000
vn -0.735750 0.677253 -0.000000
vn -0.699740 0.677253 -0.227359
vn -0.753028 0.657988 0.000000
vn -0.716173 0.657988 0.232699
vn -0.699740 0.677253 0.227359
vn -0.735750 0.677253 -0.000000
vn -0.716173 0.657988 0.232699
vn -0.609213 0.657988 0.442619
vn -0.595235 0.677253 0.432463
vn -0.699740 0.677253 0.227359
vn -0.609213 0.657988 0.442619
vn -0.442619 0.657988 0.609213
vn -0.432463 0.677253 0.595235
vn -0.595235 0.677253 0.432463
vn -0.442619 0.657988 0.609213
vn -0.232699 0.657988 0.716173
vn -0.227359 0.677253 0.699740
vn -0.432463 0.677253 0.595235
vn -0.232699 0.657988 0.716173
vn 0.000000 0.657988 0.753028
vn 0.000000 0.677253 0.735750
vn -0.227359 0.677253 0.699740
vn 0.000000 0.657988 0.753028
vn 0.232699 0.657988 0.716173
vn 0.227359 0.677253 0.699740
vn 0.000000 0.677253 0.735750
vn 0.232699 0.657988 0.716173
vn 0.442619 0.657988 0.609213
vn 0.432463 0.677253 0.595234
vn 0.227359 0.677253 0.699740
vn 0.442619 0.657988 0.609213
vn 0.609213 0.657988 0.442619
vn 0.595234 0.677253 0.432463
vn 0.432463 0.677253 0.595234
vn 0.609213 0.657988 0.442619
vn 0.716173 0.657988 0.232699
vn 0.699740 0.677253 0.227359
vn 0.595234 0.677253 0.432463
vn 0.716173 0.657988 0.232699
vn 0.753028 0.657988 0.000001
vn 0.735750 0.677253 0.000001
vn 0.699740 0.677253 0.227359
vn 0.753028 0.657988 0.000001
vn 0.716173 0.657988 -0.232698
vn 0.699740 0.677253 -0.227359
vn 0.735750 0.677253 0.000001
vn 0.699740 0.677253 -0.227359
vn 0.595234 0.677253 -0.432463
vn 0.582509 0.693952 -0.423218
vn 0.684781 0.693952 -0.222498
vn 0.595234 0.677253 -0.432463
vn 0.432463 0.677253 -0.595234
vn 0.423218 0.693952 -0.582510
vn 0.582509 0.693952 -0.423218
vn 0.432463 0.677253 -0.595234
vn 0.227359 0.677253 -0.699740
vn 0.222499 0.693952 -0.684781
vn 0.423218 0.693952 -0.582510
vn 0.227359 0.677253 -0.699740
vn -0.000000 0.677253 -0.735750
vn -0.000000 0.693952 -0.720022
vn 0.222499 0.693952 -0.684781
vn -0.000000 0.677253 -0.735750
vn -0.227359 0.677253 -0.699740
vn -0.222499 0.693952 -0.684781
vn -0.000000 0.693952 -0.720022
vn -0.227359 0.677253 -0.699740
vn -0.432463 0.677253 -0.595234
vn -0.423218 0.693952 -0.582510
vn -0.222499 0.693952 -0.684781
vn -0.432463 0.677253 -0.595234
vn -0.595235 0.677253 -0.432463
vn -0.582510 0.693952 -0.423218
vn -0.423218 0.693952 -0.582510
vn -0.595235 0.677253 -0.432463
vn -0.699740 0.677253 -0.227359
vn -0.684781 0.693952 -0.222499
vn -0.582510 0.693952 -0.423218
vn -0.699740 0.677253 -0.227359
vn -0.735750 0.677253 -0.000000
vn -0.720022 0.693952 -0.000000
vn -0.684781 0.693952 -0.222499
vn -0.735750 0.677253 -0.000000
vn -0.699740 0.677253 0.227359
vn -0.684781 0.693952 0.222499
vn -0.720022 0.693952 -0.000000
vn -0.699740 0.677253 0.227359
vn -0.595235 0.677253 0.432463
vn -0.582510 0.693952 0.423218
vn -0.684781 0.693952 0.222499
vn -0.595235 0.677253 0.432463
vn -0.432463 0.677253 0.595235
vn -0.423218 0.693952 0.582510
vn -0.582510 0.693952 0.423218
vn -0.432463 0.677253 0.595235
vn -0.227359 0.677253 0.699740
vn -0.222499 0.693952 0.684781
vn -0.423218 0.693952 0.582510
vn -0.227359 0.677253 0.699740
vn 0.000000 0.677253 0.735750
vn 0.000000 0.693952 0.720021
vn -0.222499 0.693952 0.684781
vn 0.000000 0.677253 0.735750
vn 0.227359 0.677253 0.699740
vn 0.222499 0.693952 0.684781
vn 0.000000 0.693952 0.720021
vn 0.227359 0.677253 0.699740
vn 0.432463 0.677253 0.595234
vn 0.423218 0.693952 0.582510
vn 0.222499 0.693952 0.684781
vn 0.432463 0.677253 0.595234
vn 0.595234 0.677253 0.432463
vn 0.582510 0.693952 0.423218
vn 0.423218 0.693952 0.582510
vn 0.595234 0.677253 0.432463
vn 0.699740 0.677253 0.227359
vn 0.684781 0.693952 0.222499
vn 0.582510 0.693952 0.423218
vn 0.699740 0.677253 0.227359
vn 0.735750 0.677253 0.000001
vn 0.720022 0.693952 0.000001
vn 0.684781 0.693952 0.222499
vn 0.735750 0.677253 0.000001
vn 0.699740 0.677253 -0.227359
vn 0.684781 0.693952 -0.222498
vn 0.720022 0.693952 0.000001
vn 0.684781 0.693952 -0.222498
vn 0.582509 0.693952 -0.423218
vn 0.540393 0.744195 -0.392618
vn 0.635270 0.744195 -0.206411
vn 0.582509 0.693952 -0.423218
vn 0.423218 0.693952 -0.582510
vn 0.392618 0.744195 -0.540393
vn 0.540393 0.744195 -0.392618
vn 0.423218 0.693952 -0.582510
vn 0.222499 0.693952 -0.684781
vn 0.206412 0.744195 -0.635270
vn 0.392618 0.744195 -0.540393
vn 0.222499 0.693952 -0.684781
vn -0.000000 0.693952 -0.720022
vn -0.000000 0.744195 -0.667962
vn 0.206412 0.744195 -0.635270
vn -0.000000 0.693952 -0.720022
vn -0.222499 0.693952 -0.684781
vn -0.206412 0.744195 -0.635270
vn -0.000000 0.744195 -0.667962
vn -0.222499 0.693952 -0.684781
vn -0.423218 0.693952 -0.582510
vn -0.392619 0.744195 -0.540393
vn -0.206412 0.744195 -0.635270
vn -0.423218 0.693952 -0.582510
vn -0.582510 0.693952 -0.423218
vn -0.540393 0.744195 -0.392618
vn -0.392619 0.744195 -0.540393
vn -0.582510 0.693952 -0.423218
vn -0.684781 0.693952 -0.222499
vn -0.635270 0.744195 -0.206412
vn -0.540393 0.744195 -0.392618
vn -0.684781 0.693952 -0.222499
vn -0.720022 0.693952 -0.000000
vn -0.667962 0.744195 0.000000
vn -0.635270 0.744195 -0.206412
vn -0.720022 0.693952 -0.000000
vn -0.684781 0.693952 0.222499
vn -0.635270 0.744195 0.206412
vn -0.667962 0.744195 0.000000
vn -0.684781 0.693952 0.222499
vn -0.582510 0.693952 0.423218
vn -0.540393 0.744195 0.392619
vn -0.635270 0.744195 0.206412
vn -0.582510 0.693952 0.423218
vn -0.423218 0.693952 0.582510
vn -0.392618 0.744195 0.540393
vn -0.540393 0.744195 0.392619
vn -0.423218 0.693952 0.582510
vn -0.222499 0.693952 0.684781
vn -0.206412 0.744195 0.635270
vn -0.392618 0.744195 0.540393
vn -0.222499 0.693952 0.684781
vn 0.000000 0.693952 0.720021
vn 0.000000 0.744195 0.667962
vn -0.206412 0.744195 0.635270
vn 0.000000 0.693952 0.720021
vn 0.222499 0.693952 0.684781
vn 0.206412 0.744195 0.635270
vn 0.000000 0.744195 0.667962
vn 0.222499 0.693952 0.684781
vn 0.423218 0.693952 0.582510
vn 0.392618 0.744195 0.540393
vn 0.206412 0.744195 0.635270
vn 0.423218 0.693952 0.582510
vn 0.582510 0.693952 0.423218
vn 0.540393 0.744195 0.392618
vn 0.392618 0.744195 0.540393
vn 0.582510 0.693952 0.423218
vn 0.684781 0.693952 0.222499
vn 0.635270 0.744195 0.206412
vn 0.540393 0.744195 0.392618
vn 0.684781 0.693952 0.222499
vn 0.720022 0.693952 0.000001
vn 0.667962 0.744195 0.000001
vn 0.635270 0.744195 0.206412
vn 0.720022 0.693952 0.000001
vn 0.684781 0.693952 -0.222498
vn 0.635270 0.744195 -0.206411
vn 0.667962 0.744195 0.000001
vn 0.635270 0.744195 -0.206411
vn 0.540393 0.744195 -0.392618
vn 0.621157 0.640699 -0.451297
vn 0.730214 0.640699 -0.237260
vn 0.540393 0.744195 -0.392618
vn 0.392618 0.744195 -0.540393
vn 0.451297 0.640699 -0.621157
vn 0.621157 0.640699 -0.451297
vn 0.392618 0.744195 -0.540393
vn 0.206412 0.744195 -0.635270
vn 0.237261 0.640699 -0.730214
vn 0.451297 0.640699 -0.621157
vn 0.206412 0.744195 -0.635270
vn -0.000000 0.744195 -0.667962
vn -0.000000 0.640699 -0.767792
vn 0.237261 0.640699 -0.730214
vn -0.000000 0.744195 -0.667962
vn -0.206412 0.744195 -0.635270
vn -0.237261 0.640699 -0.730214
vn -0.000000 0.640699 -0.767792
vn -0.206412 0.744195 -0.635270
vn -0.392619 0.744195 -0.540393
vn -0.451297 0.640698 -0.621157
vn -0.237261 0.640699 -0.730214
vn -0.392619 0.744195 -0.540393
vn -0.540393 0.744195 -0.392618
vn -0.621157 0.640698 -0.451297
vn -0.451297 0.640698 -0.621157
vn -0.540393 0.744195 -0.392618
vn -0.635270 0.744195 -0.206412
vn -0.730214 0.640698 -0.237261
vn -0.621157 0.640698 -0.451297
vn -0.635270 0.744195 -0.206412
vn -0.667962 0.744195 0.000000
vn -0.767793 0.640698 0.000000
vn -0.730214 0.640698 -0.237261
vn -0.667962 0.744195 0.000000
vn -0.635270 0.744195 0.206412
vn -0.730214 0.640698 0.237261
vn -0.767793 0.640698 0.000000
vn -0.635270 0.744195 0.206412
vn -0.540393 0.744195 0.392619
vn -0.621157 0.640699 0.451297
vn -0.730214 0.640698 0.237261
vn -0.540393 0.744195 0.392619
vn -0.392618 0.744195 0.540393
vn -0.451297 0.640699 0.621157
vn -0.621157 0.640699 0.451297
vn -0.392618 0.744195 0.540393
vn -0.206412 0.744195 0.635270
vn -0.237261 0.640699 0.730214
vn -0.451297 0.640699 0.621157
vn -0.206412 0.744195 0.635270
vn 0.000000 0.744195 0.667962
vn 0.000000 0.640699 0.767792
vn -0.237261 0.640699 0.730214
vn 0.000000 0.744195 0.667962
vn 0.206412 0.744195 0.635270
vn 0.237261 0.640699 0.730214
vn 0.000000 0.640699 0.767792
vn 0.206412 0.744195 0.635270
vn 0.392618 0.744195 0.540393
vn 0.451297 0.640699 0.621157
vn 0.237261 0.640699 0.730214
vn 0.392618 0.744195 0.540393
vn 0.540393 0.744195 0.392618
vn 0.621157 0.640699 0.451297
vn 0.451297 0.640699 0.621157
vn 0.540393 0.744195 0.392618
vn 0.635270 0.744195 0.206412
vn 0.730214 0.640699 0.237261
vn 0.621157 0.640699 0.451297
vn 0.635270 0.744195 0.206412
vn 0.667962 0.744195 0.000001
vn 0.767792 0.640699 0.000001
vn 0.730214 0.640699 0.237261
vn 0.667962 0.744195 0.000001
vn 0.635270 0.744195 -0.206411
vn 0.730214 0.640699 -0.237260
vn 0.767792 0.640699 0.000001
vn 0.730214 0.640699 -0.237260
vn 0.621157 0.640699 -0.451297
vn 0.796718 0.173707 -0.578849
vn 0.936598 0.173707 -0.304318
vn 0.621157 0.640699 -0.451297
vn 0.451297 0.640699 -0.621157
vn 0.578849 0.173707 -0.796718
vn 0.796718 0.173707 -0.578849
vn 0.451297 0.640699 -0.621157
vn 0.237261 0.640699 -0.730214
vn 0.304319 0.173707 -0.936598
vn 0.578849 0.173707 -0.796718
vn 0.237261 0.640699 -0.730214
vn -0.000000 0.640699 -0.767792
vn -0.000000 0.173707 -0.984797
vn 0.304319 0.173707 -0.936598
vn -0.000000 0.640699 -0.767792
vn -0.237261 0.640699 -0.730214
vn -0.304319 0.173707 -0.936598
vn -0.000000 0.173707 -0.984797
vn -0.237261 0.640699 -0.730214
vn -0.451297 0.640698 -0.621157
vn -0.578850 0.173707 -0.796718
vn -0.304319 0.173707 -0.936598
vn -0.451297 0.640698 -0.621157
vn -0.621157 0.640698 -0.451297
vn -0.796718 0.173707 -0.578849
vn -0.578850 0.173707 -0.796718
vn -0.621157 0.640698 -0.451297
vn -0.730214 0.640698 -0.237261
vn -0.936598 0.173707 -0.304319
vn -0.796718 0.173707 -0.578849
vn -0.730214 0.640698 -0.237261
vn -0.767793 0.640698 0.000000
vn -0.984797 0.173707 -0.000000
vn -0.936598 0.173707 -0.304319
vn -0.767793 0.640698 0.000000
vn -0.730214 0.640698 0.237261
vn -0.936598 0.173707 0.304319
vn -0.984797 0.173707 -0.000000
vn -0.730214 0.640698 0.237261
vn -0.621157 0.640699 0.451297
vn -0.796718 0.173707 0.578850
vn -0.936598 0.173707 0.304319
vn -0.621157 0.640699 0.451297
vn -0.451297 0.640699 0.621157
vn -0.578849 0.173707 0.796718
vn -0.796718 0.173707 0.578850
vn -0.451297 0.640699 0.621157
vn -0.237261 0.640699 0.730214
vn -0.304319 0.173707 0.936598
vn -0.578849 0.173707 0.796718
vn -0.237261 0.640699 0.730214
vn 0.000000 0.640699 0.767792
vn 0.000000 0.173707 0.984797
vn -0.304319 0.173707 0.936598
vn 0.000000 0.640699 0.767792
vn 0.237261 0.640699 0.730214
vn 0.304319 0.173707 0.936598
vn 0.000000 0.173707 0.984797
vn 0.237261 0.640699 0.730214
vn 0.451297 0.640699 0.621157
vn 0.578849 0.173707 0.796718
vn 0.304319 0.173707 0.936598
vn 0.451297 0.640699 0.621157
vn 0.621157 0.640699 0.451297
vn 0.796718 0.173707 0.578849
vn 0.578849 0.173707 0.796718
vn 0.621157 0.640699 0.451297
vn 0.730214 0.640699 0.237261
vn 0.936598 0.173707 0.304319
vn 0.796718 0.173707 0.578849
vn 0.730214 0.640699 0.237261
vn 0.767792 0.640699 0.000001
vn 0.984797 0.173707 0.000001
vn 0.936598 0.173707 0.304319
vn 0.767792 0.640699 0.000001
vn 0.730214 0.640699 -0.237260
vn 0.936598 0.173707 -0.304318
vn 0.984797 0.173707 0.000001
vn 0.936598 0.173707 -0.304318
vn 0.796718 0.173707 -0.578849
vn 0.809017 -0.000000 -0.587785
vn 0.951057 0.000000 -0.309016
vn 0.796718 0.173707 -0.578849
vn 0.578849 0.173707 -0.796718
vn 0.587785 -0.000000 -0.809017
vn 0.809017 -0.000000 -0.587785
vn 0.578849 0.173707 -0.796718
vn 0.304319 0.173707 -0.936598
vn 0.309017 -0.000000 -0.951057
vn 0.587785 -0.000000 -0.809017
vn 0.304319 0.173707 -0.936598
vn -0.000000 0.173707 -0.984797
vn -0.000000 -0.000000 -1.000000
vn 0.309017 -0.000000 -0.951057
vn -0.000000 0.173707 -0.984797
vn -0.304319 0.173707 -0.936598
vn -0.309017 -0.000000 -0.951056
vn -0.000000 -0.000000 -1.000000
vn -0.304319 0.173707 -0.936598
vn -0.578850 0.173707 -0.796718
vn -0.587786 -0.000000 -0.809017
vn -0.309017 -0.000000 -0.951056
vn -0.578850 0.173707 -0.796718
vn -0.796718 0.173707 -0.578849
vn -0.809017 -0.000000 -0.587785
vn -0.587786 -0.000000 -0.809017
vn -0.796718 0.173707 -0.578849
vn -0.936598 0.173707 -0.304319
vn -0.951057 -0.000000 -0.309017
vn -0.809017 -0.000000 -0.587785
vn -0.936598 0.173707 -0.304319
vn -0.984797 0.173707 -0.000000
vn -1.000000 -0.000000 0.000000
vn -0.951057 -0.000000 -0.309017
vn -0.984797 0.173707 -0.000000
vn -0.936598 0.173707 0.304319
vn -0.951057 -0.000000 0.309017
vn -1.000000 -0.000000 0.000000
vn -0.936598 0.173707 0.304319
vn -0.796718 0.173707 0.578850
vn -0.809017 0.000000 0.587785
vn -0.951057 -0.000000 0.309017
vn -0.796718 0.173707 0.578850
vn -0.578849 0.173707 0.796718
vn -0.587785 0.000000 0.809017
vn -0.809017 0.000000 0.587785
vn -0.578849 0.173707 0.796718
vn -0.304319 0.173707 0.936598
vn -0.309017 0.000000 0.951057
vn -0.587785 0.000000 0.809017
vn -0.304319 0.173707 0.936598
vn 0.000000 0.173707 0.984797
vn 0.000000 0.000000 1.000000
vn -0.309017 0.000000 0.951057
vn 0.000000 0.173707 0.984797
vn 0.304319 0.173707 0.936598
vn 0.309017 0.000000 0.951056
vn 0.000000 0.000000 1.000000
vn 0.304319 0.173707 0.936598
vn 0.578849 0.173707 0.796718
vn 0.587785 0.000000 0.809017
vn 0.309017 0.000000 0.951056
vn 0.578849 0.173707 0.796718
vn 0.796718 0.173707 0.578849
vn 0.809017 0.000000 0.587785
vn 0.587785 0.000000 0.809017
vn 0.796718 0.173707 0.578849
vn 0.936598 0.173707 0.304319
vn 0.951057 0.000000 0.309017
vn 0.809017 0.000000 0.587785
vn 0.936598 0.173707 0.304319
vn 0.984797 0.173707 0.000001
vn 1.000000 0.000000 0.000001
vn 0.951057 0.000000 0.309017
vn 0.984797 0.173707 0.000001
vn 0.936598 0.173707 -0.304318
vn 0.951057 0.000000 -0.309016
vn 1.000000 0.000000 0.000001
vn 0.000000 -1.000000 0.000000
vn 0.000000 -1.000000 0.000000
vn 0.000000 -1.000000 -0.000000
vn 0.000000 -1.000000 -0.000000
vn 0.000000 -1.000000 0.000000
vn 0.000000 -1.000000 -0.000000
vn 0.000000 -1.000000 0.000000
vn 0.000000 -1.000000 -0.000000
vn 0.000000 -1.000000 -0.000000
vn 0.000000 -1.000000 0.000000
vn 0.000000 -1.000000 0.000000
vn 0.000000 -1.000000 -0.000000
vn 0.000000 -1.000000 0.000000
vn 0.000000 -1.000000 0.000000
vn 0.000000 -1.000000 -0.000000
vn 0.000000 -1.000000 0.000000
vn 0.000000 -1.000000 0.000000
vn 0.000000 -1.000000 -0.000000
vn 0.000000 -1.000000 0.000000
vn 0.000000 -1.000000 0.000000
vn 0.000000 -1.000000 -0.000000
vn 0.000000 -1.000000 0.000000
vn 0.000000 -1.000000 0.000000
vn 0.000000 -1.000000 -0.000000
vn 0.000000 -1.000000 0.000000
vn 0.000000 -1.000000 0.000000
vn 0.000000 -1.000000 -0.000000
vn 0.000000 -1.000000 0.000000
vn 0.000000 -1.000000 0.000000
vn 0.000000 -1.000000 -0.000000
vn 0.000000 -1.000000 -0.000000
vn 0.000000 -1.000000 0.000000
vn 0.000000 -1.000000 -0.000000
vn 0.000000 -1.000000 -0.000000
vn 0.000000 -1.000000 -0.000000
vn 0.000000 -1.000000 -0.000000
vn 0.000000 -1.000000 0.000000
vn 0.000000 -1.000000 -0.000000
vn 0.000000 -1.000000 -0.000000
vn 0.000000 -1.000000 0.000000
vn 0.000000 -1.000000 0.000000
vn 0.000000 -1.000000 -0.000000
vn 0.000000 -1.000000 -0.000000
vn 0.000000 -1.000000 0.000000
vn 0.000000 -1.000000 -0.000000
vn 0.000000 -1.000000 -0.000000
vn 0.000000 -1.000000 -0.000000
vn 0.000000 -1.000000 -0.000000
vn 0.000000 -1.000000 0.000000
vn 0.000000 -1.000000 -0.000000
vn 0.000000 -1.000000 -0.000000
vn 0.000000 -1.000000 0.000000
vn 0.000000 -1.000000 0.000000
vn 0.000000 -1.000000 -0.000000
vn 0.000000 -1.000000 -0.000001
vn 0.000000 -1.000000 0.000000
vn 0.000000 -1.000000 -0.000000
vn 0.000000 -1.000000 0.000000
vn 0.000000 -1.000000 -0.000001
vn 0.000000 -1.000000 -0.000000
vn 0.891007 -0.000000 -0.453990
vn 0.891007 -0.000000 -0.453990
vn 0.891007 -0.000000 -0.453990
vn 0.891007 -0.000000 -0.453990
vn 0.707107 -0.000000 -0.707107
vn 0.707107 -0.000000 -0.707107
vn 0.707107 -0.000000 -0.707107
vn 0.707107 -0.000000 -0.707107
vn 0.453990 -0.000000 -0.891007
vn 0.453990 -0.000000 -0.891007
vn 0.453990 -0.000000 -0.891007
vn 0.453990 -0.000000 -0.891007
vn 0.156434 -0.000000 -0.987688
vn 0.156434 -0.000000 -0.987688
vn 0.156434 -0.000000 -0.987688
vn 0.156434 -0.000000 -0.987688
vn -0.156435 -0.000000 -0.987688
vn -0.156435 -0.000000 -0.987688
vn -0.156435 -0.000000 -0.987688
vn -0.156435 -0.000000 -0.987688
vn -0.453991 -0.000000 -0.891006
vn -0.453991 -0.000000 -0.891006
vn -0.453991 -0.000000 -0.891006
vn -0.453991 -0.000000 -0.891006
vn -0.707107 -0.000000 -0.707107
vn -0.707107 -0.000000 -0.707107
vn -0.707107 -0.000000 -0.707107
vn -0.707107 -0.000000 -0.707107
vn -0.891007 -0.000000 -0.453990
vn -0.891007 -0.000000 -0.453990
vn -0.891007 -0.000000 -0.453990
vn -0.891007 -0.000000 -0.453990
vn -0.987688 -0.000000 -0.156434
vn -0.987688 -0.000000 -0.156434
vn -0.987688 -0.000000 -0.156434
vn -0.987688 -0.000000 -0.156434
vn -0.987688 -0.000000 0.156434
vn -0.987688 -0.000000 0.156434
vn -0.987688 -0.000000 0.156434
vn -0.987688 -0.000000 0.156434
vn -0.891006 0.000000 0.453990
vn -0.891006 0.000000 0.453990
vn -0.891006 0.000000 0.453990
vn -0.891006 0.000000 0.453990
vn -0.707107 0.000000 0.707107
vn -0.707107 0.000000 0.707107
vn -0.707107 0.000000 0.707107
vn -0.707107 0.000000 0.707107
vn -0.453991 0.000000 0.891006
vn -0.453991 0.000000 0.891006
vn -0.453991 0.000000 0.891006
vn -0.453991 0.000000 0.891006
vn -0.156434 0.000000 0.987688
vn -0.156434 0.000000 0.987688
vn -0.156434 0.000000 0.987688
vn -0.156434 0.000000 0.987688
vn 0.156435 0.000000 0.987688
vn 0.156435 0.000000 0.987688
vn 0.156435 0.000000 0.987688
vn 0.156435 0.000000 0.987688
vn 0.453991 0.000000 0.891006
vn 0.453991 0.000000 0.891006
vn 0.453991 0.000000 0.891006
vn 0.453991 0.000000 0.891006
vn 0.707107 0.000000 0.707107
vn 0.707107 0.000000 0.707107
vn 0.707107 0.000000 0.707107
vn 0.707107 0.000000 0.707107
vn 0.891007 0.000000 0.453990
vn 0.891007 0.000000 0.453990
vn 0.891007 0.000000 0.453990
vn 0.891007 0.000000 0.453990
vn 0.987688 0.000000 0.156434
vn 0.987688 0.000000 0.156434
vn 0.987688 0.000000 0.156434
vn 0.987688 0.000000 0.156434
vn 0.987689 0.000000 -0.156432
vn 0.987689 0.000000 -0.156432
vn 0.987689 0.000000 -0.156432
vn 0.987689 0.000000 -0.156432
vn 0.230935 0.970072 -0.075035
vn 0.196445 0.970072 -0.142725
vn 0.763078 -0.332179 -0.554409
vn 0.897052 -0.332179 -0.291469
vn -0.196444 -0.970072 0.142725
vn -0.230933 -0.970072 0.075034
vn 0.943173 -0.128493 -0.306454
vn 0.802311 -0.128493 -0.582913
vn 0.196445 0.970072 -0.142725
vn 0.142725 0.970072 -0.196445
vn 0.554408 -0.332179 -0.763078
vn 0.763078 -0.332179 -0.554409
vn -0.142725 -0.970072 0.196444
vn -0.196444 -0.970072 0.142725
vn 0.802311 -0.128493 -0.582913
vn 0.582913 -0.128493 -0.802311
vn 0.142725 0.970072 -0.196445
vn 0.075035 0.970072 -0.230934
vn 0.291470 -0.332179 -0.897052
vn 0.554408 -0.332179 -0.763078
vn -0.075035 -0.970072 0.230934
vn -0.142725 -0.970072 0.196444
vn 0.582913 -0.128493 -0.802311
vn 0.306455 -0.128494 -0.943173
vn 0.075035 0.970072 -0.230934
vn -0.000000 0.970072 -0.242818
vn 0.000000 -0.332179 -0.943216
vn 0.291470 -0.332179 -0.897052
vn -0.000000 -0.970072 0.242818
vn -0.075035 -0.970072 0.230934
vn 0.306455 -0.128494 -0.943173
vn -0.000000 -0.128493 -0.991710
vn -0.000000 0.970072 -0.242818
vn -0.075035 0.970072 -0.230934
vn -0.291470 -0.332179 -0.897052
vn 0.000000 -0.332179 -0.943216
vn 0.075035 -0.970072 0.230933
vn -0.000000 -0.970072 0.242818
vn -0.000000 -0.128493 -0.991710
vn -0.306455 -0.128494 -0.943173
vn -0.075035 0.970072 -0.230934
vn -0.142725 0.970072 -0.196444
vn -0.554409 -0.332179 -0.763078
vn -0.291470 -0.332179 -0.897052
vn 0.142725 -0.970072 0.196444
vn 0.075035 -0.970072 0.230933
vn -0.306455 -0.128494 -0.943173
vn -0.582913 -0.128493 -0.802310
vn -0.142725 0.970072 -0.196444
vn -0.196443 0.970072 -0.142724
vn -0.763078 -0.332179 -0.554408
vn -0.554409 -0.332179 -0.763078
vn 0.196444 -0.970072 0.142725
vn 0.142725 -0.970072 0.196444
vn -0.582913 -0.128493 -0.802310
vn -0.802311 -0.128494 -0.582913
vn -0.196443 0.970072 -0.142724
vn -0.230932 0.970072 -0.075034
vn -0.897052 -0.332179 -0.291470
vn -0.763078 -0.332179 -0.554408
vn 0.230934 -0.970072 0.075035
vn 0.196444 -0.970072 0.142725
vn -0.802311 -0.128494 -0.582913
vn -0.943173 -0.128494 -0.306455
vn -0.230932 0.970072 -0.075034
vn -0.242816 0.970072 -0.000000
vn -0.943217 -0.332179 0.000000
vn -0.897052 -0.332179 -0.291470
vn 0.242818 -0.970072 0.000000
vn 0.230934 -0.970072 0.075035
vn -0.943173 -0.128494 -0.306455
vn -0.991710 -0.128493 0.000000
vn -0.242816 0.970072 -0.000000
vn -0.230932 0.970072 0.075035
vn -0.897052 -0.332179 0.291470
vn -0.943217 -0.332179 0.000000
vn 0.230934 -0.970072 -0.075035
vn 0.242818 -0.970072 0.000000
vn -0.991710 -0.128493 0.000000
vn -0.943173 -0.128493 0.306455
vn -0.230932 0.970072 0.075035
vn -0.196443 0.970072 0.142724
vn -0.763078 -0.332179 0.554409
vn -0.897052 -0.332179 0.291470
vn 0.196445 -0.970072 -0.142725
vn 0.230934 -0.970072 -0.075035
vn -0.943173 -0.128493 0.306455
vn -0.802310 -0.128494 0.582913
vn -0.196443 0.970072 0.142724
vn -0.142724 0.970072 0.196444
vn -0.554409 -0.332179 0.763078
vn -0.763078 -0.332179 0.554409
vn 0.142725 -0.970072 -0.196444
vn 0.196445 -0.970072 -0.142725
vn -0.802310 -0.128494 0.582913
vn -0.582913 -0.128494 0.802311
vn -0.142724 0.970072 0.196444
vn -0.075035 0.970072 0.230934
vn -0.291470 -0.332179 0.897052
vn -0.554409 -0.332179 0.763078
vn 0.075035 -0.970072 -0.230935
vn 0.142725 -0.970072 -0.196444
vn -0.582913 -0.128494 0.802311
vn -0.306455 -0.128494 0.943173
vn -0.075035 0.970072 0.230934
vn 0.000000 0.970072 0.242818
vn 0.000000 -0.332179 0.943216
vn -0.291470 -0.332179 0.897052
vn 0.000000 -0.970072 -0.242819
vn 0.075035 -0.970072 -0.230935
vn -0.306455 -0.128494 0.943173
vn 0.000000 -0.128494 0.991710
vn 0.000000 0.970072 0.242818
vn 0.075035 0.970072 0.230933
vn 0.291470 -0.332179 0.897052
vn 0.000000 -0.332179 0.943216
vn -0.075035 -0.970072 -0.230934
vn 0.000000 -0.970072 -0.242819
vn 0.000000 -0.128494 0.991710
vn 0.306455 -0.128494 0.943172
vn 0.075035 0.970072 0.230933
vn 0.142725 0.970072 0.196444
vn 0.554408 -0.332179 0.763078
vn 0.291470 -0.332179 0.897052
vn -0.142725 -0.970072 -0.196444
vn -0.075035 -0.970072 -0.230934
vn 0.306455 -0.128494 0.943172
vn 0.582913 -0.128494 0.802311
vn 0.142725 0.970072 0.196444
vn 0.196445 0.970071 0.142726
vn 0.763078 -0.332179 0.554409
vn 0.554408 -0.332179 0.763078
vn -0.196444 -0.970072 -0.142724
vn -0.142725 -0.970072 -0.196444
vn 0.582913 -0.128494 0.802311
vn 0.802311 -0.128494 0.582913
vn 0.196445 0.970071 0.142726
vn 0.230935 0.970071 0.075036
vn 0.897052 -0.332179 0.291470
vn 0.763078 -0.332179 0.554409
vn -0.230933 -0.970072 -0.075034
vn -0.196444 -0.970072 -0.142724
vn 0.802311 -0.128494 0.582913
vn 0.943173 -0.128493 0.306455
vn 0.230935 0.970071 0.075036
vn 0.242820 0.970071 0.000000
vn 0.943216 -0.332179 0.000001
vn 0.897052 -0.332179 0.291470
vn -0.242817 -0.970072 -0.000000
vn -0.230933 -0.970072 -0.075034
vn 0.943173 -0.128493 0.306455
vn 0.991710 -0.128493 0.000001
vn 0.242820 0.970071 0.000000
vn 0.230935 0.970072 -0.075035
vn 0.897052 -0.332179 -0.291469
vn 0.943216 -0.332179 0.000001
vn -0.230933 -0.970072 0.075034
vn -0.242817 -0.970072 -0.000000
vn 0.991710 -0.128493 0.000001
vn 0.943173 -0.128493 -0.306454
vn -0.503147 0.848597 0.163481
vn -0.428003 0.848596 0.310962
vn 0.715829 0.465945 -0.520081
vn 0.841508 0.465945 -0.273422
vn 0.428004 -0.848596 -0.310963
vn 0.503148 -0.848596 -0.163482
vn 0.784665 0.565067 -0.254952
vn 0.667476 0.565067 -0.484950
vn -0.428003 0.848596 0.310962
vn -0.310963 0.848596 0.428003
vn 0.520080 0.465945 -0.715830
vn 0.715829 0.465945 -0.520081
vn 0.310964 -0.848596 -0.428004
vn 0.428004 -0.848596 -0.310963
vn 0.667476 0.565067 -0.484950
vn 0.484949 0.565066 -0.667476
vn -0.310963 0.848596 0.428003
vn -0.163483 0.848596 0.503148
vn 0.273422 0.465945 -0.841508
vn 0.520080 0.465945 -0.715830
vn 0.163482 -0.848596 -0.503149
vn 0.310964 -0.848596 -0.428004
vn 0.484949 0.565066 -0.667476
vn 0.254953 0.565066 -0.784665
vn -0.163483 0.848596 0.503148
vn -0.000000 0.848595 0.529042
vn -0.000000 0.465945 -0.884814
vn 0.273422 0.465945 -0.841508
vn 0.000000 -0.848596 -0.529042
vn 0.163482 -0.848596 -0.503149
vn 0.254953 0.565066 -0.784665
vn -0.000000 0.565066 -0.825045
vn -0.000000 0.848595 0.529042
vn 0.163483 0.848595 0.503149
vn -0.273423 0.465945 -0.841508
vn -0.000000 0.465945 -0.884814
vn -0.163483 -0.848596 -0.503149
vn 0.000000 -0.848596 -0.529042
vn -0.000000 0.565066 -0.825045
vn -0.254953 0.565066 -0.784665
vn 0.163483 0.848595 0.503149
vn 0.310963 0.848596 0.428004
vn -0.520081 0.465945 -0.715829
vn -0.273423 0.465945 -0.841508
vn -0.310964 -0.848595 -0.428004
vn -0.163483 -0.848596 -0.503149
vn -0.254953 0.565066 -0.784665
vn -0.484950 0.565066 -0.667476
vn 0.310963 0.848596 0.428004
vn 0.428004 0.848596 0.310963
vn -0.715830 0.465945 -0.520080
vn -0.520081 0.465945 -0.715829
vn -0.428005 -0.848595 -0.310964
vn -0.310964 -0.848595 -0.428004
vn -0.484950 0.565066 -0.667476
vn -0.667476 0.565066 -0.484949
vn 0.428004 0.848596 0.310963
vn 0.503147 0.848597 0.163482
vn -0.841508 0.465944 -0.273422
vn -0.715830 0.465945 -0.520080
vn -0.503150 -0.848595 -0.163483
vn -0.428005 -0.848595 -0.310964
vn -0.667476 0.565066 -0.484949
vn -0.784665 0.565066 -0.254953
vn 0.503147 0.848597 0.163482
vn 0.529040 0.848597 -0.000000
vn -0.884814 0.465945 0.000000
vn -0.841508 0.465944 -0.273422
vn -0.529043 -0.848595 0.000000
vn -0.503150 -0.848595 -0.163483
vn -0.784665 0.565066 -0.254953
vn -0.825046 0.565066 -0.000000
vn 0.529040 0.848597 -0.000000
vn 0.503148 0.848596 -0.163482
vn -0.841508 0.465945 0.273422
vn -0.884814 0.465945 0.000000
vn -0.503149 -0.848595 0.163483
vn -0.529043 -0.848595 0.000000
vn -0.825046 0.565066 -0.000000
vn -0.784665 0.565066 0.254953
vn 0.503148 0.848596 -0.163482
vn 0.428003 0.848596 -0.310963
vn -0.715829 0.465945 0.520081
vn -0.841508 0.465945 0.273422
vn -0.428004 -0.848596 0.310963
vn -0.503149 -0.848595 0.163483
vn -0.784665 0.565066 0.254953
vn -0.667476 0.565066 0.484950
vn 0.428003 0.848596 -0.310963
vn 0.310963 0.848596 -0.428003
vn -0.520081 0.465945 0.715830
vn -0.715829 0.465945 0.520081
vn -0.310963 -0.848596 0.428003
vn -0.428004 -0.848596 0.310963
vn -0.667476 0.565066 0.484950
vn -0.484949 0.565066 0.667476
vn 0.310963 0.848596 -0.428003
vn 0.163483 0.848596 -0.503148
vn -0.273422 0.465945 0.841508
vn -0.520081 0.465945 0.715830
vn -0.163483 -0.848596 0.503148
vn -0.310963 -0.848596 0.428003
vn -0.484949 0.565066 0.667476
vn -0.254953 0.565067 0.784665
vn 0.163483 0.848596 -0.503148
vn 0.000000 0.848595 -0.529043
vn 0.000000 0.465945 0.884814
vn -0.273422 0.465945 0.841508
vn 0.000000 -0.848596 0.529042
vn -0.163483 -0.848596 0.503148
vn -0.254953 0.565067 0.784665
vn 0.000000 0.565066 0.825045
vn 0.000000 0.848595 -0.529043
vn -0.163483 0.848595 -0.503150
vn 0.273423 0.465945 0.841508
vn 0.000000 0.465945 0.884814
vn 0.163483 -0.848595 0.503149
vn 0.000000 -0.848596 0.529042
vn 0.000000 0.565066 0.825045
vn 0.254953 0.565067 0.784665
vn -0.163483 0.848595 -0.503150
vn -0.310963 0.848596 -0.428004
vn 0.520080 0.465945 0.715829
vn 0.273423 0.465945 0.841508
vn 0.310963 -0.848596 0.428004
vn 0.163483 -0.848595 0.503149
vn 0.254953 0.565067 0.784665
vn 0.484949 0.565067 0.667476
vn -0.310963 0.848596 -0.428004
vn -0.428003 0.848597 -0.310962
vn 0.715829 0.465945 0.520081
vn 0.520080 0.465945 0.715829
vn 0.428004 -0.848595 0.310963
vn 0.310963 -0.848596 0.428004
vn 0.484949 0.565067 0.667476
vn 0.667476 0.565066 0.484949
vn -0.428003 0.848597 -0.310962
vn -0.503148 0.848596 -0.163483
vn 0.841508 0.465945 0.273422
vn 0.715829 0.465945 0.520081
vn 0.503148 -0.848596 0.163483
vn 0.428004 -0.848595 0.310963
vn 0.667476 0.565066 0.484949
vn 0.784665 0.565066 0.254953
vn -0.503148 0.848596 -0.163483
vn -0.529040 0.848597 0.000000
vn 0.884814 0.465945 0.000001
vn 0.841508 0.465945 0.273422
vn 0.529040 -0.848597 0.000000
vn 0.503148 -0.848596 0.163483
vn 0.784665 0.565066 0.254953
vn 0.825045 0.565066 0.000001
vn -0.529040 0.848597 0.000000
vn -0.503147 0.848597 0.163481
vn 0.841508 0.465945 -0.273422
vn 0.884814 0.465945 0.000001
vn 0.503148 -0.848596 -0.163482
vn 0.529040 -0.848597 0.000000
vn 0.825045 0.565066 0.000001
vn 0.784665 0.565067 -0.254952
vn -0.651783 0.728238 0.211776
vn -0.554438 0.728238 0.402824
vn 0.595234 0.677253 -0.432463
vn 0.699740 0.677253 -0.227359
vn 0.554439 -0.728237 -0.402824
vn 0.651783 -0.728237 -0.211777
vn 0.684781 0.693952 -0.222498
vn 0.582509 0.693952 -0.423218
vn -0.554438 0.728238 0.402824
vn -0.402823 0.728239 0.554438
vn 0.432463 0.677253 -0.595234
vn 0.595234 0.677253 -0.432463
vn 0.402824 -0.728237 -0.554439
vn 0.554439 -0.728237 -0.402824
vn 0.582509 0.693952 -0.423218
vn 0.423218 0.693952 -0.582510
vn -0.402823 0.728239 0.554438
vn -0.211777 0.728238 0.651782
vn 0.227359 0.677253 -0.699740
vn 0.432463 0.677253 -0.595234
vn 0.211776 -0.728238 -0.651783
vn 0.402824 -0.728237 -0.554439
vn 0.423218 0.693952 -0.582510
vn 0.222499 0.693952 -0.684781
vn -0.211777 0.728238 0.651782
vn -0.000001 0.728237 0.685326
vn -0.000000 0.677253 -0.735750
vn 0.227359 0.677253 -0.699740
vn -0.000000 -0.728237 -0.685325
vn 0.211776 -0.728238 -0.651783
vn 0.222499 0.693952 -0.684781
vn -0.000000 0.693952 -0.720022
vn -0.000001 0.728237 0.685326
vn 0.211778 0.728237 0.651783
vn -0.227359 0.677253 -0.699740
vn -0.000000 0.677253 -0.735750
vn -0.211777 -0.728237 -0.651783
vn -0.000000 -0.728237 -0.685325
vn -0.000000 0.693952 -0.720022
vn -0.222499 0.693952 -0.684781
vn 0.211778 0.728237 0.651783
vn 0.402824 0.728238 0.554439
vn -0.432463 0.677253 -0.595234
vn -0.227359 0.677253 -0.699740
vn -0.402825 -0.728238 -0.554439
vn -0.211777 -0.728237 -0.651783
vn -0.222499 0.693952 -0.684781
vn -0.423218 0.693952 -0.582510
vn 0.402824 0.728238 0.554439
vn 0.554439 0.728238 0.402823
vn -0.595235 0.677253 -0.432463
vn -0.432463 0.677253 -0.595234
vn -0.554439 -0.728238 -0.402824
vn -0.402825 -0.728238 -0.554439
vn -0.423218 0.693952 -0.582510
vn -0.582510 0.693952 -0.423218
vn 0.554439 0.728238 0.402823
vn 0.651782 0.728238 0.211776
vn -0.699740 0.677253 -0.227359
vn -0.595235 0.677253 -0.432463
vn -0.651783 -0.728237 -0.211777
vn -0.554439 -0.728238 -0.402824
vn -0.582510 0.693952 -0.423218
vn -0.684781 0.693952 -0.222499
vn 0.651782 0.728238 0.211776
vn 0.685325 0.728238 0.000000
vn -0.735750 0.677253 -0.000000
vn -0.699740 0.677253 -0.227359
vn -0.685326 -0.728237 -0.000000
vn -0.651783 -0.728237 -0.211777
vn -0.684781 0.693952 -0.222499
vn -0.720022 0.693952 -0.000000
vn 0.685325 0.728238 0.000000
vn 0.651783 0.728237 -0.211777
vn -0.699740 0.677253 0.227359
vn -0.735750 0.677253 -0.000000
vn -0.651783 -0.728237 0.211777
vn -0.685326 -0.728237 -0.000000
vn -0.720022 0.693952 -0.000000
vn -0.684781 0.693952 0.222499
vn 0.651783 0.728237 -0.211777
vn 0.554439 0.728238 -0.402823
vn -0.595235 0.677253 0.432463
vn -0.699740 0.677253 0.227359
vn -0.554439 -0.728238 0.402823
vn -0.651783 -0.728237 0.211777
vn -0.684781 0.693952 0.222499
vn -0.582510 0.693952 0.423218
vn 0.554439 0.728238 -0.402823
vn 0.402822 0.728239 -0.554439
vn -0.432463 0.677253 0.595235
vn -0.595235 0.677253 0.432463
vn -0.402822 -0.728239 0.554439
vn -0.554439 -0.728238 0.402823
vn -0.582510 0.693952 0.423218
vn -0.423218 0.693952 0.582510
vn 0.402822 0.728239 -0.554439
vn 0.211777 0.728238 -0.651782
vn -0.227359 0.677253 0.699740
vn -0.432463 0.677253 0.595235
vn -0.211777 -0.728239 0.651781
vn -0.402822 -0.728239 0.554439
vn -0.423218 0.693952 0.582510
vn -0.222499 0.693952 0.684781
vn 0.211777 0.728238 -0.651782
vn -0.000000 0.728238 -0.685324
vn 0.000000 0.677253 0.735750
vn -0.227359 0.677253 0.699740
vn 0.000000 -0.728238 0.685324
vn -0.211777 -0.728239 0.651781
vn -0.222499 0.693952 0.684781
vn 0.000000 0.693952 0.720021
vn -0.000000 0.728238 -0.685324
vn -0.211777 0.728238 -0.651782
vn 0.227359 0.677253 0.699740
vn 0.000000 0.677253 0.735750
vn 0.211777 -0.728238 0.651782
vn 0.000000 -0.728238 0.685324
vn 0.000000 0.693952 0.720021
vn 0.222499 0.693952 0.684781
vn -0.211777 0.728238 -0.651782
vn -0.402824 0.728239 -0.554438
vn 0.432463 0.677253 0.595234
vn 0.227359 0.677253 0.699740
vn 0.402823 -0.728238 0.554439
vn 0.211777 -0.728238 0.651782
vn 0.222499 0.693952 0.684781
vn 0.423218 0.693952 0.582510
vn -0.402824 0.728239 -0.554438
vn -0.554439 0.728239 -0.402823
vn 0.595234 0.677253 0.432463
vn 0.432463 0.677253 0.595234
vn 0.554439 -0.728238 0.402824
vn 0.402823 -0.728238 0.554439
vn 0.423218 0.693952 0.582510
vn 0.582510 0.693952 0.423218
vn -0.554439 0.728239 -0.402823
vn -0.651782 0.728238 -0.211777
vn 0.699740 0.677253 0.227359
vn 0.595234 0.677253 0.432463
vn 0.651783 -0.728237 0.211778
vn 0.554439 -0.728238 0.402824
vn 0.582510 0.693952 0.423218
vn 0.684781 0.693952 0.222499
vn -0.651782 0.728238 -0.211777
vn -0.685325 0.728237 -0.000001
vn 0.735750 0.677253 0.000001
vn 0.699740 0.677253 0.227359
vn 0.685326 -0.728236 0.000001
vn 0.651783 -0.728237 0.211778
vn 0.684781 0.693952 0.222499
vn 0.720022 0.693952 0.000001
vn -0.685325 0.728237 -0.000001
vn -0.651783 0.728238 0.211776
vn 0.699740 0.677253 -0.227359
vn 0.735750 0.677253 0.000001
vn 0.651783 -0.728237 -0.211777
vn 0.685326 -0.728236 0.000001
vn 0.720022 0.693952 0.000001
vn 0.684781 0.693952 -0.222498
s off
g Adorno
usemtl AdornoSG
f 1/21/1 2/22/2 22/43/3 21/42/4
f 2/22/5 3/23/6 23/44/7 22/43/8
f 3/23/9 4/24/10 24/45/11 23/44/12
f 4/24/13 5/25/14 25/46/15 24/45/16
f 5/25/17 6/26/18 26/47/19 25/46/20
f 6/26/21 7/27/22 27/48/23 26/47/24
f 7/27/25 8/28/26 28/49/27 27/48/28
f 8/28/29 9/29/30 29/50/31 28/49/32
f 9/29/33 10/30/34 30/51/35 29/50/36
f 10/30/37 11/31/38 31/52/39 30/51/40
f 11/31/41 12/32/42 32/53/43 31/52/44
f 12/32/45 13/33/46 33/54/47 32/53/48
f 13/33/49 14/34/50 34/55/51 33/54/52
f 14/34/53 15/35/54 35/56/55 34/55/56
f 15/35/57 16/36/58 36/57/59 35/56/60
f 16/36/61 17/37/62 37/58/63 36/57/64
f 17/37/65 18/38/66 38/59/67 37/58/68
f 18/38/69 19/39/70 39/60/71 38/59/72
f 19/39/73 20/40/74 40/61/75 39/60/76
f 20/40/77 1/41/78 21/62/79 40/61/80
f 21/42/81 22/43/82 42/64/83 41/63/84
f 22/43/85 23/44/86 43/65/87 42/64/88
f 23/44/89 24/45/90 44/66/91 43/65/92
f 24/45/93 25/46/94 45/67/95 44/66/96
f 25/46/97 26/47/98 46/68/99 45/67/100
f 26/47/101 27/48/102 47/69/103 46/68/104
f 27/48/105 28/49/106 48/70/107 47/69/108
f 28/49/109 29/50/110 49/71/111 48/70/112
f 29/50/113 30/51/114 50/72/115 49/71/116
f 30/51/117 31/52/118 51/73/119 50/72/120
f 31/52/121 32/53/122 52/74/123 51/73/124
f 32/53/125 33/54/126 53/75/127 52/74/128
f 33/54/129 34/55/130 54/76/131 53/75/132
f 34/55/133 35/56/134 55/77/135 54/76/136
f 35/56/137 36/57/138 56/78/139 55/77/140
f 36/57/141 37/58/142 57/79/143 56/78/144
f 37/58/145 38/59/146 58/80/147 57/79/148
f 38/59/149 39/60/150 59/81/151 58/80/152
f 39/60/153 40/61/154 60/82/155 59/81/156
f 40/61/157 21/62/158 41/83/159 60/82/160
f 41/63/161 42/64/162 62/85/163 61/84/164
f 42/64/165 43/65/166 63/86/167 62/85/168
f 43/65/169 44/66/170 64/87/171 63/86/172
f 44/66/173 45/67/174 65/88/175 64/87/176
f 45/67/177 46/68/178 66/89/179 65/88/180
f 46/68/181 47/69/182 67/90/183 66/89/184
f 47/69/185 48/70/186 68/91/187 67/90/188
f 48/70/189 49/71/190 69/92/191 68/91/192
f 49/71/193 50/72/194 70/93/195 69/92/196
f 50/72/197 51/73/198 71/94/199 70/93/200
f 51/73/201 52/74/202 72/95/203 71/94/204
f 52/74/205 53/75/206 73/96/207 72/95/208
f 53/75/209 54/76/210 74/97/211 73/96/212
f 54/76/213 55/77/214 75/98/215 74/97/216
f 55/77/217 56/78/218 76/99/219 75/98/220
f 56/78/221 57/79/222 77/100/223 76/99/224
f 57/79/225 58/80/226 78/101/227 77/100/228
f 58/80/229 59/81/230 79/102/231 78/101/232
f 59/81/233 60/82/234 80/103/235 79/102/236
f 60/82/237 41/83/238 61/104/239 80/103/240
f 61/84/241 62/85/242 82/106/243 81/105/244
f 62/85/245 63/86/246 83/107/247 82/106/248
f 63/86/249 64/87/250 84/108/251 83/107/252
f 64/87/253 65/88/254 85/109/255 84/108/256
f 65/88/257 66/89/258 86/110/259 85/109/260
f 66/89/261 67/90/262 87/111/263 86/110/264
f 67/90/265 68/91/266 88/112/267 87/111/268
f 68/91/269 69/92/270 89/113/271 88/112/272
f 69/92/273 70/93/274 90/114/275 89/113/276
f 70/93/277 71/94/278 91/115/279 90/114/280
f 71/94/281 72/95/282 92/116/283 91/115/284
f 72/95/285 73/96/286 93/117/287 92/116/288
f 73/96/289 74/97/290 94/118/291 93/117/292
f 74/97/293 75/98/294 95/119/295 94/118/296
f 75/98/297 76/99/298 96/120/299 95/119/300
f 76/99/301 77/100/302 97/121/303 96/120/304
f 77/100/305 78/101/306 98/122/307 97/121/308
f 78/101/309 79/102/310 99/123/311 98/122/312
f 79/102/313 80/103/314 100/124/315 99/123/316
f 80/103/317 61/104/318 81/125/319 100/124/320
f 81/105/321 82/106/322 102/127/323 101/126/324
f 82/106/325 83/107/326 103/128/327 102/127/328
f 83/107/329 84/108/330 104/129/331 103/128/332
f 84/108/333 85/109/334 105/130/335 104/129/336
f 85/109/337 86/110/338 106/131/339 105/130/340
f 86/110/341 87/111/342 107/132/343 106/131/344
f 87/111/345 88/112/346 108/133/347 107/132/348
f 88/112/349 89/113/350 109/134/351 108/133/352
f 89/113/353 90/114/354 110/135/355 109/134/356
f 90/114/357 91/115/358 111/136/359 110/135/360
f 91/115/361 92/116/362 112/137/363 111/136/364
f 92/116/365 93/117/366 113/138/367 112/137/368
f 93/117/369 94/118/370 114/139/371 113/138/372
f 94/118/373 95/119/374 115/140/375 114/139/376
f 95/119/377 96/120/378 116/141/379 115/140/380
f 96/120/381 97/121/382 117/142/383 116/141/384
f 97/121/385 98/122/386 118/143/387 117/142/388
f 98/122/389 99/123/390 119/144/391 118/143/392
f 99/123/393 100/124/394 120/145/395 119/144/396
f 100/124/397 81/125/398 101/146/399 120/145/400
f 101/126/401 102/127/402 122/148/403 121/147/404
f 102/127/405 103/128/406 123/149/407 122/148/408
f 103/128/409 104/129/410 124/150/411 123/149/412
f 104/129/413 105/130/414 125/151/415 124/150/416
f 105/130/417 106/131/418 126/152/419 125/151/420
f 106/131/421 107/132/422 127/153/423 126/152/424
f 107/132/425 108/133/426 128/154/427 127/153/428
f 108/133/429 109/134/430 129/155/431 128/154/432
f 109/134/433 110/135/434 130/156/435 129/155/436
f 110/135/437 111/136/438 131/157/439 130/156/440
f 111/136/441 112/137/442 132/158/443 131/157/444
f 112/137/445 113/138/446 133/159/447 132/158/448
f 113/138/449 114/139/450 134/160/451 133/159/452
f 114/139/453 115/140/454 135/161/455 134/160/456
f 115/140/457 116/141/458 136/162/459 135/161/460
f 116/141/461 117/142/462 137/163/463 136/162/464
f 117/142/465 118/143/466 138/164/467 137/163/468
f 118/143/469 119/144/470 139/165/471 138/164/472
f 119/144/473 120/145/474 140/166/475 139/165/476
f 120/145/477 101/146/478 121/167/479 140/166/480
f 121/147/481 122/148/482 142/169/483 141/168/484
f 122/148/485 123/149/486 143/170/487 142/169/488
f 123/149/489 124/150/490 144/171/491 143/170/492
f 124/150/493 125/151/494 145/172/495 144/171/496
f 125/151/497 126/152/498 146/173/499 145/172/500
f 126/152/501 127/153/502 147/174/503 146/173/504
f 127/153/505 128/154/506 148/175/507 147/174/508
f 128/154/509 129/155/510 149/176/511 148/175/512
f 129/155/513 130/156/514 150/177/515 149/176/516
f 130/156/517 131/157/518 151/178/519 150/177/520
f 131/157/521 132/158/522 152/179/523 151/178/524
f 132/158/525 133/159/526 153/180/527 152/179/528
f 133/159/529 134/160/530 154/181/531 153/180/532
f 134/160/533 135/161/534 155/182/535 154/181/536
f 135/161/537 136/162/538 156/183/539 155/182/540
f 136/162/541 137/163/542 157/184/543 156/183/544
f 137/163/545 138/164/546 158/185/547 157/184/548
f 138/164/549 139/165/550 159/186/551 158/185/552
f 139/165/553 140/166/554 160/187/555 159/186/556
f 140/166/557 121/167/558 141/188/559 160/187/560
f 141/168/561 142/169/562 162/901/563 161/881/564
f 142/169/565 143/170/566 163/900/567 162/901/568
f 143/170/569 144/171/570 164/899/571 163/900/572
f 144/171/573 145/172/574 165/898/575 164/899/576
f 145/172/577 146/173/578 166/897/579 165/898/580
f 146/173/581 147/174/582 167/896/583 166/897/584
f 147/174/585 148/175/586 168/895/587 167/896/588
f 148/175/589 149/176/590 169/894/591 168/895/592
f 149/176/593 150/177/594 170/893/595 169/894/596
f 150/177/597 151/178/598 171/892/599 170/893/600
f 151/178/601 152/179/602 172/891/603 171/892/604
f 152/179/605 153/180/606 173/890/607 172/891/608
f 153/180/609 154/181/610 174/889/611 173/890/612
f 154/181/613 155/182/614 175/888/615 174/889/616
f 155/182/617 156/183/618 176/887/619 175/888/620
f 156/183/621 157/184/622 177/886/623 176/887/624
f 157/184/625 158/185/626 178/885/627 177/886/628
f 158/185/629 159/186/630 179/884/631 178/885/632
f 159/186/633 160/187/634 180/883/635 179/884/636
f 160/187/637 141/188/638 161/209/639 180/883/640
f 463/499/641 462/880/642 464/501/643 465/839/644
f 462/880/645 466/879/646 467/504/647 464/501/648
f 466/879/649 468/878/650 469/506/651 467/504/652
f 468/878/653 470/877/654 471/508/655 469/506/656
f 470/877/657 472/876/658 473/510/659 471/508/660
f 472/876/661 474/875/662 475/512/663 473/510/664
f 474/875/665 476/874/666 477/514/667 475/512/668
f 476/874/669 478/873/670 479/516/671 477/514/672
f 478/873/673 480/872/674 481/518/675 479/516/676
f 480/872/677 482/871/678 483/520/679 481/518/680
f 482/871/681 484/870/682 485/522/683 483/520/684
f 484/870/685 486/869/686 487/524/687 485/522/688
f 486/869/689 488/868/690 489/526/691 487/524/692
f 488/868/693 490/867/694 491/528/695 489/526/696
f 490/867/697 492/866/698 493/530/699 491/528/700
f 492/866/701 494/865/702 495/532/703 493/530/704
f 494/865/705 496/864/706 497/534/707 495/532/708
f 496/864/709 498/863/710 499/536/711 497/534/712
f 498/863/713 500/862/714 501/538/715 499/536/716
f 500/862/717 463/539/718 465/840/719 501/538/720
f 181/210/721 182/838/722 202/232/723 201/231/724
f 182/838/725 183/837/726 203/233/727 202/232/728
f 183/837/729 184/836/730 204/234/731 203/233/732
f 184/836/733 185/835/734 205/235/735 204/234/736
f 185/835/737 186/834/738 206/236/739 205/235/740
f 186/834/741 187/833/742 207/237/743 206/236/744
f 187/833/745 188/832/746 208/238/747 207/237/748
f 188/832/749 189/831/750 209/239/751 208/238/752
f 189/831/753 190/830/754 210/240/755 209/239/756
f 190/830/757 191/829/758 211/241/759 210/240/760
f 191/829/761 192/828/762 212/242/763 211/241/764
f 192/828/765 193/827/766 213/243/767 212/242/768
f 193/827/769 194/826/770 214/244/771 213/243/772
f 194/826/773 195/825/774 215/245/775 214/244/776
f 195/825/777 196/824/778 216/246/779 215/245/780
f 196/824/781 197/823/782 217/247/783 216/246/784
f 197/823/785 198/822/786 218/248/787 217/247/788
f 198/822/789 199/821/790 219/249/791 218/248/792
f 199/821/793 200/820/794 220/250/795 219/249/796
f 200/820/797 181/818/798 201/251/799 220/250/800
f 201/231/801 202/232/802 222/253/803 221/252/804
f 202/232/805 203/233/806 223/254/807 222/253/808
f 203/233/809 204/234/810 224/255/811 223/254/812
f 204/234/813 205/235/814 225/256/815 224/255/816
f 205/235/817 206/236/818 226/257/819 225/256/820
f 206/236/821 207/237/822 227/258/823 226/257/824
f 207/237/825 208/238/826 228/259/827 227/258/828
f 208/238/829 209/239/830 229/260/831 228/259/832
f 209/239/833 210/240/834 230/261/835 229/260/836
f 210/240/837 211/241/838 231/262/839 230/261/840
f 211/241/841 212/242/842 232/263/843 231/262/844
f 212/242/845 213/243/846 233/264/847 232/263/848
f 213/243/849 214/244/850 234/265/851 233/264/852
f 214/244/853 215/245/854 235/266/855 234/265/856
f 215/245/857 216/246/858 236/267/859 235/266/860
f 216/246/861 217/247/862 237/268/863 236/267/864
f 217/247/865 218/248/866 238/269/867 237/268/868
f 218/248/869 219/249/870 239/270/871 238/269/872
f 219/249/873 220/250/874 240/271/875 239/270/876
f 220/250/877 201/251/878 221/272/879 240/271/880
f 221/252/881 222/253/882 242/754/883 241/734/884
f 222/253/885 223/254/886 243/753/887 242/754/888
f 223/254/889 224/255/890 244/752/891 243/753/892
f 224/255/893 225/256/894 245/751/895 244/752/896
f 225/256/897 226/257/898 246/750/899 245/751/900
f 226/257/901 227/258/902 247/749/903 246/750/904
f 227/258/905 228/259/906 248/748/907 247/749/908
f 228/259/909 229/260/910 249/747/911 248/748/912
f 229/260/913 230/261/914 250/746/915 249/747/916
f 230/261/917 231/262/918 251/745/919 250/746/920
f 231/262/921 232/263/922 252/744/923 251/745/924
f 232/263/925 233/264/926 253/743/927 252/744/928
f 233/264/929 234/265/930 254/742/931 253/743/932
f 234/265/933 235/266/934 255/741/935 254/742/936
f 235/266/937 236/267/938 256/740/939 255/741/940
f 236/267/941 237/268/942 257/739/943 256/740/944
f 237/268/945 238/269/946 258/738/947 257/739/948
f 238/269/949 239/270/950 259/737/951 258/738/952
f 239/270/953 240/271/954 260/736/955 259/737/956
f 240/271/957 221/272/958 241/293/959 260/736/960
f 503/541/961 502/796/962 504/543/963 505/797/964
f 502/796/965 506/795/966 507/546/967 504/543/968
f 506/795/969 508/794/970 509/548/971 507/546/972
f 508/794/973 510/793/974 511/550/975 509/548/976
f 510/793/977 512/792/978 513/552/979 511/550/980
f 512/792/981 514/791/982 515/554/983 513/552/984
f 514/791/985 516/790/986 517/556/987 515/554/988
f 516/790/989 518/789/990 519/558/991 517/556/992
f 518/789/993 520/788/994 521/560/995 519/558/996
f 520/788/997 522/787/998 523/562/999 521/560/1000
f 522/787/1001 524/786/1002 525/564/1003 523/562/1004
f 524/786/1005 526/785/1006 527/566/1007 525/564/1008
f 526/785/1009 528/784/1010 529/568/1011 527/566/1012
f 528/784/1013 530/783/1014 531/570/1015 529/568/1016
f 530/783/1017 532/782/1018 533/572/1019 531/570/1020
f 532/782/1021 534/781/1022 535/574/1023 533/572/1024
f 534/781/1025 536/780/1026 537/576/1027 535/574/1028
f 536/780/1029 538/779/1030 539/578/1031 537/576/1032
f 538/779/1033 540/778/1034 541/580/1035 539/578/1036
f 540/778/1037 503/581/1038 505/798/1039 541/580/1040
f 261/294/1041 262/712/1042 282/316/1043 281/315/1044
f 262/712/1045 263/711/1046 283/317/1047 282/316/1048
f 263/711/1049 264/710/1050 284/318/1051 283/317/1052
f 264/710/1053 265/709/1054 285/319/1055 284/318/1056
f 265/709/1057 266/708/1058 286/320/1059 285/319/1060
f 266/708/1061 267/707/1062 287/321/1063 286/320/1064
f 267/707/1065 268/706/1066 288/322/1067 287/321/1068
f 268/706/1069 269/705/1070 289/323/1071 288/322/1072
f 269/705/1073 270/704/1074 290/324/1075 289/323/1076
f 270/704/1077 271/703/1078 291/325/1079 290/324/1080
f 271/703/1081 272/702/1082 292/326/1083 291/325/1084
f 272/702/1085 273/701/1086 293/327/1087 292/326/1088
f 273/701/1089 274/700/1090 294/328/1091 293/327/1092
f 274/700/1093 275/699/1094 295/329/1095 294/328/1096
f 275/699/1097 276/698/1098 296/330/1099 295/329/1100
f 276/698/1101 277/697/1102 297/331/1103 296/330/1104
f 277/697/1105 278/696/1106 298/332/1107 297/331/1108
f 278/696/1109 279/695/1110 299/333/1111 298/332/1112
f 279/695/1113 280/694/1114 300/334/1115 299/333/1116
f 280/694/1117 261/692/1118 281/335/1119 300/334/1120
f 281/315/1121 282/316/1122 302/337/1123 301/336/1124
f 282/316/1125 283/317/1126 303/338/1127 302/337/1128
f 283/317/1129 284/318/1130 304/339/1131 303/338/1132
f 284/318/1133 285/319/1134 305/340/1135 304/339/1136
f 285/319/1137 286/320/1138 306/341/1139 305/340/1140
f 286/320/1141 287/321/1142 307/342/1143 306/341/1144
f 287/321/1145 288/322/1146 308/343/1147 307/342/1148
f 288/322/1149 289/323/1150 309/344/1151 308/343/1152
f 289/323/1153 290/324/1154 310/345/1155 309/344/1156
f 290/324/1157 291/325/1158 311/346/1159 310/345/1160
f 291/325/1161 292/326/1162 312/347/1163 311/346/1164
f 292/326/1165 293/327/1166 313/348/1167 312/347/1168
f 293/327/1169 294/328/1170 314/349/1171 313/348/1172
f 294/328/1173 295/329/1174 315/350/1175 314/349/1176
f 295/329/1177 296/330/1178 316/351/1179 315/350/1180
f 296/330/1181 297/331/1182 317/352/1183 316/351/1184
f 297/331/1185 298/332/1186 318/353/1187 317/352/1188
f 298/332/1189 299/333/1190 319/354/1191 318/353/1192
f 299/333/1193 300/334/1194 320/355/1195 319/354/1196
f 300/334/1197 281/335/1198 301/356/1199 320/355/1200
f 301/336/1201 302/337/1202 322/733/1203 321/713/1204
f 302/337/1205 303/338/1206 323/732/1207 322/733/1208
f 303/338/1209 304/339/1210 324/731/1211 323/732/1212
f 304/339/1213 305/340/1214 325/730/1215 324/731/1216
f 305/340/1217 306/341/1218 326/729/1219 325/730/1220
f 306/341/1221 307/342/1222 327/728/1223 326/729/1224
f 307/342/1225 308/343/1226 328/727/1227 327/728/1228
f 308/343/1229 309/344/1230 329/726/1231 328/727/1232
f 309/344/1233 310/345/1234 330/725/1235 329/726/1236
f 310/345/1237 311/346/1238 331/724/1239 330/725/1240
f 311/346/1241 312/347/1242 332/723/1243 331/724/1244
f 312/347/1245 313/348/1246 333/722/1247 332/723/1248
f 313/348/1249 314/349/1250 334/721/1251 333/722/1252
f 314/349/1253 315/350/1254 335/720/1255 334/721/1256
f 315/350/1257 316/351/1258 336/719/1259 335/720/1260
f 316/351/1261 317/352/1262 337/718/1263 336/719/1264
f 317/352/1265 318/353/1266 338/717/1267 337/718/1268
f 318/353/1269 319/354/1270 339/716/1271 338/717/1272
f 319/354/1273 320/355/1274 340/715/1275 339/716/1276
f 320/355/1277 301/356/1278 321/377/1279 340/715/1280
f 543/583/1281 542/775/1282 544/585/1283 545/666/1284
f 542/775/1285 546/774/1286 547/588/1287 544/585/1288
f 546/774/1289 548/773/1290 549/590/1291 547/588/1292
f 548/773/1293 550/772/1294 551/592/1295 549/590/1296
f 550/772/1297 552/771/1298 553/594/1299 551/592/1300
f 552/771/1301 554/770/1302 555/596/1303 553/594/1304
f 554/770/1305 556/769/1306 557/598/1307 555/596/1308
f 556/769/1309 558/768/1310 559/600/1311 557/598/1312
f 558/768/1313 560/767/1314 561/602/1315 559/600/1316
f 560/767/1317 562/766/1318 563/604/1319 561/602/1320
f 562/766/1321 564/765/1322 565/606/1323 563/604/1324
f 564/765/1325 566/764/1326 567/608/1327 565/606/1328
f 566/764/1329 568/763/1330 569/610/1331 567/608/1332
f 568/763/1333 570/762/1334 571/612/1335 569/610/1336
f 570/762/1337 572/761/1338 573/614/1339 571/612/1340
f 572/761/1341 574/760/1342 575/616/1343 573/614/1344
f 574/760/1345 576/759/1346 577/618/1347 575/616/1348
f 576/759/1349 578/758/1350 579/620/1351 577/618/1352
f 578/758/1353 580/757/1354 581/622/1355 579/620/1356
f 580/757/1357 543/623/1358 545/667/1359 581/622/1360
f 341/691/1361 342/665/1362 362/399/1363 361/398/1364
f 342/665/1365 343/664/1366 363/400/1367 362/399/1368
f 343/664/1369 344/663/1370 364/401/1371 363/400/1372
f 344/663/1373 345/662/1374 365/402/1375 364/401/1376
f 345/662/1377 346/661/1378 366/403/1379 365/402/1380
f 346/661/1381 347/660/1382 367/404/1383 366/403/1384
f 347/660/1385 348/659/1386 368/405/1387 367/404/1388
f 348/659/1389 349/658/1390 369/406/1391 368/405/1392
f 349/658/1393 350/657/1394 370/407/1395 369/406/1396
f 350/657/1397 351/656/1398 371/408/1399 370/407/1400
f 351/656/1401 352/655/1402 372/409/1403 371/408/1404
f 352/655/1405 353/654/1406 373/410/1407 372/409/1408
f 353/654/1409 354/653/1410 374/411/1411 373/410/1412
f 354/653/1413 355/652/1414 375/412/1415 374/411/1416
f 355/652/1417 356/651/1418 376/413/1419 375/412/1420
f 356/651/1421 357/650/1422 377/414/1423 376/413/1424
f 357/650/1425 358/649/1426 378/415/1427 377/414/1428
f 358/649/1429 359/648/1430 379/416/1431 378/415/1432
f 359/648/1433 360/647/1434 380/417/1435 379/416/1436
f 360/647/1437 341/645/1438 361/690/1439 380/417/1440
f 361/398/1441 362/399/1442 382/419/1443 381/418/1444
f 362/399/1445 363/400/1446 383/420/1447 382/419/1448
f 363/400/1449 364/401/1450 384/421/1451 383/420/1452
f 364/401/1453 365/402/1454 385/422/1455 384/421/1456
f 365/402/1457 366/403/1458 386/423/1459 385/422/1460
f 366/403/1461 367/404/1462 387/424/1463 386/423/1464
f 367/404/1465 368/405/1466 388/425/1467 387/424/1468
f 368/405/1469 369/406/1470 389/426/1471 388/425/1472
f 369/406/1473 370/407/1474 390/427/1475 389/426/1476
f 370/407/1477 371/408/1478 391/428/1479 390/427/1480
f 371/408/1481 372/409/1482 392/429/1483 391/428/1484
f 372/409/1485 373/410/1486 393/430/1487 392/429/1488
f 373/410/1489 374/411/1490 394/431/1491 393/430/1492
f 374/411/1493 375/412/1494 395/432/1495 394/431/1496
f 375/412/1497 376/413/1498 396/433/1499 395/432/1500
f 376/413/1501 377/414/1502 397/434/1503 396/433/1504
f 377/414/1505 378/415/1506 398/435/1507 397/434/1508
f 378/415/1509 379/416/1510 399/436/1511 398/435/1512
f 379/416/1513 380/417/1514 400/437/1515 399/436/1516
f 380/417/1517 361/690/1518 381/689/1519 400/437/1520
f 381/418/1521 382/419/1522 402/439/1523 401/438/1524
f 382/419/1525 383/420/1526 403/440/1527 402/439/1528
f 383/420/1529 384/421/1530 404/441/1531 403/440/1532
f 384/421/1533 385/422/1534 405/442/1535 404/441/1536
f 385/422/1537 386/423/1538 406/443/1539 405/442/1540
f 386/423/1541 387/424/1542 407/444/1543 406/443/1544
f 387/424/1545 388/425/1546 408/445/1547 407/444/1548
f 388/425/1549 389/426/1550 409/446/1551 408/445/1552
f 389/426/1553 390/427/1554 410/447/1555 409/446/1556
f 390/427/1557 391/428/1558 411/448/1559 410/447/1560
f 391/428/1561 392/429/1562 412/449/1563 411/448/1564
f 392/429/1565 393/430/1566 413/450/1567 412/449/1568
f 393/430/1569 394/431/1570 414/451/1571 413/450/1572
f 394/431/1573 395/432/1574 415/452/1575 414/451/1576
f 395/432/1577 396/433/1578 416/453/1579 415/452/1580
f 396/433/1581 397/434/1582 417/454/1583 416/453/1584
f 397/434/1585 398/435/1586 418/455/1587 417/454/1588
f 398/435/1589 399/436/1590 419/456/1591 418/455/1592
f 399/436/1593 400/437/1594 420/457/1595 419/456/1596
f 400/437/1597 381/689/1598 401/688/1599 420/457/1600
f 401/438/1601 402/439/1602 422/459/1603 421/458/1604
f 402/439/1605 403/440/1606 423/460/1607 422/459/1608
f 403/440/1609 404/441/1610 424/461/1611 423/460/1612
f 404/441/1613 405/442/1614 425/462/1615 424/461/1616
f 405/442/1617 406/443/1618 426/463/1619 425/462/1620
f 406/443/1621 407/444/1622 427/464/1623 426/463/1624
f 407/444/1625 408/445/1626 428/465/1627 427/464/1628
f 408/445/1629 409/446/1630 429/466/1631 428/465/1632
f 409/446/1633 410/447/1634 430/467/1635 429/466/1636
f 410/447/1637 411/448/1638 431/468/1639 430/467/1640
f 411/448/1641 412/449/1642 432/469/1643 431/468/1644
f 412/449/1645 413/450/1646 433/470/1647 432/469/1648
f 413/450/1649 414/451/1650 434/471/1651 433/470/1652
f 414/451/1653 415/452/1654 435/472/1655 434/471/1656
f 415/452/1657 416/453/1658 436/473/1659 435/472/1660
f 416/453/1661 417/454/1662 437/474/1663 436/473/1664
f 417/454/1665 418/455/1666 438/475/1667 437/474/1668
f 418/455/1669 419/456/1670 439/476/1671 438/475/1672
f 419/456/1673 420/457/1674 440/477/1675 439/476/1676
f 420/457/1677 401/688/1678 421/687/1679 440/477/1680
f 2/2/1681 1/1/1682 441/498/1683
f 3/3/1684 2/2/1685 441/498/1686
f 4/4/1687 3/3/1688 441/498/1689
f 5/5/1690 4/4/1691 441/498/1692
f 6/6/1693 5/5/1694 441/498/1695
f 7/7/1696 6/6/1697 441/498/1698
f 8/8/1699 7/7/1700 441/498/1701
f 9/9/1702 8/8/1703 441/498/1704
f 10/10/1705 9/9/1706 441/498/1707
f 11/11/1708 10/10/1709 441/498/1710
f 12/12/1711 11/11/1712 441/498/1713
f 13/13/1714 12/12/1715 441/498/1716
f 14/14/1717 13/13/1718 441/498/1719
f 15/15/1720 14/14/1721 441/498/1722
f 16/16/1723 15/15/1724 441/498/1725
f 17/17/1726 16/16/1727 441/498/1728
f 18/18/1729 17/17/1730 441/498/1731
f 19/19/1732 18/18/1733 441/498/1734
f 20/20/1735 19/19/1736 441/498/1737
f 1/1/1738 20/20/1739 441/498/1740
f 421/496/1741 422/495/1742 443/644/1743 442/625/1744
f 422/495/1745 423/494/1746 444/643/1747 443/644/1748
f 423/494/1749 424/493/1750 445/642/1751 444/643/1752
f 424/493/1753 425/492/1754 446/641/1755 445/642/1756
f 425/492/1757 426/491/1758 447/640/1759 446/641/1760
f 426/491/1761 427/490/1762 448/639/1763 447/640/1764
f 427/490/1765 428/489/1766 449/638/1767 448/639/1768
f 428/489/1769 429/488/1770 450/637/1771 449/638/1772
f 429/488/1773 430/487/1774 451/636/1775 450/637/1776
f 430/487/1777 431/486/1778 452/635/1779 451/636/1780
f 431/486/1781 432/485/1782 453/634/1783 452/635/1784
f 432/485/1785 433/484/1786 454/633/1787 453/634/1788
f 433/484/1789 434/483/1790 455/632/1791 454/633/1792
f 434/483/1793 435/482/1794 456/631/1795 455/632/1796
f 435/482/1797 436/481/1798 457/630/1799 456/631/1800
f 436/481/1801 437/480/1802 458/629/1803 457/630/1804
f 437/480/1805 438/479/1806 459/628/1807 458/629/1808
f 438/479/1809 439/478/1810 460/627/1811 459/628/1812
f 439/478/1813 440/497/1814 461/626/1815 460/627/1816
f 440/497/1817 421/496/1818 442/625/1819 461/626/1820
f 161/189/1821 162/190/1822 462/500/1823 463/860/1824
f 182/211/1825 181/819/1826 465/502/1827 464/859/1828
f 162/190/1829 163/191/1830 466/503/1831 462/500/1832
f 183/212/1833 182/211/1834 464/859/1835 467/858/1836
f 163/191/1837 164/192/1838 468/505/1839 466/503/1840
f 184/213/1841 183/212/1842 467/858/1843 469/857/1844
f 164/192/1845 165/193/1846 470/507/1847 468/505/1848
f 185/214/1849 184/213/1850 469/857/1851 471/856/1852
f 165/193/1853 166/194/1854 472/509/1855 470/507/1856
f 186/215/1857 185/214/1858 471/856/1859 473/855/1860
f 166/194/1861 167/195/1862 474/511/1863 472/509/1864
f 187/216/1865 186/215/1866 473/855/1867 475/854/1868
f 167/195/1869 168/196/1870 476/513/1871 474/511/1872
f 188/217/1873 187/216/1874 475/854/1875 477/853/1876
f 168/196/1877 169/197/1878 478/515/1879 476/513/1880
f 189/218/1881 188/217/1882 477/853/1883 479/852/1884
f 169/197/1885 170/198/1886 480/517/1887 478/515/1888
f 190/219/1889 189/218/1890 479/852/1891 481/851/1892
f 170/198/1893 171/199/1894 482/519/1895 480/517/1896
f 191/220/1897 190/219/1898 481/851/1899 483/850/1900
f 171/199/1901 172/200/1902 484/521/1903 482/519/1904
f 192/221/1905 191/220/1906 483/850/1907 485/849/1908
f 172/200/1909 173/201/1910 486/523/1911 484/521/1912
f 193/222/1913 192/221/1914 485/849/1915 487/848/1916
f 173/201/1917 174/202/1918 488/525/1919 486/523/1920
f 194/223/1921 193/222/1922 487/848/1923 489/847/1924
f 174/202/1925 175/203/1926 490/527/1927 488/525/1928
f 195/224/1929 194/223/1930 489/847/1931 491/846/1932
f 175/203/1933 176/204/1934 492/529/1935 490/527/1936
f 196/225/1937 195/224/1938 491/846/1939 493/845/1940
f 176/204/1941 177/205/1942 494/531/1943 492/529/1944
f 197/226/1945 196/225/1946 493/845/1947 495/844/1948
f 177/205/1949 178/206/1950 496/533/1951 494/531/1952
f 198/227/1953 197/226/1954 495/844/1955 497/843/1956
f 178/206/1957 179/207/1958 498/535/1959 496/533/1960
f 199/228/1961 198/227/1962 497/843/1963 499/842/1964
f 179/207/1965 180/208/1966 500/537/1967 498/535/1968
f 200/229/1969 199/228/1970 499/842/1971 501/841/1972
f 180/208/1973 161/882/1974 463/861/1975 500/537/1976
f 181/230/1977 200/229/1978 501/841/1979 465/540/1980
f 241/273/1981 242/274/1982 502/542/1983 503/776/1984
f 262/295/1985 261/693/1986 505/544/1987 504/817/1988
f 242/274/1989 243/275/1990 506/545/1991 502/542/1992
f 263/296/1993 262/295/1994 504/817/1995 507/816/1996
f 243/275/1997 244/276/1998 508/547/1999 506/545/2000
f 264/297/2001 263/296/2002 507/816/2003 509/815/2004
f 244/276/2005 245/277/2006 510/549/2007 508/547/2008
f 265/298/2009 264/297/2010 509/815/2011 511/814/2012
f 245/277/2013 246/278/2014 512/551/2015 510/549/2016
f 266/299/2017 265/298/2018 511/814/2019 513/813/2020
f 246/278/2021 247/279/2022 514/553/2023 512/551/2024
f 267/300/2025 266/299/2026 513/813/2027 515/812/2028
f 247/279/2029 248/280/2030 516/555/2031 514/553/2032
f 268/301/2033 267/300/2034 515/812/2035 517/811/2036
f 248/280/2037 249/281/2038 518/557/2039 516/555/2040
f 269/302/2041 268/301/2042 517/811/2043 519/810/2044
f 249/281/2045 250/282/2046 520/559/2047 518/557/2048
f 270/303/2049 269/302/2050 519/810/2051 521/809/2052
f 250/282/2053 251/283/2054 522/561/2055 520/559/2056
f 271/304/2057 270/303/2058 521/809/2059 523/808/2060
f 251/283/2061 252/284/2062 524/563/2063 522/561/2064
f 272/305/2065 271/304/2066 523/808/2067 525/807/2068
f 252/284/2069 253/285/2070 526/565/2071 524/563/2072
f 273/306/2073 272/305/2074 525/807/2075 527/806/2076
f 253/285/2077 254/286/2078 528/567/2079 526/565/2080
f 274/307/2081 273/306/2082 527/806/2083 529/805/2084
f 254/286/2085 255/287/2086 530/569/2087 528/567/2088
f 275/308/2089 274/307/2090 529/805/2091 531/804/2092
f 255/287/2093 256/288/2094 532/571/2095 530/569/2096
f 276/309/2097 275/308/2098 531/804/2099 533/803/2100
f 256/288/2101 257/289/2102 534/573/2103 532/571/2104
f 277/310/2105 276/309/2106 533/803/2107 535/802/2108
f 257/289/2109 258/290/2110 536/575/2111 534/573/2112
f 278/311/2113 277/310/2114 535/802/2115 537/801/2116
f 258/290/2117 259/291/2118 538/577/2119 536/575/2120
f 279/312/2121 278/311/2122 537/801/2123 539/800/2124
f 259/291/2125 260/292/2126 540/579/2127 538/577/2128
f 280/313/2129 279/312/2130 539/800/2131 541/799/2132
f 260/292/2133 241/735/2134 503/777/2135 540/579/2136
f 261/314/2137 280/313/2138 541/799/2139 505/582/2140
f 321/357/2141 322/358/2142 542/584/2143 543/755/2144
f 342/379/2145 341/646/2146 545/586/2147 544/686/2148
f 322/358/2149 323/359/2150 546/587/2151 542/584/2152
f 343/380/2153 342/379/2154 544/686/2155 547/685/2156
f 323/359/2157 324/360/2158 548/589/2159 546/587/2160
f 344/381/2161 343/380/2162 547/685/2163 549/684/2164
f 324/360/2165 325/361/2166 550/591/2167 548/589/2168
f 345/382/2169 344/381/2170 549/684/2171 551/683/2172
f 325/361/2173 326/362/2174 552/593/2175 550/591/2176
f 346/383/2177 345/382/2178 551/683/2179 553/682/2180
f 326/362/2181 327/363/2182 554/595/2183 552/593/2184
f 347/384/2185 346/383/2186 553/682/2187 555/681/2188
f 327/363/2189 328/364/2190 556/597/2191 554/595/2192
f 348/385/2193 347/384/2194 555/681/2195 557/680/2196
f 328/364/2197 329/365/2198 558/599/2199 556/597/2200
f 349/386/2201 348/385/2202 557/680/2203 559/679/2204
f 329/365/2205 330/366/2206 560/601/2207 558/599/2208
f 350/387/2209 349/386/2210 559/679/2211 561/678/2212
f 330/366/2213 331/367/2214 562/603/2215 560/601/2216
f 351/388/2217 350/387/2218 561/678/2219 563/677/2220
f 331/367/2221 332/368/2222 564/605/2223 562/603/2224
f 352/389/2225 351/388/2226 563/677/2227 565/676/2228
f 332/368/2229 333/369/2230 566/607/2231 564/605/2232
f 353/390/2233 352/389/2234 565/676/2235 567/675/2236
f 333/369/2237 334/370/2238 568/609/2239 566/607/2240
f 354/391/2241 353/390/2242 567/675/2243 569/674/2244
f 334/370/2245 335/371/2246 570/611/2247 568/609/2248
f 355/392/2249 354/391/2250 569/674/2251 571/673/2252
f 335/371/2253 336/372/2254 572/613/2255 570/611/2256
f 356/393/2257 355/392/2258 571/673/2259 573/672/2260
f 336/372/2261 337/373/2262 574/615/2263 572/613/2264
f 357/394/2265 356/393/2266 573/672/2267 575/671/2268
f 337/373/2269 338/374/2270 576/617/2271 574/615/2272
f 358/395/2273 357/394/2274 575/671/2275 577/670/2276
f 338/374/2277 339/375/2278 578/619/2279 576/617/2280
f 359/396/2281 358/395/2282 577/670/2283 579/669/2284
f 339/375/2285 340/376/2286 580/621/2287 578/619/2288
f 360/397/2289 359/396/2290 579/669/2291 581/668/2292
f 340/376/2293 321/714/2294 543/756/2295 580/621/2296
f 341/378/2297 360/397/2298 581/668/2299 545/624/2300
g default
v 1.784105 10.163242 0.567172
v 1.742774 10.163242 0.486056
v 1.678399 10.163242 0.421681
v 1.597283 10.163242 0.380350
v 1.507364 10.163242 0.366109
v 1.417446 10.163242 0.380350
v 1.336329 10.163242 0.421681
v 1.271955 10.163242 0.486056
v 1.230624 10.163242 0.567172
v 1.216382 10.163242 0.657091
v 1.230624 10.163242 0.747009
v 1.271955 10.163242 0.828126
v 1.336329 10.163242 0.892500
v 1.417446 10.163242 0.933831
v 1.507364 10.163242 0.948073
v 1.597283 10.163242 0.933831
v 1.678399 10.163242 0.892500
v 1.742774 10.163242 0.828126
v 1.784105 10.163242 0.747009
v 1.798346 10.163242 0.657091
v 2.054031 10.231380 0.479468
v 1.972387 10.231380 0.319232
v 1.845223 10.231380 0.192068
v 1.684987 10.231380 0.110424
v 1.507364 10.231380 0.082291
v 1.329741 10.231380 0.110424
v 1.169506 10.231380 0.192068
v 1.042342 10.231380 0.319232
v 0.960698 10.231380 0.479468
v 0.932565 10.231380 0.657091
v 0.960698 10.231380 0.834714
v 1.042342 10.231380 0.994949
v 1.169506 10.231380 1.122113
v 1.329741 10.231380 1.203757
v 1.507364 10.231380 1.231890
v 1.684987 10.231380 1.203757
v 1.845223 10.231380 1.122113
v 1.972386 10.231380 0.994949
v 2.054031 10.231380 0.834713
v 2.082163 10.231380 0.657091
v 2.310497 10.343078 0.396137
v 2.190549 10.343078 0.160728
v 2.003727 10.343078 -0.026094
v 1.768318 10.343078 -0.146041
v 1.507364 10.343078 -0.187372
v 1.246411 10.343078 -0.146041
v 1.011001 10.343078 -0.026094
v 0.824179 10.343078 0.160728
v 0.704232 10.343078 0.396137
v 0.662901 10.343078 0.657091
v 0.704232 10.343078 0.918044
v 0.824179 10.343078 1.153454
v 1.011001 10.343078 1.340276
v 1.246411 10.343078 1.460223
v 1.507364 10.343078 1.501554
v 1.768318 10.343078 1.460223
v 2.003727 10.343078 1.340276
v 2.190549 10.343078 1.153454
v 2.310496 10.343078 0.918044
v 2.351827 10.343078 0.657091
v 2.547186 10.495586 0.319232
v 2.391890 10.495586 0.014445
v 2.150010 10.495586 -0.227435
v 1.845223 10.495586 -0.382731
v 1.507364 10.495586 -0.436243
v 1.169506 10.495586 -0.382731
v 0.864719 10.495586 -0.227434
v 0.622839 10.495586 0.014446
v 0.467543 10.495586 0.319232
v 0.414031 10.495586 0.657091
v 0.467543 10.495586 0.994949
v 0.622839 10.495586 1.299736
v 0.864719 10.495586 1.541616
v 1.169506 10.495586 1.696912
v 1.507364 10.495586 1.750424
v 1.845223 10.495586 1.696912
v 2.150009 10.495586 1.541616
v 2.391889 10.495586 1.299736
v 2.547186 10.495586 0.994949
v 2.600697 10.495586 0.657091
v 2.758272 10.685148 0.250646
v 2.571450 10.685148 -0.116013
v 2.280468 10.685148 -0.406995
v 1.913809 10.685148 -0.593817
v 1.507364 10.685148 -0.658191
v 1.100920 10.685148 -0.593817
v 0.734261 10.685148 -0.406995
v 0.443279 10.685148 -0.116012
v 0.256457 10.685148 0.250646
v 0.192082 10.685148 0.657091
v 0.256457 10.685148 1.063535
v 0.443279 10.685148 1.430194
v 0.734261 10.685148 1.721176
v 1.100920 10.685148 1.907998
v 1.507364 10.685148 1.972372
v 1.913809 10.685148 1.907998
v 2.280467 10.685148 1.721176
v 2.571449 10.685148 1.430194
v 2.758271 10.685148 1.063535
v 2.822646 10.685148 0.657091
v 2.938556 10.907097 0.192068
v 2.724809 10.907097 -0.227435
v 2.391890 10.907097 -0.560354
v 1.972387 10.907097 -0.774101
v 1.507364 10.907097 -0.847753
v 1.042342 10.907097 -0.774101
v 0.622839 10.907097 -0.560354
v 0.289920 10.907097 -0.227434
v 0.076173 10.907097 0.192068
v 0.002520 10.907097 0.657091
v 0.076173 10.907097 1.122113
v 0.289920 10.907097 1.541616
v 0.622839 10.907097 1.874535
v 1.042342 10.907097 2.088282
v 1.507364 10.907097 2.161935
v 1.972386 10.907097 2.088282
v 2.391889 10.907097 1.874535
v 2.724808 10.907097 1.541616
v 2.938556 10.907097 1.122113
v 3.012208 10.907097 0.657091
v 3.083600 11.155967 0.144941
v 2.848191 11.155967 -0.317076
v 2.481531 11.155967 -0.683735
v 2.019514 11.155967 -0.919145
v 1.507364 11.155967 -1.000261
v 0.995214 11.155967 -0.919145
v 0.533197 11.155967 -0.683735
v 0.166538 11.155967 -0.317076
v -0.068871 11.155967 0.144941
v -0.149988 11.155967 0.657091
v -0.068871 11.155967 1.169241
v 0.166538 11.155967 1.631258
v 0.533197 11.155967 1.997916
v 0.995214 11.155967 2.233326
v 1.507364 11.155967 2.314442
v 2.019514 11.155967 2.233326
v 2.481531 11.155967 1.997916
v 2.848190 11.155967 1.631258
v 3.083599 11.155967 1.169241
v 3.164716 11.155967 0.657091
v 3.189832 11.425631 0.110424
v 2.938556 11.425631 -0.382731
v 2.547186 11.425631 -0.774101
v 2.054031 11.425631 -1.025376
v 1.507364 11.425631 -1.111960
v 0.960698 11.425631 -1.025376
v 0.467542 11.425631 -0.774101
v 0.076172 11.425631 -0.382731
v -0.175103 11.425631 0.110424
v -0.261686 11.425631 0.657091
v -0.175103 11.425631 1.203757
v 0.076173 11.425631 1.696912
v 0.467543 11.425631 2.088282
v 0.960698 11.425631 2.339557
v 1.507364 11.425631 2.426141
v 2.054031 11.425631 2.339557
v 2.547186 11.425631 2.088282
v 2.938556 11.425631 1.696912
v 3.189831 11.425631 1.203757
v 3.276414 11.425631 0.657091
v 3.254635 11.709448 0.089368
v 2.993682 11.709448 -0.422782
v 2.587237 11.709448 -0.829227
v 2.075087 11.709448 -1.090180
v 1.507364 11.709448 -1.180098
v 0.939642 11.709448 -1.090180
v 0.427492 11.709448 -0.829226
v 0.021047 11.709448 -0.422782
v -0.239906 11.709448 0.089368
v -0.329824 11.709448 0.657091
v -0.239906 11.709448 1.224813
v 0.021047 11.709448 1.736963
v 0.427492 11.709448 2.143407
v 0.939642 11.709448 2.404361
v 1.507364 11.709448 2.494279
v 2.075087 11.709448 2.404361
v 2.587236 11.709448 2.143407
v 2.993681 11.709448 1.736963
v 3.254634 11.709448 1.224813
v 3.344552 11.709448 0.657091
v 3.276415 12.000430 0.082291
v 3.012209 12.000430 -0.436243
v 2.600698 12.000430 -0.847754
v 2.082164 12.000430 -1.111960
v 1.507364 12.000430 -1.202999
v 0.932565 12.000430 -1.111960
v 0.414031 12.000430 -0.847753
v 0.002520 12.000430 -0.436242
v -0.261686 12.000430 0.082292
v -0.352725 12.000430 0.657091
v -0.261686 12.000430 1.231890
v 0.002520 12.000430 1.750424
v 0.414031 12.000430 2.161935
v 0.932565 12.000430 2.426141
v 1.507364 12.000430 2.517180
v 2.082163 12.000430 2.426141
v 2.600697 12.000430 2.161934
v 3.012208 12.000430 1.750424
v 3.276414 12.000430 1.231890
v 3.367453 12.000430 0.657091
v 3.254635 12.291412 0.089368
v 2.993682 12.291412 -0.422782
v 2.587237 12.291412 -0.829227
v 2.075087 12.291412 -1.090180
v 1.507364 12.291412 -1.180098
v 0.939642 12.291412 -1.090180
v 0.427492 12.291412 -0.829226
v 0.021047 12.291412 -0.422782
v -0.239906 12.291412 0.089368
v -0.329824 12.291412 0.657091
v -0.239906 12.291412 1.224813
v 0.021047 12.291412 1.736963
v 0.427492 12.291412 2.143407
v 0.939642 12.291412 2.404361
v 1.507364 12.291412 2.494279
v 2.075087 12.291412 2.404361
v 2.587236 12.291412 2.143407
v 2.993681 12.291412 1.736963
v 3.254634 12.291412 1.224813
v 3.344552 12.291412 0.657091
v 3.189832 12.575229 0.110424
v 2.938556 12.575229 -0.382731
v 2.547186 12.575229 -0.774101
v 2.054031 12.575229 -1.025376
v 1.507364 12.575229 -1.111960
v 0.960698 12.575229 -1.025376
v 0.467542 12.575229 -0.774101
v 0.076172 12.575229 -0.382731
v -0.175103 12.575229 0.110424
v -0.261686 12.575229 0.657091
v -0.175103 12.575229 1.203757
v 0.076173 12.575229 1.696912
v 0.467543 12.575229 2.088282
v 0.960698 12.575229 2.339557
v 1.507364 12.575229 2.426141
v 2.054031 12.575229 2.339557
v 2.547186 12.575229 2.088282
v 2.938556 12.575229 1.696912
v 3.189831 12.575229 1.203757
v 3.276414 12.575229 0.657091
v 3.083600 12.844893 0.144941
v 2.848191 12.844893 -0.317076
v 2.481531 12.844893 -0.683735
v 2.019514 12.844893 -0.919145
v 1.507364 12.844893 -1.000261
v 0.995214 12.844893 -0.919145
v 0.533197 12.844893 -0.683735
v 0.166538 12.844893 -0.317076
v -0.068871 12.844893 0.144941
v -0.149988 12.844893 0.657091
v -0.068871 12.844893 1.169241
v 0.166538 12.844893 1.631258
v 0.533197 12.844893 1.997916
v 0.995214 12.844893 2.233326
v 1.507364 12.844893 2.314442
v 2.019514 12.844893 2.233326
v 2.481531 12.844893 1.997916
v 2.848190 12.844893 1.631258
v 3.083599 12.844893 1.169241
v 3.164716 12.844893 0.657091
v 2.938556 13.093763 0.192068
v 2.724809 13.093763 -0.227435
v 2.391890 13.093763 -0.560354
v 1.972387 13.093763 -0.774101
v 1.507364 13.093763 -0.847753
v 1.042342 13.093763 -0.774101
v 0.622839 13.093763 -0.560354
v 0.289920 13.093763 -0.227434
v 0.076173 13.093763 0.192068
v 0.002520 13.093763 0.657091
v 0.076173 13.093763 1.122113
v 0.289920 13.093763 1.541616
v 0.622839 13.093763 1.874535
v 1.042342 13.093763 2.088282
v 1.507364 13.093763 2.161935
v 1.972386 13.093763 2.088282
v 2.391889 13.093763 1.874535
v 2.724808 13.093763 1.541616
v 2.938556 13.093763 1.122113
v 3.012208 13.093763 0.657091
v 2.758272 13.315711 0.250646
v 2.571450 13.315711 -0.116013
v 2.280468 13.315711 -0.406995
v 1.913809 13.315711 -0.593817
v 1.507364 13.315711 -0.658191
v 1.100920 13.315711 -0.593817
v 0.734261 13.315711 -0.406995
v 0.443279 13.315711 -0.116012
v 0.256457 13.315711 0.250646
v 0.192082 13.315711 0.657091
v 0.256457 13.315711 1.063535
v 0.443279 13.315711 1.430194
v 0.734261 13.315711 1.721176
v 1.100920 13.315711 1.907998
v 1.507364 13.315711 1.972372
v 1.913809 13.315711 1.907998
v 2.280467 13.315711 1.721176
v 2.571449 13.315711 1.430194
v 2.758271 13.315711 1.063535
v 2.822646 13.315711 0.657091
v 2.547186 13.505273 0.319232
v 2.391890 13.505273 0.014445
v 2.150010 13.505273 -0.227435
v 1.845223 13.505273 -0.382731
v 1.507364 13.505273 -0.436243
v 1.169506 13.505273 -0.382731
v 0.864719 13.505273 -0.227434
v 0.622839 13.505273 0.014446
v 0.467543 13.505273 0.319232
v 0.414031 13.505273 0.657091
v 0.467543 13.505273 0.994949
v 0.622839 13.505273 1.299736
v 0.864719 13.505273 1.541616
v 1.169506 13.505273 1.696912
v 1.507364 13.505273 1.750424
v 1.845223 13.505273 1.696912
v 2.150009 13.505273 1.541616
v 2.391889 13.505273 1.299736
v 2.547186 13.505273 0.994949
v 2.600697 13.505273 0.657091
v 2.310497 13.657781 0.396137
v 2.190549 13.657781 0.160728
v 2.003727 13.657781 -0.026094
v 1.768318 13.657781 -0.146041
v 1.507364 13.657781 -0.187372
v 1.246411 13.657781 -0.146041
v 1.011001 13.657781 -0.026094
v 0.824179 13.657781 0.160728
v 0.704232 13.657781 0.396137
v 0.662901 13.657781 0.657091
v 0.704232 13.657781 0.918044
v 0.824179 13.657781 1.153454
v 1.011001 13.657781 1.340276
v 1.246411 13.657781 1.460223
v 1.507364 13.657781 1.501554
v 1.768318 13.657781 1.460223
v 2.003727 13.657781 1.340276
v 2.190549 13.657781 1.153454
v 2.310496 13.657781 0.918044
v 2.351827 13.657781 0.657091
v 2.054031 13.769480 0.479468
v 1.972387 13.769480 0.319232
v 1.845223 13.769480 0.192068
v 1.684987 13.769480 0.110424
v 1.507364 13.769480 0.082291
v 1.329741 13.769480 0.110424
v 1.169506 13.769480 0.192068
v 1.042342 13.769480 0.319232
v 0.960698 13.769480 0.479468
v 0.932565 13.769480 0.657091
v 0.960698 13.769480 0.834714
v 1.042342 13.769480 0.994949
v 1.169506 13.769480 1.122113
v 1.329741 13.769480 1.203757
v 1.507364 13.769480 1.231890
v 1.684987 13.769480 1.203757
v 1.845223 13.769480 1.122113
v 1.972386 13.769480 0.994949
v 2.054031 13.769480 0.834713
v 2.082163 13.769480 0.657091
v 1.784105 13.837618 0.567172
v 1.742774 13.837618 0.486056
v 1.678399 13.837618 0.421681
v 1.597283 13.837618 0.380350
v 1.507364 13.837618 0.366109
v 1.417446 13.837618 0.380350
v 1.336329 13.837618 0.421681
v 1.271955 13.837618 0.486056
v 1.230624 13.837618 0.567172
v 1.216382 13.837618 0.657091
v 1.230624 13.837618 0.747009
v 1.271955 13.837618 0.828126
v 1.336329 13.837618 0.892500
v 1.417446 13.837618 0.933831
v 1.507364 13.837618 0.948073
v 1.597283 13.837618 0.933831
v 1.678399 13.837618 0.892500
v 1.742774 13.837618 0.828126
v 1.784105 13.837618 0.747009
v 1.798346 13.837618 0.657091
v 1.507364 10.140341 0.657091
v 1.507364 13.860519 0.657091
vt 0.593681 0.030835
vt 0.594476 0.034118
vt 0.596888 0.037012
vt 0.600653 0.039389
vt 0.605509 0.041217
vt 0.611228 0.042526
vt 0.617616 0.043377
vt 0.624515 0.043841
vt 0.631792 0.043986
vt 0.639329 0.043868
vt 0.647022 0.043531
vt 0.654767 0.043001
vt 0.662454 0.042287
vt 0.669969 0.041379
vt 0.677177 0.040250
vt 0.683926 0.038857
vt 0.690033 0.037146
vt 0.695281 0.035056
vt 0.699411 0.032541
vt 0.702122 0.029591
vt 0.703079 0.026272
vt 0.577484 0.031909
vt 0.579155 0.038074
vt 0.583123 0.043136
vt 0.588758 0.047048
vt 0.595576 0.049904
vt 0.603225 0.051860
vt 0.611458 0.053083
vt 0.620100 0.053729
vt 0.629026 0.053930
vt 0.638145 0.053790
vt 0.647382 0.053382
vt 0.656671 0.052752
vt 0.665941 0.051913
vt 0.675116 0.050849
vt 0.684099 0.049506
vt 0.692763 0.047794
vt 0.700935 0.045578
vt 0.708369 0.042676
vt 0.714712 0.038874
vt 0.719440 0.033951
vt 0.721795 0.027760
vt 0.561260 0.035338
vt 0.564740 0.043903
vt 0.570721 0.050521
vt 0.578332 0.055406
vt 0.586998 0.058848
vt 0.596346 0.061139
vt 0.606137 0.062534
vt 0.616217 0.063248
vt 0.626490 0.063453
vt 0.636895 0.063280
vt 0.647386 0.062820
vt 0.657931 0.062132
vt 0.668495 0.061239
vt 0.679035 0.060124
vt 0.689494 0.058729
vt 0.699787 0.056943
vt 0.709784 0.054589
vt 0.719282 0.051413
vt 0.727957 0.047065
vt 0.735286 0.041101
vt 0.740417 0.033014
vt 0.545762 0.041376
vt 0.551758 0.051610
vt 0.559980 0.059132
vt 0.569529 0.064486
vt 0.579869 0.068157
vt 0.590679 0.070542
vt 0.601766 0.071957
vt 0.613019 0.072650
vt 0.624376 0.072813
vt 0.635805 0.072590
vt 0.647292 0.072085
vt 0.658831 0.071363
vt 0.670417 0.070456
vt 0.682039 0.069357
vt 0.693676 0.068012
vt 0.705286 0.066314
vt 0.716796 0.064080
vt 0.728077 0.061029
vt 0.738910 0.056746
vt 0.748917 0.050629
vt 0.757422 0.041833
vt 0.531510 0.049939
vt 0.540392 0.060975
vt 0.550868 0.068770
vt 0.562210 0.074168
vt 0.574016 0.077788
vt 0.586060 0.080089
vt 0.598216 0.081415
vt 0.610421 0.082025
vt 0.622646 0.082115
vt 0.634891 0.081832
vt 0.647165 0.081284
vt 0.659486 0.080543
vt 0.671874 0.079649
vt 0.684345 0.078606
vt 0.696909 0.077376
vt 0.709563 0.075869
vt 0.722288 0.073921
vt 0.735037 0.071268
vt 0.747721 0.067492
vt 0.760172 0.061941
vt 0.772065 0.053579
vt 0.518924 0.060800
vt 0.530752 0.071743
vt 0.543332 0.079247
vt 0.556252 0.084334
vt 0.569299 0.087684
vt 0.582360 0.089769
vt 0.595382 0.090926
vt 0.608345 0.091408
vt 0.621257 0.091403
vt 0.634140 0.091054
vt 0.647026 0.090467
vt 0.659954 0.089718
vt 0.672960 0.088855
vt 0.686083 0.087896
vt 0.699359 0.086822
vt 0.712816 0.085571
vt 0.726484 0.084017
vt 0.740387 0.081941
vt 0.754560 0.078981
vt 0.769055 0.074535
vt 0.783956 0.067563
vt 0.508354 0.073656
vt 0.522917 0.083668
vt 0.537331 0.090394
vt 0.551569 0.094885
vt 0.565622 0.097795
vt 0.579490 0.099561
vt 0.593187 0.100491
vt 0.606737 0.100813
vt 0.620173 0.100697
vt 0.633541 0.100277
vt 0.646887 0.099654
vt 0.660266 0.098906
vt 0.673730 0.098088
vt 0.687334 0.097231
vt 0.701131 0.096341
vt 0.715177 0.095387
vt 0.729534 0.094293
vt 0.744287 0.092909
vt 0.759569 0.090969
vt 0.775619 0.088003
vt 0.792899 0.083149
vt 0.500089 0.088163
vt 0.516953 0.096513
vt 0.532842 0.102064
vt 0.548105 0.105732
vt 0.562921 0.108069
vt 0.577391 0.109440
vt 0.591584 0.110099
vt 0.605558 0.110238
vt 0.619371 0.110002
vt 0.633082 0.109510
vt 0.646751 0.108855
vt 0.660442 0.108114
vt 0.674219 0.107350
vt 0.688147 0.106608
vt 0.702292 0.105918
vt 0.716728 0.105287
vt 0.731540 0.104692
vt 0.746849 0.104064
vt 0.762857 0.103262
vt 0.779932 0.102009
vt 0.798812 0.099757
vt 0.494368 0.103946
vt 0.512923 0.110051
vt 0.529859 0.114120
vt 0.545829 0.116794
vt 0.561159 0.118461
vt 0.576027 0.119381
vt 0.590541 0.119738
vt 0.604787 0.119677
vt 0.618835 0.119316
vt 0.632755 0.118750
vt 0.646617 0.118067
vt 0.660489 0.117341
vt 0.674444 0.116638
vt 0.688550 0.116020
vt 0.702883 0.115539
vt 0.717522 0.115241
vt 0.732564 0.115160
vt 0.748149 0.115315
vt 0.764506 0.115701
vt 0.782064 0.116265
vt 0.801690 0.116859
vt 0.491381 0.120606
vt 0.510886 0.124058
vt 0.528390 0.126432
vt 0.544730 0.127995
vt 0.560320 0.128925
vt 0.575379 0.129354
vt 0.590043 0.129389
vt 0.604408 0.129120
vt 0.618554 0.128630
vt 0.632555 0.127994
vt 0.646484 0.127287
vt 0.660413 0.126579
vt 0.674414 0.125944
vt 0.688560 0.125453
vt 0.702925 0.125184
vt 0.717588 0.125219
vt 0.732647 0.125649
vt 0.748236 0.126579
vt 0.764576 0.128142
vt 0.782080 0.130516
vt 0.801585 0.133968
vt 0.491276 0.137714
vt 0.510902 0.138308
vt 0.528460 0.138873
vt 0.544817 0.139258
vt 0.560403 0.139413
vt 0.575446 0.139332
vt 0.590085 0.139034
vt 0.604418 0.138553
vt 0.618525 0.137935
vt 0.632479 0.137233
vt 0.646352 0.136506
vt 0.660213 0.135823
vt 0.674133 0.135258
vt 0.688181 0.134896
vt 0.702426 0.134836
vt 0.716941 0.135193
vt 0.731808 0.136113
vt 0.747138 0.137780
vt 0.763107 0.140455
vt 0.780043 0.144524
vt 0.798598 0.150628
vt 0.494154 0.154816
vt 0.513033 0.152564
vt 0.530109 0.151311
vt 0.546117 0.150509
vt 0.561427 0.149881
vt 0.576239 0.149286
vt 0.590675 0.148655
vt 0.604821 0.147965
vt 0.618749 0.147223
vt 0.632527 0.146459
vt 0.646218 0.145719
vt 0.659887 0.145064
vt 0.673597 0.144571
vt 0.687410 0.144336
vt 0.701384 0.144474
vt 0.715576 0.145134
vt 0.730046 0.146505
vt 0.744861 0.148843
vt 0.760124 0.152511
vt 0.776012 0.158062
vt 0.792876 0.166413
vt 0.500066 0.171423
vt 0.517347 0.166569
vt 0.533397 0.163604
vt 0.548679 0.161663
vt 0.563432 0.160279
vt 0.577790 0.159185
vt 0.591836 0.158232
vt 0.605633 0.157342
vt 0.619237 0.156485
vt 0.632702 0.155667
vt 0.646081 0.154919
vt 0.659427 0.154296
vt 0.672795 0.153876
vt 0.686231 0.153761
vt 0.699780 0.154083
vt 0.713477 0.155014
vt 0.727345 0.156780
vt 0.741397 0.159690
vt 0.755634 0.164181
vt 0.770048 0.170908
vt 0.784611 0.180920
vt 0.509009 0.187008
vt 0.523910 0.180037
vt 0.538405 0.175591
vt 0.552578 0.172632
vt 0.566482 0.170556
vt 0.580150 0.169002
vt 0.593608 0.167751
vt 0.606884 0.166677
vt 0.620008 0.165718
vt 0.633014 0.164855
vt 0.645941 0.164107
vt 0.658828 0.163520
vt 0.671711 0.163171
vt 0.684622 0.163166
vt 0.697585 0.163648
vt 0.710606 0.164806
vt 0.723667 0.166891
vt 0.736714 0.170241
vt 0.749633 0.175329
vt 0.762212 0.182833
vt 0.774040 0.193776
vt 0.520899 0.200992
vt 0.532792 0.192630
vt 0.545243 0.187080
vt 0.557928 0.183304
vt 0.570678 0.180651
vt 0.583403 0.178704
vt 0.596058 0.177196
vt 0.608622 0.175966
vt 0.621093 0.174923
vt 0.633481 0.174029
vt 0.645803 0.173289
vt 0.658077 0.172741
vt 0.670321 0.172459
vt 0.682546 0.172549
vt 0.694750 0.173159
vt 0.706906 0.174486
vt 0.718950 0.176788
vt 0.730756 0.180408
vt 0.742097 0.185805
vt 0.752572 0.193601
vt 0.761454 0.204637
vt 0.535541 0.212738
vt 0.544047 0.203943
vt 0.554054 0.197826
vt 0.564888 0.193543
vt 0.576169 0.190492
vt 0.587679 0.188259
vt 0.599290 0.186560
vt 0.610927 0.185216
vt 0.622549 0.184116
vt 0.634135 0.183210
vt 0.645674 0.182488
vt 0.657161 0.181983
vt 0.668590 0.181760
vt 0.679947 0.181924
vt 0.691200 0.182618
vt 0.702287 0.184033
vt 0.713096 0.186418
vt 0.723436 0.190090
vt 0.732984 0.195444
vt 0.741206 0.202966
vt 0.747200 0.213201
vt 0.552546 0.221558
vt 0.557677 0.213471
vt 0.565006 0.207506
vt 0.573682 0.203159
vt 0.583180 0.199983
vt 0.593177 0.197629
vt 0.603471 0.195843
vt 0.613930 0.194448
vt 0.624470 0.193334
vt 0.635034 0.192440
vt 0.645579 0.191753
vt 0.656071 0.191294
vt 0.666475 0.191121
vt 0.676748 0.191326
vt 0.686828 0.192041
vt 0.696618 0.193436
vt 0.705966 0.195727
vt 0.714632 0.199170
vt 0.722242 0.204055
vt 0.728223 0.210673
vt 0.731702 0.219238
vt 0.571167 0.226812
vt 0.573522 0.220621
vt 0.578251 0.215698
vt 0.584594 0.211896
vt 0.592029 0.208994
vt 0.600201 0.206778
vt 0.608865 0.205066
vt 0.617848 0.203724
vt 0.627023 0.202660
vt 0.636294 0.201821
vt 0.645582 0.201191
vt 0.654819 0.200784
vt 0.663938 0.200644
vt 0.672864 0.200845
vt 0.681506 0.201492
vt 0.689738 0.202715
vt 0.697388 0.204671
vt 0.704205 0.207527
vt 0.709839 0.211439
vt 0.713807 0.216501
vt 0.715477 0.222667
vt 0.589883 0.228300
vt 0.590840 0.224982
vt 0.593551 0.222031
vt 0.597681 0.219516
vt 0.602929 0.217427
vt 0.609036 0.215715
vt 0.615785 0.214323
vt 0.622994 0.213194
vt 0.630508 0.212286
vt 0.638196 0.211572
vt 0.645940 0.211042
vt 0.653633 0.210705
vt 0.661171 0.210588
vt 0.668447 0.210733
vt 0.675346 0.211197
vt 0.681734 0.212049
vt 0.687453 0.213358
vt 0.692309 0.215186
vt 0.696074 0.217563
vt 0.698486 0.220457
vt 0.699280 0.223740
vt 0.604794 0.031153
vt 0.605604 0.031308
vt 0.607342 0.031636
vt 0.610049 0.032056
vt 0.613686 0.032474
vt 0.618158 0.032821
vt 0.623345 0.033055
vt 0.629114 0.033159
vt 0.635328 0.033132
vt 0.641855 0.032984
vt 0.648561 0.032725
vt 0.655312 0.032363
vt 0.661968 0.031905
vt 0.668378 0.031350
vt 0.674381 0.030694
vt 0.679798 0.029939
vt 0.684440 0.029097
vt 0.688111 0.028205
vt 0.690631 0.027346
vt 0.691879 0.026660
vt 0.601083 0.227913
vt 0.602331 0.227227
vt 0.604851 0.226368
vt 0.608521 0.225476
vt 0.613163 0.224634
vt 0.618580 0.223879
vt 0.624583 0.223224
vt 0.630993 0.222669
vt 0.637648 0.222210
vt 0.644399 0.221849
vt 0.651105 0.221590
vt 0.657632 0.221441
vt 0.663846 0.221415
vt 0.669615 0.221518
vt 0.674802 0.221752
vt 0.679275 0.222100
vt 0.682911 0.222518
vt 0.685618 0.222937
vt 0.687357 0.223266
vt 0.688167 0.223421
vn 0.190555 -0.979722 -0.061915
vn 0.162096 -0.979722 -0.117770
vn 0.269870 -0.942722 -0.196072
vn 0.317252 -0.942722 -0.103081
vn 0.117769 -0.979722 -0.162095
vn 0.196072 -0.942722 -0.269870
vn 0.061915 -0.979722 -0.190555
vn 0.103081 -0.942723 -0.317251
vn -0.000000 -0.979722 -0.200361
vn -0.000000 -0.942722 -0.333578
vn -0.061915 -0.979722 -0.190555
vn -0.103081 -0.942722 -0.317252
vn -0.117769 -0.979722 -0.162096
vn -0.196072 -0.942722 -0.269870
vn -0.162096 -0.979722 -0.117770
vn -0.269870 -0.942722 -0.196072
vn -0.190555 -0.979722 -0.061915
vn -0.317252 -0.942722 -0.103081
vn -0.200361 -0.979722 0.000000
vn -0.333578 -0.942722 -0.000000
vn -0.190555 -0.979722 0.061915
vn -0.317252 -0.942722 0.103081
vn -0.162096 -0.979722 0.117769
vn -0.269870 -0.942722 0.196072
vn -0.117769 -0.979722 0.162096
vn -0.196072 -0.942722 0.269870
vn -0.061915 -0.979722 0.190555
vn -0.103081 -0.942722 0.317252
vn 0.000000 -0.979722 0.200361
vn 0.000000 -0.942722 0.333578
vn 0.061915 -0.979722 0.190555
vn 0.103081 -0.942722 0.317252
vn 0.117769 -0.979722 0.162096
vn 0.196072 -0.942722 0.269870
vn 0.162096 -0.979722 0.117769
vn 0.269870 -0.942722 0.196072
vn 0.190555 -0.979722 0.061915
vn 0.317252 -0.942722 0.103081
vn 0.200361 -0.979722 0.000001
vn 0.333578 -0.942722 0.000000
vn 0.380846 -0.882266 -0.276701
vn 0.447712 -0.882266 -0.145470
vn 0.276701 -0.882266 -0.380846
vn 0.145470 -0.882266 -0.447711
vn -0.000000 -0.882266 -0.470752
vn -0.145470 -0.882266 -0.447711
vn -0.276701 -0.882266 -0.380846
vn -0.380846 -0.882266 -0.276701
vn -0.447712 -0.882266 -0.145470
vn -0.470752 -0.882266 0.000000
vn -0.447712 -0.882266 0.145470
vn -0.380846 -0.882266 0.276701
vn -0.276701 -0.882266 0.380846
vn -0.145470 -0.882266 0.447712
vn 0.000000 -0.882266 0.470752
vn 0.145470 -0.882266 0.447712
vn 0.276701 -0.882266 0.380846
vn 0.380846 -0.882266 0.276701
vn 0.447712 -0.882266 0.145470
vn 0.470752 -0.882266 0.000000
vn 0.485138 -0.800252 -0.352474
vn 0.570314 -0.800252 -0.185306
vn 0.352473 -0.800252 -0.485138
vn 0.185306 -0.800252 -0.570314
vn -0.000000 -0.800252 -0.599664
vn -0.185307 -0.800252 -0.570314
vn -0.352474 -0.800252 -0.485138
vn -0.485138 -0.800252 -0.352474
vn -0.570314 -0.800252 -0.185306
vn -0.599664 -0.800252 0.000000
vn -0.570314 -0.800252 0.185306
vn -0.485138 -0.800252 0.352474
vn -0.352474 -0.800252 0.485139
vn -0.185306 -0.800252 0.570314
vn 0.000000 -0.800252 0.599664
vn 0.185306 -0.800252 0.570314
vn 0.352474 -0.800252 0.485139
vn 0.485138 -0.800252 0.352474
vn 0.570314 -0.800252 0.185306
vn 0.599664 -0.800252 0.000001
vn 0.578713 -0.698789 -0.420459
vn 0.680318 -0.698789 -0.221048
vn 0.420459 -0.698789 -0.578713
vn 0.221049 -0.698789 -0.680318
vn -0.000000 -0.698789 -0.715328
vn -0.221049 -0.698789 -0.680318
vn -0.420460 -0.698789 -0.578713
vn -0.578713 -0.698788 -0.420459
vn -0.680318 -0.698788 -0.221049
vn -0.715328 -0.698789 -0.000000
vn -0.680318 -0.698789 0.221049
vn -0.578713 -0.698789 0.420460
vn -0.420459 -0.698789 0.578713
vn -0.221049 -0.698788 0.680318
vn -0.000000 -0.698788 0.715328
vn 0.221049 -0.698789 0.680318
vn 0.420460 -0.698788 0.578713
vn 0.578713 -0.698788 0.420459
vn 0.680318 -0.698788 0.221049
vn 0.715328 -0.698789 0.000001
vn 0.658808 -0.580401 -0.478652
vn 0.774475 -0.580401 -0.251641
vn 0.478652 -0.580401 -0.658808
vn 0.251642 -0.580401 -0.774475
vn -0.000000 -0.580401 -0.814331
vn -0.251642 -0.580401 -0.774475
vn -0.478652 -0.580401 -0.658808
vn -0.658808 -0.580401 -0.478652
vn -0.774475 -0.580401 -0.251642
vn -0.814331 -0.580401 -0.000000
vn -0.774475 -0.580401 0.251642
vn -0.658808 -0.580401 0.478652
vn -0.478652 -0.580401 0.658808
vn -0.251642 -0.580401 0.774475
vn 0.000000 -0.580401 0.814331
vn 0.251642 -0.580401 0.774475
vn 0.478652 -0.580401 0.658808
vn 0.658808 -0.580401 0.478652
vn 0.774475 -0.580401 0.251642
vn 0.814331 -0.580401 0.000001
vn 0.723291 -0.447994 -0.525502
vn 0.850280 -0.447994 -0.276272
vn 0.525501 -0.447994 -0.723291
vn 0.276272 -0.447994 -0.850280
vn -0.000000 -0.447994 -0.894037
vn -0.276273 -0.447994 -0.850279
vn -0.525502 -0.447994 -0.723291
vn -0.723291 -0.447994 -0.525501
vn -0.850279 -0.447994 -0.276272
vn -0.894037 -0.447994 -0.000000
vn -0.850279 -0.447994 0.276273
vn -0.723291 -0.447994 0.525502
vn -0.525502 -0.447994 0.723291
vn -0.276273 -0.447994 0.850280
vn 0.000000 -0.447994 0.894037
vn 0.276273 -0.447994 0.850280
vn 0.525502 -0.447994 0.723291
vn 0.723291 -0.447994 0.525502
vn 0.850280 -0.447994 0.276273
vn 0.894037 -0.447994 0.000001
vn 0.770524 -0.304789 -0.559819
vn 0.905806 -0.304789 -0.294313
vn 0.559818 -0.304789 -0.770524
vn 0.294314 -0.304789 -0.905805
vn -0.000000 -0.304789 -0.952420
vn -0.294314 -0.304789 -0.905805
vn -0.559819 -0.304789 -0.770524
vn -0.770524 -0.304789 -0.559818
vn -0.905805 -0.304789 -0.294314
vn -0.952420 -0.304789 -0.000000
vn -0.905805 -0.304789 0.294314
vn -0.770524 -0.304788 0.559819
vn -0.559818 -0.304788 0.770524
vn -0.294314 -0.304789 0.905805
vn 0.000000 -0.304789 0.952420
vn 0.294314 -0.304789 0.905805
vn 0.559818 -0.304789 0.770524
vn 0.770524 -0.304789 0.559818
vn 0.905805 -0.304789 0.294314
vn 0.952420 -0.304788 0.000001
vn 0.799335 -0.154249 -0.580751
vn 0.939675 -0.154249 -0.305318
vn 0.580750 -0.154249 -0.799335
vn 0.305319 -0.154249 -0.939674
vn 0.000000 -0.154249 -0.988032
vn -0.305319 -0.154249 -0.939674
vn -0.580751 -0.154249 -0.799335
vn -0.799335 -0.154249 -0.580751
vn -0.939674 -0.154248 -0.305319
vn -0.988032 -0.154248 0.000000
vn -0.939674 -0.154248 0.305319
vn -0.799335 -0.154248 0.580751
vn -0.580751 -0.154249 0.799335
vn -0.305319 -0.154249 0.939674
vn 0.000000 -0.154249 0.988032
vn 0.305319 -0.154249 0.939674
vn 0.580751 -0.154249 0.799335
vn 0.799335 -0.154249 0.580751
vn 0.939674 -0.154249 0.305319
vn 0.988032 -0.154249 0.000001
vn 0.809017 0.000000 -0.587785
vn 0.951057 -0.000000 -0.309016
vn 0.587785 -0.000000 -0.809017
vn 0.309017 -0.000000 -0.951057
vn 0.000000 0.000000 -1.000000
vn -0.309017 -0.000000 -0.951056
vn -0.587785 -0.000000 -0.809017
vn -0.809017 0.000000 -0.587785
vn -0.951056 0.000000 -0.309017
vn -1.000000 -0.000000 0.000000
vn -0.951056 -0.000000 0.309017
vn -0.809017 0.000000 0.587785
vn -0.587785 -0.000000 0.809017
vn -0.309017 -0.000000 0.951057
vn 0.000000 0.000000 1.000000
vn 0.309017 -0.000000 0.951056
vn 0.587785 -0.000000 0.809017
vn 0.809017 -0.000000 0.587785
vn 0.951056 0.000000 0.309017
vn 1.000000 0.000000 0.000001
vn 0.799335 0.154249 -0.580751
vn 0.939675 0.154249 -0.305318
vn 0.580751 0.154249 -0.799335
vn 0.305319 0.154249 -0.939674
vn 0.000000 0.154249 -0.988032
vn -0.305319 0.154249 -0.939674
vn -0.580751 0.154249 -0.799335
vn -0.799335 0.154249 -0.580751
vn -0.939674 0.154248 -0.305319
vn -0.988032 0.154248 0.000000
vn -0.939674 0.154248 0.305319
vn -0.799335 0.154248 0.580751
vn -0.580751 0.154249 0.799335
vn -0.305319 0.154249 0.939674
vn 0.000000 0.154249 0.988032
vn 0.305319 0.154249 0.939674
vn 0.580751 0.154249 0.799335
vn 0.799335 0.154249 0.580751
vn 0.939674 0.154249 0.305319
vn 0.988032 0.154249 0.000001
vn 0.770524 0.304789 -0.559819
vn 0.905806 0.304789 -0.294313
vn 0.559818 0.304789 -0.770524
vn 0.294314 0.304789 -0.905805
vn -0.000000 0.304789 -0.952420
vn -0.294314 0.304789 -0.905805
vn -0.559819 0.304789 -0.770524
vn -0.770524 0.304789 -0.559818
vn -0.905805 0.304789 -0.294314
vn -0.952420 0.304789 -0.000000
vn -0.905805 0.304789 0.294314
vn -0.770524 0.304788 0.559819
vn -0.559818 0.304788 0.770524
vn -0.294314 0.304789 0.905805
vn 0.000000 0.304789 0.952420
vn 0.294314 0.304789 0.905805
vn 0.559818 0.304789 0.770524
vn 0.770524 0.304789 0.559818
vn 0.905805 0.304788 0.294314
vn 0.952420 0.304788 0.000001
vn 0.723291 0.447994 -0.525502
vn 0.850280 0.447994 -0.276272
vn 0.525501 0.447994 -0.723291
vn 0.276272 0.447994 -0.850279
vn -0.000000 0.447994 -0.894037
vn -0.276273 0.447994 -0.850279
vn -0.525502 0.447994 -0.723291
vn -0.723291 0.447994 -0.525501
vn -0.850279 0.447994 -0.276273
vn -0.894037 0.447994 -0.000000
vn -0.850279 0.447994 0.276273
vn -0.723291 0.447994 0.525502
vn -0.525502 0.447994 0.723291
vn -0.276273 0.447994 0.850280
vn 0.000000 0.447994 0.894037
vn 0.276273 0.447994 0.850280
vn 0.525502 0.447994 0.723291
vn 0.723291 0.447994 0.525502
vn 0.850280 0.447994 0.276273
vn 0.894037 0.447994 0.000001
vn 0.658808 0.580401 -0.478652
vn 0.774475 0.580401 -0.251641
vn 0.478652 0.580401 -0.658808
vn 0.251642 0.580401 -0.774475
vn -0.000000 0.580401 -0.814331
vn -0.251642 0.580401 -0.774475
vn -0.478652 0.580401 -0.658808
vn -0.658808 0.580401 -0.478652
vn -0.774475 0.580401 -0.251642
vn -0.814331 0.580401 -0.000000
vn -0.774475 0.580401 0.251642
vn -0.658808 0.580401 0.478652
vn -0.478652 0.580401 0.658808
vn -0.251642 0.580401 0.774475
vn 0.000000 0.580401 0.814331
vn 0.251642 0.580401 0.774475
vn 0.478652 0.580401 0.658808
vn 0.658808 0.580401 0.478652
vn 0.774475 0.580401 0.251642
vn 0.814331 0.580401 0.000001
vn 0.578712 0.698789 -0.420460
vn 0.680318 0.698789 -0.221048
vn 0.420459 0.698789 -0.578713
vn 0.221049 0.698788 -0.680318
vn -0.000000 0.698789 -0.715328
vn -0.221049 0.698789 -0.680318
vn -0.420460 0.698789 -0.578713
vn -0.578713 0.698789 -0.420459
vn -0.680318 0.698789 -0.221049
vn -0.715328 0.698788 0.000000
vn -0.680318 0.698789 0.221049
vn -0.578713 0.698789 0.420460
vn -0.420459 0.698789 0.578713
vn -0.221049 0.698788 0.680318
vn -0.000000 0.698789 0.715328
vn 0.221049 0.698789 0.680318
vn 0.420459 0.698788 0.578713
vn 0.578713 0.698788 0.420460
vn 0.680318 0.698788 0.221049
vn 0.715328 0.698788 0.000001
vn 0.485138 0.800252 -0.352474
vn 0.570314 0.800252 -0.185306
vn 0.352473 0.800252 -0.485139
vn 0.185306 0.800252 -0.570314
vn -0.000000 0.800252 -0.599664
vn -0.185306 0.800252 -0.570314
vn -0.352474 0.800252 -0.485138
vn -0.485138 0.800252 -0.352474
vn -0.570314 0.800252 -0.185306
vn -0.599664 0.800252 0.000000
vn -0.570314 0.800252 0.185306
vn -0.485138 0.800252 0.352474
vn -0.352474 0.800252 0.485138
vn -0.185306 0.800252 0.570314
vn 0.000000 0.800252 0.599664
vn 0.185306 0.800252 0.570315
vn 0.352474 0.800252 0.485139
vn 0.485139 0.800252 0.352474
vn 0.570314 0.800252 0.185306
vn 0.599664 0.800252 0.000001
vn 0.380846 0.882266 -0.276701
vn 0.447711 0.882266 -0.145470
vn 0.276701 0.882266 -0.380846
vn 0.145470 0.882266 -0.447711
vn -0.000000 0.882266 -0.470752
vn -0.145470 0.882266 -0.447711
vn -0.276701 0.882266 -0.380846
vn -0.380846 0.882266 -0.276701
vn -0.447712 0.882266 -0.145470
vn -0.470752 0.882266 0.000000
vn -0.447712 0.882266 0.145471
vn -0.380846 0.882266 0.276701
vn -0.276701 0.882266 0.380846
vn -0.145470 0.882266 0.447712
vn 0.000000 0.882266 0.470752
vn 0.145470 0.882266 0.447712
vn 0.276701 0.882266 0.380846
vn 0.380846 0.882266 0.276701
vn 0.447712 0.882266 0.145470
vn 0.470752 0.882266 0.000000
vn 0.269870 0.942722 -0.196073
vn 0.317252 0.942722 -0.103081
vn 0.196072 0.942722 -0.269871
vn 0.103081 0.942722 -0.317251
vn -0.000000 0.942723 -0.333578
vn -0.103081 0.942722 -0.317251
vn -0.196072 0.942722 -0.269870
vn -0.269870 0.942722 -0.196072
vn -0.317252 0.942722 -0.103081
vn -0.333578 0.942722 0.000000
vn -0.317252 0.942722 0.103082
vn -0.269870 0.942722 0.196072
vn -0.196072 0.942722 0.269870
vn -0.103081 0.942722 0.317252
vn 0.000000 0.942722 0.333578
vn 0.103081 0.942722 0.317252
vn 0.196072 0.942722 0.269870
vn 0.269870 0.942722 0.196072
vn 0.317252 0.942722 0.103081
vn 0.333578 0.942722 0.000000
vn 0.162096 0.979722 -0.117769
vn 0.190555 0.979722 -0.061915
vn 0.117769 0.979722 -0.162096
vn 0.061915 0.979722 -0.190555
vn -0.000000 0.979722 -0.200361
vn -0.061915 0.979722 -0.190555
vn -0.117769 0.979722 -0.162095
vn -0.162096 0.979722 -0.117769
vn -0.190555 0.979722 -0.061915
vn -0.200361 0.979722 0.000000
vn -0.190555 0.979722 0.061915
vn -0.162096 0.979722 0.117769
vn -0.117769 0.979722 0.162096
vn -0.061915 0.979722 0.190555
vn 0.000000 0.979722 0.200361
vn 0.061915 0.979722 0.190555
vn 0.117769 0.979722 0.162096
vn 0.162096 0.979722 0.117769
vn 0.190555 0.979722 0.061915
vn 0.200361 0.979722 0.000001
vn -0.000000 -1.000000 -0.000000
vn -0.000000 1.000000 0.000000
s 1
g Adorno pSphere1
usemtl pSphere1SG
f 582/902/2301 583/903/2302 603/924/2303 602/923/2304
f 583/903/2302 584/904/2305 604/925/2306 603/924/2303
f 584/904/2305 585/905/2307 605/926/2308 604/925/2306
f 585/905/2307 586/906/2309 606/927/2310 605/926/2308
f 586/906/2309 587/907/2311 607/928/2312 606/927/2310
f 587/907/2311 588/908/2313 608/929/2314 607/928/2312
f 588/908/2313 589/909/2315 609/930/2316 608/929/2314
f 589/909/2315 590/910/2317 610/931/2318 609/930/2316
f 590/910/2317 591/911/2319 611/932/2320 610/931/2318
f 591/911/2319 592/912/2321 612/933/2322 611/932/2320
f 592/912/2321 593/913/2323 613/934/2324 612/933/2322
f 593/913/2323 594/914/2325 614/935/2326 613/934/2324
f 594/914/2325 595/915/2327 615/936/2328 614/935/2326
f 595/915/2327 596/916/2329 616/937/2330 615/936/2328
f 596/916/2329 597/917/2331 617/938/2332 616/937/2330
f 597/917/2331 598/918/2333 618/939/2334 617/938/2332
f 598/918/2333 599/919/2335 619/940/2336 618/939/2334
f 599/919/2335 600/920/2337 620/941/2338 619/940/2336
f 600/920/2337 601/921/2339 621/942/2340 620/941/2338
f 601/921/2339 582/922/2301 602/943/2304 621/942/2340
f 602/923/2304 603/924/2303 623/945/2341 622/944/2342
f 603/924/2303 604/925/2306 624/946/2343 623/945/2341
f 604/925/2306 605/926/2308 625/947/2344 624/946/2343
f 605/926/2308 606/927/2310 626/948/2345 625/947/2344
f 606/927/2310 607/928/2312 627/949/2346 626/948/2345
f 607/928/2312 608/929/2314 628/950/2347 627/949/2346
f 608/929/2314 609/930/2316 629/951/2348 628/950/2347
f 609/930/2316 610/931/2318 630/952/2349 629/951/2348
f 610/931/2318 611/932/2320 631/953/2350 630/952/2349
f 611/932/2320 612/933/2322 632/954/2351 631/953/2350
f 612/933/2322 613/934/2324 633/955/2352 632/954/2351
f 613/934/2324 614/935/2326 634/956/2353 633/955/2352
f 614/935/2326 615/936/2328 635/957/2354 634/956/2353
f 615/936/2328 616/937/2330 636/958/2355 635/957/2354
f 616/937/2330 617/938/2332 637/959/2356 636/958/2355
f 617/938/2332 618/939/2334 638/960/2357 637/959/2356
f 618/939/2334 619/940/2336 639/961/2358 638/960/2357
f 619/940/2336 620/941/2338 640/962/2359 639/961/2358
f 620/941/2338 621/942/2340 641/963/2360 640/962/2359
f 621/942/2340 602/943/2304 622/964/2342 641/963/2360
f 622/944/2342 623/945/2341 643/966/2361 642/965/2362
f 623/945/2341 624/946/2343 644/967/2363 643/966/2361
f 624/946/2343 625/947/2344 645/968/2364 644/967/2363
f 625/947/2344 626/948/2345 646/969/2365 645/968/2364
f 626/948/2345 627/949/2346 647/970/2366 646/969/2365
f 627/949/2346 628/950/2347 648/971/2367 647/970/2366
f 628/950/2347 629/951/2348 649/972/2368 648/971/2367
f 629/951/2348 630/952/2349 650/973/2369 649/972/2368
f 630/952/2349 631/953/2350 651/974/2370 650/973/2369
f 631/953/2350 632/954/2351 652/975/2371 651/974/2370
f 632/954/2351 633/955/2352 653/976/2372 652/975/2371
f 633/955/2352 634/956/2353 654/977/2373 653/976/2372
f 634/956/2353 635/957/2354 655/978/2374 654/977/2373
f 635/957/2354 636/958/2355 656/979/2375 655/978/2374
f 636/958/2355 637/959/2356 657/980/2376 656/979/2375
f 637/959/2356 638/960/2357 658/981/2377 657/980/2376
f 638/960/2357 639/961/2358 659/982/2378 658/981/2377
f 639/961/2358 640/962/2359 660/983/2379 659/982/2378
f 640/962/2359 641/963/2360 661/984/2380 660/983/2379
f 641/963/2360 622/964/2342 642/985/2362 661/984/2380
f 642/965/2362 643/966/2361 663/987/2381 662/986/2382
f 643/966/2361 644/967/2363 664/988/2383 663/987/2381
f 644/967/2363 645/968/2364 665/989/2384 664/988/2383
f 645/968/2364 646/969/2365 666/990/2385 665/989/2384
f 646/969/2365 647/970/2366 667/991/2386 666/990/2385
f 647/970/2366 648/971/2367 668/992/2387 667/991/2386
f 648/971/2367 649/972/2368 669/993/2388 668/992/2387
f 649/972/2368 650/973/2369 670/994/2389 669/993/2388
f 650/973/2369 651/974/2370 671/995/2390 670/994/2389
f 651/974/2370 652/975/2371 672/996/2391 671/995/2390
f 652/975/2371 653/976/2372 673/997/2392 672/996/2391
f 653/976/2372 654/977/2373 674/998/2393 673/997/2392
f 654/977/2373 655/978/2374 675/999/2394 674/998/2393
f 655/978/2374 656/979/2375 676/1000/2395 675/999/2394
f 656/979/2375 657/980/2376 677/1001/2396 676/1000/2395
f 657/980/2376 658/981/2377 678/1002/2397 677/1001/2396
f 658/981/2377 659/982/2378 679/1003/2398 678/1002/2397
f 659/982/2378 660/983/2379 680/1004/2399 679/1003/2398
f 660/983/2379 661/984/2380 681/1005/2400 680/1004/2399
f 661/984/2380 642/985/2362 662/1006/2382 681/1005/2400
f 662/986/2382 663/987/2381 683/1008/2401 682/1007/2402
f 663/987/2381 664/988/2383 684/1009/2403 683/1008/2401
f 664/988/2383 665/989/2384 685/1010/2404 684/1009/2403
f 665/989/2384 666/990/2385 686/1011/2405 685/1010/2404
f 666/990/2385 667/991/2386 687/1012/2406 686/1011/2405
f 667/991/2386 668/992/2387 688/1013/2407 687/1012/2406
f 668/992/2387 669/993/2388 689/1014/2408 688/1013/2407
f 669/993/2388 670/994/2389 690/1015/2409 689/1014/2408
f 670/994/2389 671/995/2390 691/1016/2410 690/1015/2409
f 671/995/2390 672/996/2391 692/1017/2411 691/1016/2410
f 672/996/2391 673/997/2392 693/1018/2412 692/1017/2411
f 673/997/2392 674/998/2393 694/1019/2413 693/1018/2412
f 674/998/2393 675/999/2394 695/1020/2414 694/1019/2413
f 675/999/2394 676/1000/2395 696/1021/2415 695/1020/2414
f 676/1000/2395 677/1001/2396 697/1022/2416 696/1021/2415
f 677/1001/2396 678/1002/2397 698/1023/2417 697/1022/2416
f 678/1002/2397 679/1003/2398 699/1024/2418 698/1023/2417
f 679/1003/2398 680/1004/2399 700/1025/2419 699/1024/2418
f 680/1004/2399 681/1005/2400 701/1026/2420 700/1025/2419
f 681/1005/2400 662/1006/2382 682/1027/2402 701/1026/2420
f 682/1007/2402 683/1008/2401 703/1029/2421 702/1028/2422
f 683/1008/2401 684/1009/2403 704/1030/2423 703/1029/2421
f 684/1009/2403 685/1010/2404 705/1031/2424 704/1030/2423
f 685/1010/2404 686/1011/2405 706/1032/2425 705/1031/2424
f 686/1011/2405 687/1012/2406 707/1033/2426 706/1032/2425
f 687/1012/2406 688/1013/2407 708/1034/2427 707/1033/2426
f 688/1013/2407 689/1014/2408 709/1035/2428 708/1034/2427
f 689/1014/2408 690/1015/2409 710/1036/2429 709/1035/2428
f 690/1015/2409 691/1016/2410 711/1037/2430 710/1036/2429
f 691/1016/2410 692/1017/2411 712/1038/2431 711/1037/2430
f 692/1017/2411 693/1018/2412 713/1039/2432 712/1038/2431
f 693/1018/2412 694/1019/2413 714/1040/2433 713/1039/2432
f 694/1019/2413 695/1020/2414 715/1041/2434 714/1040/2433
f 695/1020/2414 696/1021/2415 716/1042/2435 715/1041/2434
f 696/1021/2415 697/1022/2416 717/1043/2436 716/1042/2435
f 697/1022/2416 698/1023/2417 718/1044/2437 717/1043/2436
f 698/1023/2417 699/1024/2418 719/1045/2438 718/1044/2437
f 699/1024/2418 700/1025/2419 720/1046/2439 719/1045/2438
f 700/1025/2419 701/1026/2420 721/1047/2440 720/1046/2439
f 701/1026/2420 682/1027/2402 702/1048/2422 721/1047/2440
f 702/1028/2422 703/1029/2421 723/1050/2441 722/1049/2442
f 703/1029/2421 704/1030/2423 724/1051/2443 723/1050/2441
f 704/1030/2423 705/1031/2424 725/1052/2444 724/1051/2443
f 705/1031/2424 706/1032/2425 726/1053/2445 725/1052/2444
f 706/1032/2425 707/1033/2426 727/1054/2446 726/1053/2445
f 707/1033/2426 708/1034/2427 728/1055/2447 727/1054/2446
f 708/1034/2427 709/1035/2428 729/1056/2448 728/1055/2447
f 709/1035/2428 710/1036/2429 730/1057/2449 729/1056/2448
f 710/1036/2429 711/1037/2430 731/1058/2450 730/1057/2449
f 711/1037/2430 712/1038/2431 732/1059/2451 731/1058/2450
f 712/1038/2431 713/1039/2432 733/1060/2452 732/1059/2451
f 713/1039/2432 714/1040/2433 734/1061/2453 733/1060/2452
f 714/1040/2433 715/1041/2434 735/1062/2454 734/1061/2453
f 715/1041/2434 716/1042/2435 736/1063/2455 735/1062/2454
f 716/1042/2435 717/1043/2436 737/1064/2456 736/1063/2455
f 717/1043/2436 718/1044/2437 738/1065/2457 737/1064/2456
f 718/1044/2437 719/1045/2438 739/1066/2458 738/1065/2457
f 719/1045/2438 720/1046/2439 740/1067/2459 739/1066/2458
f 720/1046/2439 721/1047/2440 741/1068/2460 740/1067/2459
f 721/1047/2440 702/1048/2422 722/1069/2442 741/1068/2460
f 722/1049/2442 723/1050/2441 743/1071/2461 742/1070/2462
f 723/1050/2441 724/1051/2443 744/1072/2463 743/1071/2461
f 724/1051/2443 725/1052/2444 745/1073/2464 744/1072/2463
f 725/1052/2444 726/1053/2445 746/1074/2465 745/1073/2464
f 726/1053/2445 727/1054/2446 747/1075/2466 746/1074/2465
f 727/1054/2446 728/1055/2447 748/1076/2467 747/1075/2466
f 728/1055/2447 729/1056/2448 749/1077/2468 748/1076/2467
f 729/1056/2448 730/1057/2449 750/1078/2469 749/1077/2468
f 730/1057/2449 731/1058/2450 751/1079/2470 750/1078/2469
f 731/1058/2450 732/1059/2451 752/1080/2471 751/1079/2470
f 732/1059/2451 733/1060/2452 753/1081/2472 752/1080/2471
f 733/1060/2452 734/1061/2453 754/1082/2473 753/1081/2472
f 734/1061/2453 735/1062/2454 755/1083/2474 754/1082/2473
f 735/1062/2454 736/1063/2455 756/1084/2475 755/1083/2474
f 736/1063/2455 737/1064/2456 757/1085/2476 756/1084/2475
f 737/1064/2456 738/1065/2457 758/1086/2477 757/1085/2476
f 738/1065/2457 739/1066/2458 759/1087/2478 758/1086/2477
f 739/1066/2458 740/1067/2459 760/1088/2479 759/1087/2478
f 740/1067/2459 741/1068/2460 761/1089/2480 760/1088/2479
f 741/1068/2460 722/1069/2442 742/1090/2462 761/1089/2480
f 742/1070/2462 743/1071/2461 763/1092/2481 762/1091/2482
f 743/1071/2461 744/1072/2463 764/1093/2483 763/1092/2481
f 744/1072/2463 745/1073/2464 765/1094/2484 764/1093/2483
f 745/1073/2464 746/1074/2465 766/1095/2485 765/1094/2484
f 746/1074/2465 747/1075/2466 767/1096/2486 766/1095/2485
f 747/1075/2466 748/1076/2467 768/1097/2487 767/1096/2486
f 748/1076/2467 749/1077/2468 769/1098/2488 768/1097/2487
f 749/1077/2468 750/1078/2469 770/1099/2489 769/1098/2488
f 750/1078/2469 751/1079/2470 771/1100/2490 770/1099/2489
f 751/1079/2470 752/1080/2471 772/1101/2491 771/1100/2490
f 752/1080/2471 753/1081/2472 773/1102/2492 772/1101/2491
f 753/1081/2472 754/1082/2473 774/1103/2493 773/1102/2492
f 754/1082/2473 755/1083/2474 775/1104/2494 774/1103/2493
f 755/1083/2474 756/1084/2475 776/1105/2495 775/1104/2494
f 756/1084/2475 757/1085/2476 777/1106/2496 776/1105/2495
f 757/1085/2476 758/1086/2477 778/1107/2497 777/1106/2496
f 758/1086/2477 759/1087/2478 779/1108/2498 778/1107/2497
f 759/1087/2478 760/1088/2479 780/1109/2499 779/1108/2498
f 760/1088/2479 761/1089/2480 781/1110/2500 780/1109/2499
f 761/1089/2480 742/1090/2462 762/1111/2482 781/1110/2500
f 762/1091/2482 763/1092/2481 783/1113/2501 782/1112/2502
f 763/1092/2481 764/1093/2483 784/1114/2503 783/1113/2501
f 764/1093/2483 765/1094/2484 785/1115/2504 784/1114/2503
f 765/1094/2484 766/1095/2485 786/1116/2505 785/1115/2504
f 766/1095/2485 767/1096/2486 787/1117/2506 786/1116/2505
f 767/1096/2486 768/1097/2487 788/1118/2507 787/1117/2506
f 768/1097/2487 769/1098/2488 789/1119/2508 788/1118/2507
f 769/1098/2488 770/1099/2489 790/1120/2509 789/1119/2508
f 770/1099/2489 771/1100/2490 791/1121/2510 790/1120/2509
f 771/1100/2490 772/1101/2491 792/1122/2511 791/1121/2510
f 772/1101/2491 773/1102/2492 793/1123/2512 792/1122/2511
f 773/1102/2492 774/1103/2493 794/1124/2513 793/1123/2512
f 774/1103/2493 775/1104/2494 795/1125/2514 794/1124/2513
f 775/1104/2494 776/1105/2495 796/1126/2515 795/1125/2514
f 776/1105/2495 777/1106/2496 797/1127/2516 796/1126/2515
f 777/1106/2496 778/1107/2497 798/1128/2517 797/1127/2516
f 778/1107/2497 779/1108/2498 799/1129/2518 798/1128/2517
f 779/1108/2498 780/1109/2499 800/1130/2519 799/1129/2518
f 780/1109/2499 781/1110/2500 801/1131/2520 800/1130/2519
f 781/1110/2500 762/1111/2482 782/1132/2502 801/1131/2520
f 782/1112/2502 783/1113/2501 803/1134/2521 802/1133/2522
f 783/1113/2501 784/1114/2503 804/1135/2523 803/1134/2521
f 784/1114/2503 785/1115/2504 805/1136/2524 804/1135/2523
f 785/1115/2504 786/1116/2505 806/1137/2525 805/1136/2524
f 786/1116/2505 787/1117/2506 807/1138/2526 806/1137/2525
f 787/1117/2506 788/1118/2507 808/1139/2527 807/1138/2526
f 788/1118/2507 789/1119/2508 809/1140/2528 808/1139/2527
f 789/1119/2508 790/1120/2509 810/1141/2529 809/1140/2528
f 790/1120/2509 791/1121/2510 811/1142/2530 810/1141/2529
f 791/1121/2510 792/1122/2511 812/1143/2531 811/1142/2530
f 792/1122/2511 793/1123/2512 813/1144/2532 812/1143/2531
f 793/1123/2512 794/1124/2513 814/1145/2533 813/1144/2532
f 794/1124/2513 795/1125/2514 815/1146/2534 814/1145/2533
f 795/1125/2514 796/1126/2515 816/1147/2535 815/1146/2534
f 796/1126/2515 797/1127/2516 817/1148/2536 816/1147/2535
f 797/1127/2516 798/1128/2517 818/1149/2537 817/1148/2536
f 798/1128/2517 799/1129/2518 819/1150/2538 818/1149/2537
f 799/1129/2518 800/1130/2519 820/1151/2539 819/1150/2538
f 800/1130/2519 801/1131/2520 821/1152/2540 820/1151/2539
f 801/1131/2520 782/1132/2502 802/1153/2522 821/1152/2540
f 802/1133/2522 803/1134/2521 823/1155/2541 822/1154/2542
f 803/1134/2521 804/1135/2523 824/1156/2543 823/1155/2541
f 804/1135/2523 805/1136/2524 825/1157/2544 824/1156/2543
f 805/1136/2524 806/1137/2525 826/1158/2545 825/1157/2544
f 806/1137/2525 807/1138/2526 827/1159/2546 826/1158/2545
f 807/1138/2526 808/1139/2527 828/1160/2547 827/1159/2546
f 808/1139/2527 809/1140/2528 829/1161/2548 828/1160/2547
f 809/1140/2528 810/1141/2529 830/1162/2549 829/1161/2548
f 810/1141/2529 811/1142/2530 831/1163/2550 830/1162/2549
f 811/1142/2530 812/1143/2531 832/1164/2551 831/1163/2550
f 812/1143/2531 813/1144/2532 833/1165/2552 832/1164/2551
f 813/1144/2532 814/1145/2533 834/1166/2553 833/1165/2552
f 814/1145/2533 815/1146/2534 835/1167/2554 834/1166/2553
f 815/1146/2534 816/1147/2535 836/1168/2555 835/1167/2554
f 816/1147/2535 817/1148/2536 837/1169/2556 836/1168/2555
f 817/1148/2536 818/1149/2537 838/1170/2557 837/1169/2556
f 818/1149/2537 819/1150/2538 839/1171/2558 838/1170/2557
f 819/1150/2538 820/1151/2539 840/1172/2559 839/1171/2558
f 820/1151/2539 821/1152/2540 841/1173/2560 840/1172/2559
f 821/1152/2540 802/1153/2522 822/1174/2542 841/1173/2560
f 822/1154/2542 823/1155/2541 843/1176/2561 842/1175/2562
f 823/1155/2541 824/1156/2543 844/1177/2563 843/1176/2561
f 824/1156/2543 825/1157/2544 845/1178/2564 844/1177/2563
f 825/1157/2544 826/1158/2545 846/1179/2565 845/1178/2564
f 826/1158/2545 827/1159/2546 847/1180/2566 846/1179/2565
f 827/1159/2546 828/1160/2547 848/1181/2567 847/1180/2566
f 828/1160/2547 829/1161/2548 849/1182/2568 848/1181/2567
f 829/1161/2548 830/1162/2549 850/1183/2569 849/1182/2568
f 830/1162/2549 831/1163/2550 851/1184/2570 850/1183/2569
f 831/1163/2550 832/1164/2551 852/1185/2571 851/1184/2570
f 832/1164/2551 833/1165/2552 853/1186/2572 852/1185/2571
f 833/1165/2552 834/1166/2553 854/1187/2573 853/1186/2572
f 834/1166/2553 835/1167/2554 855/1188/2574 854/1187/2573
f 835/1167/2554 836/1168/2555 856/1189/2575 855/1188/2574
f 836/1168/2555 837/1169/2556 857/1190/2576 856/1189/2575
f 837/1169/2556 838/1170/2557 858/1191/2577 857/1190/2576
f 838/1170/2557 839/1171/2558 859/1192/2578 858/1191/2577
f 839/1171/2558 840/1172/2559 860/1193/2579 859/1192/2578
f 840/1172/2559 841/1173/2560 861/1194/2580 860/1193/2579
f 841/1173/2560 822/1174/2542 842/1195/2562 861/1194/2580
f 842/1175/2562 843/1176/2561 863/1197/2581 862/1196/2582
f 843/1176/2561 844/1177/2563 864/1198/2583 863/1197/2581
f 844/1177/2563 845/1178/2564 865/1199/2584 864/1198/2583
f 845/1178/2564 846/1179/2565 866/1200/2585 865/1199/2584
f 846/1179/2565 847/1180/2566 867/1201/2586 866/1200/2585
f 847/1180/2566 848/1181/2567 868/1202/2587 867/1201/2586
f 848/1181/2567 849/1182/2568 869/1203/2588 868/1202/2587
f 849/1182/2568 850/1183/2569 870/1204/2589 869/1203/2588
f 850/1183/2569 851/1184/2570 871/1205/2590 870/1204/2589
f 851/1184/2570 852/1185/2571 872/1206/2591 871/1205/2590
f 852/1185/2571 853/1186/2572 873/1207/2592 872/1206/2591
f 853/1186/2572 854/1187/2573 874/1208/2593 873/1207/2592
f 854/1187/2573 855/1188/2574 875/1209/2594 874/1208/2593
f 855/1188/2574 856/1189/2575 876/1210/2595 875/1209/2594
f 856/1189/2575 857/1190/2576 877/1211/2596 876/1210/2595
f 857/1190/2576 858/1191/2577 878/1212/2597 877/1211/2596
f 858/1191/2577 859/1192/2578 879/1213/2598 878/1212/2597
f 859/1192/2578 860/1193/2579 880/1214/2599 879/1213/2598
f 860/1193/2579 861/1194/2580 881/1215/2600 880/1214/2599
f 861/1194/2580 842/1195/2562 862/1216/2582 881/1215/2600
f 862/1196/2582 863/1197/2581 883/1218/2601 882/1217/2602
f 863/1197/2581 864/1198/2583 884/1219/2603 883/1218/2601
f 864/1198/2583 865/1199/2584 885/1220/2604 884/1219/2603
f 865/1199/2584 866/1200/2585 886/1221/2605 885/1220/2604
f 866/1200/2585 867/1201/2586 887/1222/2606 886/1221/2605
f 867/1201/2586 868/1202/2587 888/1223/2607 887/1222/2606
f 868/1202/2587 869/1203/2588 889/1224/2608 888/1223/2607
f 869/1203/2588 870/1204/2589 890/1225/2609 889/1224/2608
f 870/1204/2589 871/1205/2590 891/1226/2610 890/1225/2609
f 871/1205/2590 872/1206/2591 892/1227/2611 891/1226/2610
f 872/1206/2591 873/1207/2592 893/1228/2612 892/1227/2611
f 873/1207/2592 874/1208/2593 894/1229/2613 893/1228/2612
f 874/1208/2593 875/1209/2594 895/1230/2614 894/1229/2613
f 875/1209/2594 876/1210/2595 896/1231/2615 895/1230/2614
f 876/1210/2595 877/1211/2596 897/1232/2616 896/1231/2615
f 877/1211/2596 878/1212/2597 898/1233/2617 897/1232/2616
f 878/1212/2597 879/1213/2598 899/1234/2618 898/1233/2617
f 879/1213/2598 880/1214/2599 900/1235/2619 899/1234/2618
f 880/1214/2599 881/1215/2600 901/1236/2620 900/1235/2619
f 881/1215/2600 862/1216/2582 882/1237/2602 901/1236/2620
f 882/1217/2602 883/1218/2601 903/1239/2621 902/1238/2622
f 883/1218/2601 884/1219/2603 904/1240/2623 903/1239/2621
f 884/1219/2603 885/1220/2604 905/1241/2624 904/1240/2623
f 885/1220/2604 886/1221/2605 906/1242/2625 905/1241/2624
f 886/1221/2605 887/1222/2606 907/1243/2626 906/1242/2625
f 887/1222/2606 888/1223/2607 908/1244/2627 907/1243/2626
f 888/1223/2607 889/1224/2608 909/1245/2628 908/1244/2627
f 889/1224/2608 890/1225/2609 910/1246/2629 909/1245/2628
f 890/1225/2609 891/1226/2610 911/1247/2630 910/1246/2629
f 891/1226/2610 892/1227/2611 912/1248/2631 911/1247/2630
f 892/1227/2611 893/1228/2612 913/1249/2632 912/1248/2631
f 893/1228/2612 894/1229/2613 914/1250/2633 913/1249/2632
f 894/1229/2613 895/1230/2614 915/1251/2634 914/1250/2633
f 895/1230/2614 896/1231/2615 916/1252/2635 915/1251/2634
f 896/1231/2615 897/1232/2616 917/1253/2636 916/1252/2635
f 897/1232/2616 898/1233/2617 918/1254/2637 917/1253/2636
f 898/1233/2617 899/1234/2618 919/1255/2638 918/1254/2637
f 899/1234/2618 900/1235/2619 920/1256/2639 919/1255/2638
f 900/1235/2619 901/1236/2620 921/1257/2640 920/1256/2639
f 901/1236/2620 882/1237/2602 902/1258/2622 921/1257/2640
f 902/1238/2622 903/1239/2621 923/1260/2641 922/1259/2642
f 903/1239/2621 904/1240/2623 924/1261/2643 923/1260/2641
f 904/1240/2623 905/1241/2624 925/1262/2644 924/1261/2643
f 905/1241/2624 906/1242/2625 926/1263/2645 925/1262/2644
f 906/1242/2625 907/1243/2626 927/1264/2646 926/1263/2645
f 907/1243/2626 908/1244/2627 928/1265/2647 927/1264/2646
f 908/1244/2627 909/1245/2628 929/1266/2648 928/1265/2647
f 909/1245/2628 910/1246/2629 930/1267/2649 929/1266/2648
f 910/1246/2629 911/1247/2630 931/1268/2650 930/1267/2649
f 911/1247/2630 912/1248/2631 932/1269/2651 931/1268/2650
f 912/1248/2631 913/1249/2632 933/1270/2652 932/1269/2651
f 913/1249/2632 914/1250/2633 934/1271/2653 933/1270/2652
f 914/1250/2633 915/1251/2634 935/1272/2654 934/1271/2653
f 915/1251/2634 916/1252/2635 936/1273/2655 935/1272/2654
f 916/1252/2635 917/1253/2636 937/1274/2656 936/1273/2655
f 917/1253/2636 918/1254/2637 938/1275/2657 937/1274/2656
f 918/1254/2637 919/1255/2638 939/1276/2658 938/1275/2657
f 919/1255/2638 920/1256/2639 940/1277/2659 939/1276/2658
f 920/1256/2639 921/1257/2640 941/1278/2660 940/1277/2659
f 921/1257/2640 902/1258/2622 922/1279/2642 941/1278/2660
f 922/1259/2642 923/1260/2641 943/1281/2661 942/1280/2662
f 923/1260/2641 924/1261/2643 944/1282/2663 943/1281/2661
f 924/1261/2643 925/1262/2644 945/1283/2664 944/1282/2663
f 925/1262/2644 926/1263/2645 946/1284/2665 945/1283/2664
f 926/1263/2645 927/1264/2646 947/1285/2666 946/1284/2665
f 927/1264/2646 928/1265/2647 948/1286/2667 947/1285/2666
f 928/1265/2647 929/1266/2648 949/1287/2668 948/1286/2667
f 929/1266/2648 930/1267/2649 950/1288/2669 949/1287/2668
f 930/1267/2649 931/1268/2650 951/1289/2670 950/1288/2669
f 931/1268/2650 932/1269/2651 952/1290/2671 951/1289/2670
f 932/1269/2651 933/1270/2652 953/1291/2672 952/1290/2671
f 933/1270/2652 934/1271/2653 954/1292/2673 953/1291/2672
f 934/1271/2653 935/1272/2654 955/1293/2674 954/1292/2673
f 935/1272/2654 936/1273/2655 956/1294/2675 955/1293/2674
f 936/1273/2655 937/1274/2656 957/1295/2676 956/1294/2675
f 937/1274/2656 938/1275/2657 958/1296/2677 957/1295/2676
f 938/1275/2657 939/1276/2658 959/1297/2678 958/1296/2677
f 939/1276/2658 940/1277/2659 960/1298/2679 959/1297/2678
f 940/1277/2659 941/1278/2660 961/1299/2680 960/1298/2679
f 941/1278/2660 922/1279/2642 942/1300/2662 961/1299/2680
f 583/903/2302 582/902/2301 962/1301/2681
f 584/904/2305 583/903/2302 962/1302/2681
f 585/905/2307 584/904/2305 962/1303/2681
f 586/906/2309 585/905/2307 962/1304/2681
f 587/907/2311 586/906/2309 962/1305/2681
f 588/908/2313 587/907/2311 962/1306/2681
f 589/909/2315 588/908/2313 962/1307/2681
f 590/910/2317 589/909/2315 962/1308/2681
f 591/911/2319 590/910/2317 962/1309/2681
f 592/912/2321 591/911/2319 962/1310/2681
f 593/913/2323 592/912/2321 962/1311/2681
f 594/914/2325 593/913/2323 962/1312/2681
f 595/915/2327 594/914/2325 962/1313/2681
f 596/916/2329 595/915/2327 962/1314/2681
f 597/917/2331 596/916/2329 962/1315/2681
f 598/918/2333 597/917/2331 962/1316/2681
f 599/919/2335 598/918/2333 962/1317/2681
f 600/920/2337 599/919/2335 962/1318/2681
f 601/921/2339 600/920/2337 962/1319/2681
f 582/922/2301 601/921/2339 962/1320/2681
f 942/1280/2662 943/1281/2661 963/1321/2682
f 943/1281/2661 944/1282/2663 963/1322/2682
f 944/1282/2663 945/1283/2664 963/1323/2682
f 945/1283/2664 946/1284/2665 963/1324/2682
f 946/1284/2665 947/1285/2666 963/1325/2682
f 947/1285/2666 948/1286/2667 963/1326/2682
f 948/1286/2667 949/1287/2668 963/1327/2682
f 949/1287/2668 950/1288/2669 963/1328/2682
f 950/1288/2669 951/1289/2670 963/1329/2682
f 951/1289/2670 952/1290/2671 963/1330/2682
f 952/1290/2671 953/1291/2672 963/1331/2682
f 953/1291/2672 954/1292/2673 963/1332/2682
f 954/1292/2673 955/1293/2674 963/1333/2682
f 955/1293/2674 956/1294/2675 963/1334/2682
f 956/1294/2675 957/1295/2676 963/1335/2682
f 957/1295/2676 958/1296/2677 963/1336/2682
f 958/1296/2677 959/1297/2678 963/1337/2682
f 959/1297/2678 960/1298/2679 963/1338/2682
f 960/1298/2679 961/1299/2680 963/1339/2682
f 961/1299/2680 942/1300/2662 963/1340/2682
g default
v 2.925702 1.157462 0.164568
v 2.713306 1.157462 -0.252283
v 2.382490 1.157462 -0.583098
v 1.965638 1.157462 -0.795495
v 1.503555 1.157462 -0.868681
v 1.041471 1.157462 -0.795495
v 0.624620 1.157462 -0.583098
v 0.293805 1.157462 -0.252283
v 0.081409 1.157462 0.164569
v 0.008222 1.157462 0.626652
v 0.081409 1.157462 1.088735
v 0.293805 1.157462 1.505587
v 0.624620 1.157462 1.836402
v 1.041471 1.157462 2.048799
v 1.503555 1.157462 2.121985
v 1.965638 1.157462 2.048798
v 2.382489 1.157462 1.836402
v 2.713305 1.157462 1.505587
v 2.925701 1.157462 1.088735
v 2.998887 1.157462 0.626652
v 3.520765 1.549938 -0.028779
v 3.219496 1.549938 -0.620052
v 2.750260 1.549938 -1.089289
v 2.158986 1.549938 -1.390558
v 1.503555 1.549938 -1.494368
v 0.848124 1.549938 -1.390557
v 0.256851 1.549938 -1.089289
v -0.212386 1.549938 -0.620052
v -0.513654 1.549938 -0.028779
v -0.617465 1.549938 0.626652
v -0.513654 1.549938 1.282083
v -0.212386 1.549938 1.873356
v 0.256851 1.549938 2.342593
v 0.848124 1.549938 2.643861
v 1.503555 1.549938 2.747671
v 2.158986 1.549938 2.643861
v 2.750259 1.549938 2.342592
v 3.219495 1.549938 1.873356
v 3.520764 1.549938 1.282083
v 3.624574 1.549938 0.626652
v 3.895735 1.942414 -0.150614
v 3.538465 1.942414 -0.851796
v 2.982003 1.942414 -1.408258
v 2.280822 1.942414 -1.765528
v 1.503555 1.942414 -1.888635
v 0.726289 1.942414 -1.765528
v 0.025107 1.942414 -1.408258
v -0.531354 1.942414 -0.851796
v -0.888624 1.942414 -0.150614
v -1.011731 1.942414 0.626652
v -0.888624 1.942414 1.403919
v -0.531354 1.942414 2.105101
v 0.025107 1.942414 2.661562
v 0.726289 1.942414 3.018832
v 1.503555 1.942414 3.141939
v 2.280822 1.942414 3.018831
v 2.982003 1.942414 2.661561
v 3.538465 1.942414 2.105101
v 3.895734 1.942414 1.403918
v 4.018841 1.942414 0.626652
v 4.248507 2.334889 -0.265236
v 3.838552 2.334889 -1.069822
v 3.200029 2.334889 -1.708343
v 2.395445 2.334889 -2.118300
v 1.503556 2.334889 -2.259560
v 0.611666 2.334889 -2.118300
v -0.192918 2.334889 -1.708343
v -0.831440 2.334889 -1.069821
v -1.241396 2.334889 -0.265236
v -1.382657 2.334889 0.626653
v -1.241396 2.334889 1.518541
v -0.831440 2.334889 2.323126
v -0.192918 2.334889 2.961647
v 0.611667 2.334889 3.371604
v 1.503555 2.334889 3.512865
v 2.395444 2.334889 3.371603
v 3.200028 2.334889 2.961647
v 3.838550 2.334889 2.323126
v 4.248506 2.334889 1.518541
v 4.389767 2.334889 0.626653
v 4.587860 2.727366 -0.375499
v 4.127222 2.727366 -1.279552
v 3.409761 2.727366 -1.997013
v 2.505706 2.727366 -2.457652
v 1.503556 2.727366 -2.616376
v 0.501404 2.727366 -2.457652
v -0.402649 2.727366 -1.997013
v -1.120110 2.727366 -1.279552
v -1.580748 2.727366 -0.375498
v -1.739473 2.727366 0.626653
v -1.580748 2.727366 1.628804
v -1.120109 2.727366 2.532857
v -0.402649 2.727366 3.250318
v 0.501405 2.727366 3.710956
v 1.503556 2.727366 3.869681
v 2.505706 2.727366 3.710956
v 3.409760 2.727366 3.250318
v 4.127220 2.727366 2.532857
v 4.587858 2.727366 1.628803
v 4.746583 2.727366 0.626653
v 4.907768 3.119842 -0.479442
v 4.399352 3.119842 -1.477265
v 3.607474 3.119842 -2.269142
v 2.609651 3.119842 -2.777559
v 1.503556 3.119842 -2.952746
v 0.397461 3.119842 -2.777558
v -0.600363 3.119842 -2.269141
v -1.392238 3.119842 -1.477265
v -1.900654 3.119842 -0.479442
v -2.075842 3.119842 0.626653
v -1.900654 3.119842 1.732747
v -1.392238 3.119842 2.730570
v -0.600363 3.119842 3.522446
v 0.397461 3.119842 4.030863
v 1.503556 3.119842 4.206051
v 2.609650 3.119842 4.030863
v 3.607472 3.119842 3.522446
v 4.399350 3.119842 2.730570
v 4.907764 3.119842 1.732747
v 5.082952 3.119842 0.626653
v 5.195469 3.512316 -0.572923
v 4.644086 3.512316 -1.655075
v 3.785284 3.512316 -2.513876
v 2.703131 3.512316 -3.065261
v 1.503556 3.512316 -3.255255
v 0.303980 3.512316 -3.065260
v -0.778172 3.512316 -2.513875
v -1.636973 3.512316 -1.655074
v -2.188356 3.512316 -0.572922
v -2.378350 3.512316 0.626653
v -2.188356 3.512316 1.826228
v -1.636972 3.512316 2.908380
v -0.778171 3.512316 3.767181
v 0.303981 3.512316 4.318566
v 1.503556 3.512316 4.508559
v 2.703130 3.512316 4.318566
v 3.785282 3.512316 3.767181
v 4.644084 3.512316 2.908380
v 5.195468 3.512316 1.826228
v 5.385461 3.512316 0.626653
v 5.434582 3.904792 -0.650615
v 4.847486 3.904792 -1.802855
v 3.933064 3.904792 -2.717278
v 2.780823 3.904792 -3.304374
v 1.503556 3.904792 -3.506671
v 0.226288 3.904792 -3.304374
v -0.925952 3.904792 -2.717277
v -1.840374 3.904792 -1.802854
v -2.427468 3.904792 -0.650614
v -2.629768 3.904792 0.626653
v -2.427468 3.904792 1.903920
v -1.840374 3.904792 3.056159
v -0.925951 3.904792 3.970581
v 0.226289 3.904792 4.557677
v 1.503556 3.904792 4.759976
v 2.780822 3.904792 4.557676
v 3.933062 3.904792 3.970581
v 4.847484 3.904792 3.056159
v 5.434578 3.904792 1.903920
v 5.636878 3.904792 0.626653
v 5.608038 4.297268 -0.706974
v 4.995039 4.297268 -1.910057
v 4.040266 4.297268 -2.864829
v 2.837183 4.297268 -3.477830
v 1.503556 4.297268 -3.689056
v 0.169929 4.297268 -3.477829
v -1.033154 4.297268 -2.864828
v -1.987926 4.297268 -1.910057
v -2.600925 4.297268 -0.706974
v -2.812151 4.297268 0.626653
v -2.600925 4.297268 1.960281
v -1.987925 4.297268 3.163362
v -1.033153 4.297268 4.118134
v 0.169929 4.297268 4.731134
v 1.503556 4.297268 4.942359
v 2.837182 4.297268 4.731134
v 4.040265 4.297268 4.118134
v 4.995035 4.297268 3.163362
v 5.608036 4.297268 1.960280
v 5.819261 4.297268 0.626653
v 5.701473 4.689745 -0.737332
v 5.074516 4.689745 -1.967802
v 4.098011 4.689745 -2.944307
v 2.867541 4.689745 -3.571263
v 1.503556 4.689745 -3.787296
v 0.139571 4.689745 -3.571263
v -1.090898 4.689745 -2.944306
v -2.067403 4.689745 -1.967801
v -2.694357 4.689745 -0.737332
v -2.910392 4.689745 0.626653
v -2.694357 4.689745 1.990638
v -2.067403 4.689745 3.221106
v -1.090897 4.689745 4.197612
v 0.139571 4.689745 4.824566
v 1.503556 4.689745 5.040601
v 2.867541 4.689745 4.824566
v 4.098009 4.689745 4.197612
v 5.074514 4.689745 3.221106
v 5.701467 4.689745 1.990638
v 5.917505 4.689745 0.626653
v 5.706427 5.082220 -0.738943
v 5.078733 5.082220 -1.970865
v 4.101073 5.082220 -2.948524
v 2.869151 5.082220 -3.576220
v 1.503556 5.082220 -3.792509
v 0.137960 5.082220 -3.576218
v -1.093962 5.082220 -2.948523
v -2.071620 5.082220 -1.970864
v -2.699315 5.082220 -0.738942
v -2.915603 5.082220 0.626653
v -2.699315 5.082220 1.992249
v -2.071620 5.082220 3.224170
v -1.093961 5.082220 4.201829
v 0.137960 5.082220 4.829523
v 1.503556 5.082220 5.045814
v 2.869151 5.082220 4.829523
v 4.101072 5.082220 4.201829
v 5.078730 5.082220 3.224169
v 5.706425 5.082220 1.992249
v 5.922716 5.082220 0.626653
v 5.622450 5.474695 -0.711656
v 5.007295 5.474695 -1.918962
v 4.049171 5.474695 -2.877086
v 2.841865 5.474695 -3.492240
v 1.503556 5.474695 -3.704207
v 0.165247 5.474695 -3.492239
v -1.042059 5.474695 -2.877086
v -2.000182 5.474695 -1.918961
v -2.615334 5.474695 -0.711655
v -2.827301 5.474695 0.626653
v -2.615334 5.474695 1.964962
v -2.000181 5.474695 3.172268
v -1.042058 5.474695 4.130391
v 0.165247 5.474695 4.745543
v 1.503556 5.474695 4.957510
v 2.841864 5.474695 4.745542
v 4.049170 5.474695 4.130391
v 5.007293 5.474695 3.172267
v 5.622444 5.474695 1.964962
v 5.834415 5.474695 0.626653
v 5.457173 5.867170 -0.657955
v 4.866702 5.867170 -1.816816
v 3.947026 5.867170 -2.736493
v 2.788163 5.867170 -3.326964
v 1.503556 5.867170 -3.530425
v 0.218948 5.867170 -3.326964
v -0.939913 5.867170 -2.736493
v -1.859590 5.867170 -1.816815
v -2.450059 5.867170 -0.657954
v -2.653520 5.867170 0.626653
v -2.450059 5.867170 1.911260
v -1.859589 5.867170 3.070122
v -0.939912 5.867170 3.989798
v 0.218949 5.867170 4.580267
v 1.503556 5.867170 4.783728
v 2.788162 5.867170 4.580267
v 3.947024 5.867170 3.989797
v 4.866700 5.867170 3.070121
v 5.457169 5.867170 1.911260
v 5.660631 5.867170 0.626653
v 5.224466 6.259647 -0.582344
v 4.668750 6.259647 -1.672996
v 3.803205 6.259647 -2.538542
v 2.712552 6.259647 -3.094257
v 1.503556 6.259647 -3.285743
v 0.294559 6.259647 -3.094256
v -0.796092 6.259647 -2.538541
v -1.661638 6.259647 -1.672995
v -2.217352 6.259647 -0.582343
v -2.408838 6.259647 0.626653
v -2.217352 6.259647 1.835649
v -1.661638 6.259647 2.926301
v -0.796092 6.259647 3.791847
v 0.294559 6.259647 4.347561
v 1.503556 6.259647 4.539047
v 2.712552 6.259647 4.347561
v 3.803203 6.259647 3.791846
v 4.668748 6.259647 2.926300
v 5.224462 6.259647 1.835649
v 5.415949 6.259647 0.626653
v 4.941265 6.652123 -0.490327
v 4.427847 6.652123 -1.497970
v 3.628178 6.652123 -2.297638
v 2.620535 6.652123 -2.811057
v 1.503556 6.652123 -2.987969
v 0.386576 6.652123 -2.811057
v -0.621066 6.652123 -2.297638
v -1.420735 6.652123 -1.497969
v -1.934154 6.652123 -0.490327
v -2.111066 6.652123 0.626653
v -1.934154 6.652123 1.743632
v -1.420735 6.652123 2.751274
v -0.621065 6.652123 3.550942
v 0.386576 6.652123 4.064362
v 1.503556 6.652123 4.241275
v 2.620535 6.652123 4.064362
v 3.628176 6.652123 3.550942
v 4.427845 6.652123 2.751274
v 4.941263 6.652123 1.743632
v 5.118176 6.652123 0.626653
v 4.624190 7.044599 -0.387302
v 4.158124 7.044599 -1.302004
v 3.432213 7.044599 -2.027916
v 2.517511 7.044599 -2.493980
v 1.503556 7.044599 -2.654575
v 0.489600 7.044599 -2.493980
v -0.425101 7.044599 -2.027916
v -1.151012 7.044599 -1.302004
v -1.617076 7.044599 -0.387302
v -1.777670 7.044599 0.626653
v -1.617076 7.044599 1.640607
v -1.151012 7.044599 2.555310
v -0.425101 7.044599 3.281220
v 0.489601 7.044599 3.747285
v 1.503556 7.044599 3.907879
v 2.517510 7.044599 3.747284
v 3.432212 7.044599 3.281220
v 4.158123 7.044599 2.555309
v 4.624186 7.044599 1.640607
v 4.784781 7.044599 0.626653
v 4.286525 7.437074 -0.277589
v 3.870891 7.437074 -1.093317
v 3.223524 7.437074 -1.740683
v 2.407797 7.437074 -2.156316
v 1.503556 7.437074 -2.299533
v 0.599314 7.437074 -2.156316
v -0.216414 7.437074 -1.740682
v -0.863778 7.437074 -1.093316
v -1.279413 7.437074 -0.277588
v -1.422630 7.437074 0.626653
v -1.279413 7.437074 1.530894
v -0.863778 7.437074 2.346621
v -0.216414 7.437074 2.993986
v 0.599314 7.437074 3.409620
v 1.503555 7.437074 3.552838
v 2.407797 7.437074 3.409620
v 3.223524 7.437074 2.993986
v 3.870889 7.437074 2.346621
v 4.286522 7.437074 1.530894
v 4.429739 7.437074 0.626653
v 3.935253 7.829551 -0.163454
v 3.572080 7.829551 -0.876219
v 3.006427 7.829551 -1.441873
v 2.293661 7.829551 -1.805045
v 1.503555 7.829551 -1.930185
v 0.713449 7.829551 -1.805045
v 0.000684 7.829551 -1.441873
v -0.564970 7.829551 -0.876219
v -0.928141 7.829551 -0.163454
v -1.053282 7.829551 0.626652
v -0.928141 7.829551 1.416759
v -0.564970 7.829551 2.129524
v 0.000684 7.829551 2.695177
v 0.713449 7.829551 3.058349
v 1.503555 7.829551 3.183489
v 2.293661 7.829551 3.058349
v 3.006426 7.829551 2.695176
v 3.572079 7.829551 2.129523
v 3.935252 7.829551 1.416759
v 4.060392 7.829551 0.626652
v 3.564188 8.222025 -0.042888
v 3.256434 8.222025 -0.646889
v 2.777096 8.222025 -1.126227
v 2.173095 8.222025 -1.433980
v 1.503555 8.222025 -1.540026
v 0.834015 8.222025 -1.433980
v 0.230014 8.222025 -1.126226
v -0.249323 8.222025 -0.646888
v -0.557077 8.222025 -0.042888
v -0.663121 8.222025 0.626652
v -0.557077 8.222025 1.296192
v -0.249323 8.222025 1.900193
v 0.230014 8.222025 2.379530
v 0.834015 8.222025 2.687284
v 1.503555 8.222025 2.793329
v 2.173095 8.222025 2.687283
v 2.777095 8.222025 2.379530
v 3.256433 8.222025 1.900193
v 3.564186 8.222025 1.296192
v 3.670231 8.222025 0.626652
v 3.084094 8.614502 0.113104
v 2.848042 8.614502 -0.350175
v 2.480382 8.614502 -0.717835
v 2.017103 8.614502 -0.953887
v 1.503555 8.614502 -1.035225
v 0.990007 8.614502 -0.953887
v 0.526728 8.614502 -0.717835
v 0.159068 8.614502 -0.350175
v -0.076984 8.614502 0.113104
v -0.158322 8.614502 0.626652
v -0.076984 8.614502 1.140200
v 0.159068 8.614502 1.603478
v 0.526728 8.614502 1.971138
v 0.990007 8.614502 2.207191
v 1.503555 8.614502 2.288529
v 2.017103 8.614502 2.207191
v 2.480382 8.614502 1.971138
v 2.848041 8.614502 1.603478
v 3.084093 8.614502 1.140200
v 3.165431 8.614502 0.626652
v 2.925702 9.101290 0.164568
v 2.713306 9.101290 -0.252283
v 2.382490 9.101290 -0.583098
v 1.965638 9.101290 -0.795495
v 1.503555 9.101290 -0.868681
v 1.041471 9.101290 -0.795495
v 0.624620 9.101290 -0.583098
v 0.293805 9.101290 -0.252283
v 0.081409 9.101290 0.164569
v 0.008222 9.101290 0.626652
v 0.081409 9.101290 1.088735
v 0.293805 9.101290 1.505587
v 0.624620 9.101290 1.836402
v 1.041471 9.101290 2.048799
v 1.503555 9.101290 2.121985
v 1.965638 9.101290 2.048798
v 2.382489 9.101290 1.836402
v 2.713305 9.101290 1.505587
v 2.925701 9.101290 1.088735
v 2.998887 9.101290 0.626652
v 2.925702 9.599733 0.164568
v 2.713306 9.599733 -0.252283
v 2.382490 9.599733 -0.583098
v 1.965638 9.599733 -0.795495
v 1.503555 9.599733 -0.868681
v 1.041471 9.599733 -0.795495
v 0.624620 9.599733 -0.583098
v 0.293805 9.599733 -0.252283
v 0.081409 9.599733 0.164569
v 0.008222 9.599733 0.626652
v 0.081409 9.599733 1.088735
v 0.293805 9.599733 1.505587
v 0.624620 9.599733 1.836402
v 1.041471 9.599733 2.048799
v 1.503555 9.599733 2.121985
v 1.965638 9.599733 2.048798
v 2.382489 9.599733 1.836402
v 2.713305 9.599733 1.505587
v 2.925701 9.599733 1.088735
v 2.998887 9.599733 0.626652
v 1.503555 1.157462 0.626652
v 2.925702 10.482578 0.164568
v 2.713306 10.482578 -0.252283
v 2.382490 10.482578 -0.583098
v 1.965638 10.482578 -0.795495
v 1.503555 10.482578 -0.868681
v 1.041471 10.482578 -0.795495
v 0.624620 10.482578 -0.583098
v 0.293805 10.482578 -0.252283
v 0.081409 10.482578 0.164569
v 0.008222 10.482578 0.626652
v 0.081409 10.482578 1.088735
v 0.293805 10.482578 1.505587
v 0.624620 10.482578 1.836402
v 1.041471 10.482578 2.048799
v 1.503555 10.482578 2.121985
v 1.965638 10.482578 2.048798
v 2.382489 10.482578 1.836402
v 2.713305 10.482578 1.505587
v 2.925701 10.482578 1.088735
v 2.998887 10.482578 0.626652
v 1.503555 10.482578 0.626652
v 2.929138 10.482578 1.067033
vt 0.637205 0.752804
vt 0.632226 0.743032
vt 0.624471 0.735277
vt 0.614699 0.730298
vt 0.603866 0.728582
vt 0.593033 0.730298
vt 0.583261 0.735277
vt 0.575506 0.743032
vt 0.570527 0.752804
vt 0.568811 0.763637
vt 0.570527 0.774469
vt 0.575506 0.784242
vt 0.583261 0.791997
vt 0.593033 0.796976
vt 0.603866 0.798692
vt 0.614699 0.796976
vt 0.624471 0.791997
vt 0.632226 0.784242
vt 0.637205 0.774469
vt 0.638921 0.763637
vt 0.086899 0.075314
vt 0.095234 0.080442
vt 0.105828 0.083231
vt 0.117966 0.084162
vt 0.131186 0.083697
vt 0.145187 0.082223
vt 0.159772 0.080040
vt 0.174807 0.077376
vt 0.190195 0.074396
vt 0.205862 0.071222
vt 0.221741 0.067940
vt 0.237765 0.064606
vt 0.253860 0.061250
vt 0.269931 0.057876
vt 0.285852 0.054454
vt 0.301451 0.050916
vt 0.316481 0.047143
vt 0.330589 0.042951
vt 0.343267 0.038079
vt 0.353785 0.032197
vt 0.361101 0.024938
vt 0.075078 0.087159
vt 0.086527 0.093974
vt 0.099804 0.097614
vt 0.114153 0.098905
vt 0.129134 0.098536
vt 0.144511 0.097026
vt 0.160164 0.094750
vt 0.176034 0.091972
vt 0.192090 0.088875
vt 0.208310 0.085586
vt 0.224678 0.082193
vt 0.241168 0.078749
vt 0.257748 0.075279
vt 0.274369 0.071778
vt 0.290959 0.068205
vt 0.307409 0.064471
vt 0.323550 0.060420
vt 0.339118 0.055798
vt 0.353696 0.050218
vt 0.366611 0.043115
vt 0.376772 0.033726
vt 0.066341 0.097695
vt 0.080186 0.104993
vt 0.095442 0.108798
vt 0.111378 0.110094
vt 0.127608 0.109662
vt 0.143963 0.108063
vt 0.160382 0.105692
vt 0.176858 0.102820
vt 0.193403 0.099633
vt 0.210033 0.096258
vt 0.226760 0.092780
vt 0.243594 0.089251
vt 0.260529 0.085693
vt 0.277553 0.082098
vt 0.294631 0.078425
vt 0.311705 0.074579
vt 0.328668 0.070398
vt 0.345335 0.065612
vt 0.361381 0.059797
vt 0.376227 0.052316
vt 0.388887 0.042326
vt 0.058462 0.108911
vt 0.074661 0.116236
vt 0.091755 0.119873
vt 0.109099 0.120984
vt 0.126413 0.120394
vt 0.143608 0.118669
vt 0.160685 0.116195
vt 0.177684 0.113236
vt 0.194652 0.109971
vt 0.211636 0.106523
vt 0.228677 0.102973
vt 0.245806 0.099371
vt 0.263046 0.095738
vt 0.280413 0.092067
vt 0.297907 0.088318
vt 0.315516 0.084403
vt 0.333193 0.080166
vt 0.350836 0.075350
vt 0.368231 0.069540
vt 0.384945 0.062083
vt 0.400155 0.051997
vt 0.051555 0.120746
vt 0.070059 0.127686
vt 0.088827 0.130895
vt 0.107395 0.131683
vt 0.125624 0.130873
vt 0.143522 0.128999
vt 0.161150 0.126421
vt 0.178586 0.123383
vt 0.195911 0.120053
vt 0.213193 0.116545
vt 0.230496 0.112936
vt 0.247870 0.109274
vt 0.265360 0.105581
vt 0.283005 0.101850
vt 0.300837 0.098048
vt 0.318881 0.094097
vt 0.337148 0.089862
vt 0.355616 0.085116
vt 0.374195 0.079486
vt 0.392639 0.072349
vt 0.410365 0.062624
vt 0.045830 0.132964
vt 0.066497 0.139132
vt 0.086717 0.141720
vt 0.106294 0.142096
vt 0.125264 0.141030
vt 0.143727 0.138999
vt 0.161797 0.136320
vt 0.179587 0.133213
vt 0.197199 0.129830
vt 0.214723 0.126275
vt 0.232234 0.122621
vt 0.249802 0.118913
vt 0.267485 0.115173
vt 0.285343 0.111400
vt 0.303431 0.107565
vt 0.321807 0.103607
vt 0.340529 0.099415
vt 0.359651 0.094807
vt 0.379204 0.089476
vt 0.399149 0.082879
vt 0.419227 0.073930
vt 0.041458 0.145223
vt 0.064025 0.150290
vt 0.085413 0.152132
vt 0.105772 0.152056
vt 0.125308 0.150722
vt 0.144201 0.148536
vt 0.162611 0.145766
vt 0.180674 0.142601
vt 0.198508 0.139176
vt 0.216217 0.135587
vt 0.233887 0.131901
vt 0.251597 0.128160
vt 0.269420 0.124387
vt 0.287428 0.120585
vt 0.305695 0.116735
vt 0.324303 0.112791
vt 0.343350 0.108671
vt 0.362950 0.104241
vt 0.383242 0.099279
vt 0.404390 0.093364
vt 0.426514 0.085529
vt 0.038508 0.157156
vt 0.062595 0.160888
vt 0.084839 0.161933
vt 0.105756 0.161398
vt 0.125694 0.159806
vt 0.144897 0.157474
vt 0.163553 0.154623
vt 0.181815 0.151411
vt 0.199813 0.147956
vt 0.217656 0.144344
vt 0.235439 0.140636
vt 0.253249 0.136873
vt 0.271164 0.133080
vt 0.289267 0.129264
vt 0.307644 0.125413
vt 0.326397 0.121498
vt 0.345650 0.117467
vt 0.365565 0.113235
vt 0.386365 0.108669
vt 0.408387 0.103502
vt 0.432137 0.097009
vt 0.436163 0.108069
vt 0.036596 0.179272
vt 0.037432 0.189769
vt 0.063213 0.188980
vt 0.086351 0.187704
vt 0.107873 0.185909
vt 0.128279 0.183634
vt 0.147869 0.180941
vt 0.166852 0.177907
vt 0.185389 0.174607
vt 0.203614 0.171110
vt 0.221638 0.167475
vt 0.239559 0.163751
vt 0.257469 0.159975
vt 0.275455 0.156175
vt 0.293607 0.152372
vt 0.312029 0.148581
vt 0.330841 0.144815
vt 0.350204 0.141101
vt 0.370340 0.137491
vt 0.391582 0.134102
vt 0.414489 0.131165
vt 0.440157 0.129126
vt 0.039490 0.200473
vt 0.064844 0.198117
vt 0.087804 0.196060
vt 0.109240 0.193851
vt 0.129608 0.191356
vt 0.149186 0.188554
vt 0.168172 0.185469
vt 0.186719 0.182151
vt 0.204952 0.178651
vt 0.222979 0.175022
vt 0.240895 0.171306
vt 0.258788 0.167539
vt 0.276743 0.163753
vt 0.294851 0.159972
vt 0.313211 0.156220
vt 0.331946 0.152526
vt 0.351214 0.148942
vt 0.371237 0.145564
vt 0.392346 0.142589
vt 0.415074 0.140410
vt 0.440391 0.139894
vt 0.439407 0.151333
vt 0.048034 0.223525
vt 0.054848 0.235613
vt 0.075970 0.228848
vt 0.096621 0.224316
vt 0.116654 0.220748
vt 0.136110 0.217533
vt 0.155075 0.214376
vt 0.173636 0.211147
vt 0.191872 0.207800
vt 0.209857 0.204335
vt 0.227660 0.200769
vt 0.245343 0.197132
vt 0.262969 0.193457
vt 0.280602 0.189782
vt 0.298308 0.186151
vt 0.316165 0.182620
vt 0.334262 0.179271
vt 0.352713 0.176238
vt 0.371667 0.173751
vt 0.391311 0.172236
vt 0.411844 0.172503
vt 0.433300 0.176141
vt 0.063359 0.247575
vt 0.082271 0.239800
vt 0.101504 0.234569
vt 0.120590 0.230578
vt 0.139389 0.227127
vt 0.157883 0.223853
vt 0.176096 0.220581
vt 0.194067 0.217237
vt 0.211837 0.213798
vt 0.229450 0.210274
vt 0.246951 0.206687
vt 0.264386 0.203071
vt 0.281803 0.199466
vt 0.299255 0.195923
vt 0.316798 0.192512
vt 0.334501 0.189332
vt 0.352446 0.186542
vt 0.370729 0.184407
vt 0.389454 0.183401
vt 0.408664 0.184385
vt 0.428127 0.188924
vt 0.421699 0.201494
vt 0.097069 0.279365
vt 0.108706 0.271293
vt 0.122438 0.265434
vt 0.137403 0.260841
vt 0.153117 0.256955
vt 0.169285 0.253440
vt 0.185713 0.250091
vt 0.202276 0.246793
vt 0.218885 0.243486
vt 0.235481 0.240152
vt 0.252024 0.236798
vt 0.268485 0.233456
vt 0.284841 0.230178
vt 0.301072 0.227037
vt 0.317155 0.224135
vt 0.333056 0.221611
vt 0.348720 0.219658
vt 0.364058 0.218544
vt 0.378916 0.218657
vt 0.393027 0.220587
vt 0.111674 0.289005
vt 0.120828 0.282401
vt 0.132345 0.277031
vt 0.145483 0.272541
vt 0.159733 0.268640
vt 0.174737 0.265099
vt 0.190236 0.261751
vt 0.206042 0.258489
vt 0.222015 0.255249
vt 0.238050 0.252008
vt 0.254065 0.248769
vt 0.269996 0.245565
vt 0.285785 0.242450
vt 0.301378 0.239503
vt 0.316716 0.236836
vt 0.331723 0.234592
vt 0.346299 0.232955
vt 0.360298 0.232153
vt 0.373509 0.232450
vt 0.385619 0.234143
vt 0.121076 0.296872
vt 0.129459 0.291204
vt 0.139843 0.286214
vt 0.151866 0.281884
vt 0.165138 0.278058
vt 0.179320 0.274566
vt 0.194137 0.271268
vt 0.209372 0.268063
vt 0.224853 0.264894
vt 0.240444 0.261734
vt 0.256036 0.258589
vt 0.271536 0.255490
vt 0.286861 0.252494
vt 0.301933 0.249684
vt 0.316666 0.247172
vt 0.330966 0.245103
vt 0.344713 0.243652
vt 0.357756 0.243022
vt 0.369902 0.243411
vt 0.380931 0.244949
vt 0.127570 0.305040
vt 0.135833 0.299700
vt 0.145683 0.294991
vt 0.157070 0.290882
vt 0.169736 0.287224
vt 0.183384 0.283862
vt 0.197743 0.280667
vt 0.212583 0.277552
vt 0.227712 0.274462
vt 0.242976 0.271377
vt 0.258242 0.268307
vt 0.273400 0.265284
vt 0.288346 0.262367
vt 0.302981 0.259638
vt 0.317203 0.257207
vt 0.330903 0.255213
vt 0.343959 0.253824
vt 0.356240 0.253229
vt 0.367624 0.253614
vt 0.378047 0.255079
vt 0.730292 0.663240
vt 0.729443 0.647006
vt 0.723618 0.631830
vt 0.713386 0.619202
vt 0.699758 0.610359
vt 0.684074 0.606154
vt 0.667853 0.606991
vt 0.652678 0.612802
vt 0.640039 0.623024
vt 0.631179 0.636652
vt 0.626966 0.652354
vt 0.627816 0.668588
vt 0.633643 0.683761
vt 0.643867 0.696388
vt 0.657491 0.705241
vt 0.673186 0.709450
vt 0.689413 0.708603
vt 0.704584 0.702788
vt 0.717220 0.692570
vt 0.726080 0.678942
vt 0.603866 0.763637
vt 0.703007 0.680157
vt 0.708725 0.671533
vt 0.711498 0.661563
vt 0.711052 0.651223
vt 0.707432 0.641529
vt 0.700992 0.633430
vt 0.692363 0.627719
vt 0.682390 0.624952
vt 0.672053 0.625391
vt 0.662357 0.629003
vt 0.654252 0.635436
vt 0.648533 0.644060
vt 0.645761 0.654030
vt 0.646207 0.664369
vt 0.649827 0.674064
vt 0.656267 0.682165
vt 0.664894 0.687883
vt 0.674865 0.690654
vt 0.685205 0.690209
vt 0.694903 0.686590
vt 0.414231 0.213615
vt 0.399137 0.208506
vt 0.383200 0.206643
vt 0.366905 0.206807
vt 0.350446 0.208240
vt 0.333900 0.210483
vt 0.317294 0.213247
vt 0.300634 0.216342
vt 0.283916 0.219640
vt 0.267132 0.223048
vt 0.250274 0.226498
vt 0.233338 0.229943
vt 0.216323 0.233351
vt 0.199236 0.236710
vt 0.182099 0.240032
vt 0.164950 0.243367
vt 0.147858 0.246828
vt 0.130946 0.250632
vt 0.114429 0.255174
vt 0.098727 0.261143
vt 0.387627 0.257417
vt 0.390662 0.247558
vt 0.396146 0.237589
vt 0.405898 0.225266
vt 0.084687 0.269635
vt 0.437071 0.163492
vt 0.413908 0.161072
vt 0.392340 0.161615
vt 0.371999 0.163645
vt 0.352542 0.166463
vt 0.333711 0.169711
vt 0.315319 0.173200
vt 0.297229 0.176826
vt 0.279334 0.180525
vt 0.261545 0.184251
vt 0.243785 0.187969
vt 0.225979 0.191644
vt 0.208051 0.195241
vt 0.189925 0.198725
vt 0.171514 0.202067
vt 0.152720 0.205250
vt 0.133431 0.208286
vt 0.113508 0.211253
vt 0.092779 0.214361
vt 0.071029 0.218082
vt 0.073390 0.259010
vt 0.404393 0.196449
vt 0.386738 0.194913
vt 0.369140 0.195458
vt 0.351693 0.197236
vt 0.334385 0.199760
vt 0.317179 0.202743
vt 0.300034 0.206009
vt 0.282911 0.209441
vt 0.265775 0.212957
vt 0.248595 0.216499
vt 0.231341 0.220021
vt 0.213989 0.223493
vt 0.196517 0.226895
vt 0.178911 0.230232
vt 0.161167 0.233541
vt 0.143299 0.236919
vt 0.125352 0.240573
vt 0.107449 0.244903
vt 0.089892 0.250639
vt 0.042954 0.211721
vt 0.414934 0.150337
vt 0.392638 0.151712
vt 0.371819 0.154235
vt 0.352014 0.157351
vt 0.332916 0.160782
vt 0.314316 0.164385
vt 0.296062 0.168083
vt 0.278037 0.171831
vt 0.260145 0.175594
vt 0.242299 0.179341
vt 0.224418 0.183042
vt 0.206420 0.186659
vt 0.188215 0.190154
vt 0.169706 0.193487
vt 0.150777 0.196621
vt 0.131292 0.199538
vt 0.111075 0.202262
vt 0.089890 0.204910
vt 0.067376 0.207788
vt 0.438774 0.118676
vt 0.413246 0.122221
vt 0.390386 0.125892
vt 0.369145 0.129673
vt 0.348986 0.133495
vt 0.329592 0.137323
vt 0.310749 0.141148
vt 0.292304 0.144968
vt 0.274136 0.148784
vt 0.256146 0.152589
vt 0.238244 0.156367
vt 0.220341 0.160093
vt 0.202348 0.163727
vt 0.184164 0.167216
vt 0.165674 0.170494
vt 0.146744 0.173474
vt 0.127210 0.176055
vt 0.106859 0.178115
vt 0.085391 0.179505
vt 0.062308 0.180022
vt 0.036928 0.168507
vt 0.411272 0.113106
vt 0.388695 0.117517
vt 0.367590 0.121687
vt 0.347499 0.125714
vt 0.328137 0.129648
vt 0.309311 0.133521
vt 0.290878 0.137362
vt 0.272725 0.141182
vt 0.254757 0.144986
vt 0.236886 0.148760
vt 0.219028 0.152481
vt 0.201093 0.156107
vt 0.182982 0.159583
vt 0.164581 0.162832
vt 0.145757 0.165753
vt 0.126347 0.168215
vt 0.106145 0.170050
vt 0.084870 0.171024
vt 0.062074 0.170772
vt 0.678630 0.657796
vt 0.711367 0.662031
vn 0.477678 -0.844148 -0.243388
vn 0.477678 -0.844148 -0.243388
vn 0.477678 -0.844148 -0.243388
vn 0.477678 -0.844148 -0.243388
vn 0.379087 -0.844148 -0.379088
vn 0.379087 -0.844148 -0.379088
vn 0.379087 -0.844148 -0.379088
vn 0.379087 -0.844148 -0.379088
vn 0.243389 -0.844148 -0.477678
vn 0.243389 -0.844148 -0.477678
vn 0.243389 -0.844148 -0.477678
vn 0.243389 -0.844148 -0.477678
vn 0.083866 -0.844147 -0.529511
vn 0.083866 -0.844147 -0.529511
vn 0.083866 -0.844147 -0.529511
vn 0.083866 -0.844148 -0.529511
vn -0.083866 -0.844147 -0.529511
vn -0.083866 -0.844147 -0.529511
vn -0.083866 -0.844147 -0.529511
vn -0.083866 -0.844147 -0.529511
vn -0.243389 -0.844148 -0.477678
vn -0.243389 -0.844148 -0.477678
vn -0.243390 -0.844148 -0.477678
vn -0.243389 -0.844148 -0.477678
vn -0.379088 -0.844148 -0.379087
vn -0.379088 -0.844148 -0.379087
vn -0.379088 -0.844148 -0.379087
vn -0.379088 -0.844148 -0.379087
vn -0.477678 -0.844148 -0.243389
vn -0.477678 -0.844148 -0.243389
vn -0.477678 -0.844148 -0.243389
vn -0.477678 -0.844148 -0.243389
vn -0.529510 -0.844148 -0.083867
vn -0.529510 -0.844148 -0.083867
vn -0.529510 -0.844148 -0.083867
vn -0.529510 -0.844148 -0.083867
vn -0.529510 -0.844148 0.083867
vn -0.529510 -0.844148 0.083867
vn -0.529510 -0.844148 0.083867
vn -0.529510 -0.844148 0.083867
vn -0.477678 -0.844148 0.243389
vn -0.477678 -0.844148 0.243389
vn -0.477678 -0.844148 0.243389
vn -0.477678 -0.844148 0.243389
vn -0.379088 -0.844148 0.379087
vn -0.379088 -0.844148 0.379087
vn -0.379088 -0.844148 0.379087
vn -0.379088 -0.844148 0.379087
vn -0.243389 -0.844148 0.477678
vn -0.243389 -0.844148 0.477678
vn -0.243389 -0.844148 0.477678
vn -0.243389 -0.844148 0.477678
vn -0.083866 -0.844148 0.529511
vn -0.083866 -0.844148 0.529510
vn -0.083866 -0.844148 0.529511
vn -0.083866 -0.844148 0.529511
vn 0.083866 -0.844148 0.529510
vn 0.083866 -0.844148 0.529510
vn 0.083866 -0.844148 0.529510
vn 0.083866 -0.844148 0.529510
vn 0.243389 -0.844148 0.477678
vn 0.243389 -0.844148 0.477678
vn 0.243389 -0.844148 0.477678
vn 0.243389 -0.844148 0.477678
vn 0.379087 -0.844148 0.379087
vn 0.379087 -0.844148 0.379087
vn 0.379087 -0.844148 0.379087
vn 0.379087 -0.844148 0.379087
vn 0.477678 -0.844148 0.243389
vn 0.477678 -0.844148 0.243389
vn 0.477678 -0.844148 0.243389
vn 0.477678 -0.844148 0.243389
vn 0.529510 -0.844148 0.083866
vn 0.529510 -0.844148 0.083866
vn 0.529510 -0.844148 0.083866
vn 0.529510 -0.844148 0.083866
vn 0.529510 -0.844148 -0.083865
vn 0.529510 -0.844148 -0.083865
vn 0.529510 -0.844148 -0.083865
vn 0.529510 -0.844148 -0.083865
vn 0.632500 -0.704331 -0.322275
vn 0.632500 -0.704331 -0.322275
vn 0.632500 -0.704331 -0.322275
vn 0.632500 -0.704331 -0.322275
vn 0.501955 -0.704331 -0.501955
vn 0.501955 -0.704331 -0.501955
vn 0.501955 -0.704331 -0.501955
vn 0.501955 -0.704331 -0.501955
vn 0.322275 -0.704331 -0.632500
vn 0.322275 -0.704331 -0.632500
vn 0.322275 -0.704331 -0.632500
vn 0.322275 -0.704331 -0.632500
vn 0.111048 -0.704332 -0.701131
vn 0.111048 -0.704332 -0.701131
vn 0.111048 -0.704332 -0.701131
vn 0.111048 -0.704332 -0.701131
vn -0.111048 -0.704331 -0.701132
vn -0.111048 -0.704331 -0.701132
vn -0.111048 -0.704331 -0.701132
vn -0.111048 -0.704331 -0.701132
vn -0.322275 -0.704331 -0.632500
vn -0.322275 -0.704331 -0.632500
vn -0.322275 -0.704331 -0.632500
vn -0.322275 -0.704331 -0.632500
vn -0.501955 -0.704331 -0.501955
vn -0.501956 -0.704331 -0.501955
vn -0.501955 -0.704331 -0.501955
vn -0.501955 -0.704331 -0.501955
vn -0.632501 -0.704330 -0.322275
vn -0.632501 -0.704330 -0.322275
vn -0.632501 -0.704331 -0.322275
vn -0.632501 -0.704330 -0.322275
vn -0.701132 -0.704331 -0.111048
vn -0.701132 -0.704331 -0.111048
vn -0.701132 -0.704331 -0.111048
vn -0.701132 -0.704331 -0.111048
vn -0.701132 -0.704331 0.111048
vn -0.701132 -0.704331 0.111048
vn -0.701132 -0.704331 0.111048
vn -0.701132 -0.704331 0.111048
vn -0.632501 -0.704331 0.322275
vn -0.632501 -0.704331 0.322275
vn -0.632501 -0.704331 0.322275
vn -0.632501 -0.704331 0.322275
vn -0.501955 -0.704331 0.501955
vn -0.501955 -0.704331 0.501955
vn -0.501955 -0.704331 0.501955
vn -0.501955 -0.704331 0.501955
vn -0.322275 -0.704331 0.632500
vn -0.322275 -0.704331 0.632500
vn -0.322275 -0.704331 0.632500
vn -0.322275 -0.704331 0.632500
vn -0.111048 -0.704332 0.701131
vn -0.111048 -0.704332 0.701132
vn -0.111048 -0.704332 0.701132
vn -0.111048 -0.704332 0.701131
vn 0.111049 -0.704332 0.701131
vn 0.111049 -0.704332 0.701131
vn 0.111049 -0.704332 0.701131
vn 0.111049 -0.704332 0.701131
vn 0.322275 -0.704332 0.632500
vn 0.322275 -0.704331 0.632500
vn 0.322275 -0.704332 0.632500
vn 0.322275 -0.704332 0.632500
vn 0.501955 -0.704331 0.501955
vn 0.501955 -0.704331 0.501955
vn 0.501955 -0.704331 0.501955
vn 0.501955 -0.704331 0.501955
vn 0.632500 -0.704331 0.322274
vn 0.632500 -0.704331 0.322274
vn 0.632500 -0.704331 0.322274
vn 0.632500 -0.704331 0.322274
vn 0.701132 -0.704331 0.111049
vn 0.701132 -0.704331 0.111049
vn 0.701132 -0.704331 0.111049
vn 0.701132 -0.704331 0.111049
vn 0.701132 -0.704331 -0.111048
vn 0.701132 -0.704331 -0.111047
vn 0.701132 -0.704331 -0.111048
vn 0.701132 -0.704331 -0.111048
vn 0.651334 -0.682368 -0.331870
vn 0.651334 -0.682368 -0.331870
vn 0.651334 -0.682368 -0.331870
vn 0.651334 -0.682368 -0.331870
vn 0.516901 -0.682368 -0.516902
vn 0.516901 -0.682368 -0.516902
vn 0.516901 -0.682368 -0.516902
vn 0.516901 -0.682368 -0.516902
vn 0.331872 -0.682367 -0.651334
vn 0.331872 -0.682367 -0.651334
vn 0.331872 -0.682367 -0.651334
vn 0.331872 -0.682367 -0.651334
vn 0.114354 -0.682367 -0.722010
vn 0.114354 -0.682367 -0.722010
vn 0.114354 -0.682367 -0.722010
vn 0.114354 -0.682367 -0.722010
vn -0.114355 -0.682367 -0.722010
vn -0.114355 -0.682367 -0.722010
vn -0.114355 -0.682367 -0.722010
vn -0.114355 -0.682367 -0.722010
vn -0.331872 -0.682367 -0.651334
vn -0.331872 -0.682367 -0.651334
vn -0.331872 -0.682367 -0.651334
vn -0.331872 -0.682367 -0.651334
vn -0.516903 -0.682367 -0.516901
vn -0.516903 -0.682367 -0.516901
vn -0.516903 -0.682367 -0.516901
vn -0.516903 -0.682367 -0.516901
vn -0.651334 -0.682367 -0.331871
vn -0.651334 -0.682367 -0.331871
vn -0.651334 -0.682367 -0.331871
vn -0.651334 -0.682367 -0.331871
vn -0.722010 -0.682367 -0.114355
vn -0.722010 -0.682367 -0.114355
vn -0.722010 -0.682367 -0.114355
vn -0.722010 -0.682367 -0.114355
vn -0.722010 -0.682367 0.114355
vn -0.722010 -0.682367 0.114355
vn -0.722010 -0.682367 0.114355
vn -0.722010 -0.682367 0.114355
vn -0.651334 -0.682368 0.331871
vn -0.651334 -0.682368 0.331871
vn -0.651334 -0.682368 0.331871
vn -0.651334 -0.682368 0.331871
vn -0.516902 -0.682367 0.516902
vn -0.516902 -0.682367 0.516902
vn -0.516902 -0.682367 0.516902
vn -0.516902 -0.682367 0.516902
vn -0.331872 -0.682367 0.651335
vn -0.331872 -0.682367 0.651335
vn -0.331872 -0.682367 0.651335
vn -0.331872 -0.682367 0.651335
vn -0.114355 -0.682367 0.722010
vn -0.114355 -0.682367 0.722010
vn -0.114355 -0.682367 0.722010
vn -0.114355 -0.682367 0.722010
vn 0.114355 -0.682368 0.722009
vn 0.114355 -0.682368 0.722009
vn 0.114355 -0.682368 0.722009
vn 0.114355 -0.682368 0.722009
vn 0.331872 -0.682367 0.651334
vn 0.331872 -0.682367 0.651334
vn 0.331872 -0.682367 0.651334
vn 0.331872 -0.682367 0.651334
vn 0.516902 -0.682367 0.516902
vn 0.516902 -0.682367 0.516902
vn 0.516902 -0.682367 0.516902
vn 0.516902 -0.682367 0.516902
vn 0.651335 -0.682367 0.331871
vn 0.651335 -0.682367 0.331871
vn 0.651335 -0.682367 0.331871
vn 0.651335 -0.682367 0.331871
vn 0.722010 -0.682367 0.114356
vn 0.722010 -0.682367 0.114356
vn 0.722010 -0.682367 0.114356
vn 0.722010 -0.682367 0.114356
vn 0.722010 -0.682367 -0.114354
vn 0.722010 -0.682367 -0.114354
vn 0.722010 -0.682367 -0.114354
vn 0.722010 -0.682367 -0.114354
vn 0.662957 -0.668120 -0.337793
vn 0.662957 -0.668120 -0.337793
vn 0.662957 -0.668120 -0.337793
vn 0.662957 -0.668120 -0.337793
vn 0.526125 -0.668120 -0.526125
vn 0.526125 -0.668120 -0.526125
vn 0.526125 -0.668120 -0.526125
vn 0.526125 -0.668120 -0.526125
vn 0.337793 -0.668121 -0.662956
vn 0.337793 -0.668121 -0.662956
vn 0.337793 -0.668121 -0.662956
vn 0.337793 -0.668121 -0.662956
vn 0.116395 -0.668121 -0.734893
vn 0.116395 -0.668121 -0.734893
vn 0.116395 -0.668121 -0.734893
vn 0.116395 -0.668121 -0.734893
vn -0.116395 -0.668121 -0.734893
vn -0.116395 -0.668121 -0.734893
vn -0.116395 -0.668121 -0.734893
vn -0.116395 -0.668121 -0.734893
vn -0.337793 -0.668120 -0.662956
vn -0.337793 -0.668120 -0.662956
vn -0.337793 -0.668120 -0.662956
vn -0.337793 -0.668120 -0.662956
vn -0.526125 -0.668120 -0.526125
vn -0.526125 -0.668120 -0.526125
vn -0.526125 -0.668120 -0.526125
vn -0.526125 -0.668120 -0.526125
vn -0.662957 -0.668120 -0.337793
vn -0.662957 -0.668120 -0.337793
vn -0.662957 -0.668120 -0.337793
vn -0.662957 -0.668120 -0.337793
vn -0.734893 -0.668120 -0.116396
vn -0.734893 -0.668120 -0.116396
vn -0.734893 -0.668120 -0.116396
vn -0.734893 -0.668120 -0.116396
vn -0.734893 -0.668120 0.116396
vn -0.734893 -0.668120 0.116396
vn -0.734893 -0.668120 0.116396
vn -0.734893 -0.668120 0.116396
vn -0.662957 -0.668120 0.337793
vn -0.662957 -0.668120 0.337793
vn -0.662957 -0.668120 0.337793
vn -0.662957 -0.668120 0.337793
vn -0.526125 -0.668121 0.526125
vn -0.526125 -0.668121 0.526125
vn -0.526125 -0.668121 0.526125
vn -0.526125 -0.668121 0.526125
vn -0.337793 -0.668121 0.662956
vn -0.337793 -0.668121 0.662956
vn -0.337793 -0.668121 0.662956
vn -0.337793 -0.668121 0.662956
vn -0.116395 -0.668121 0.734892
vn -0.116395 -0.668121 0.734892
vn -0.116395 -0.668121 0.734892
vn -0.116395 -0.668121 0.734892
vn 0.116396 -0.668120 0.734893
vn 0.116396 -0.668120 0.734893
vn 0.116396 -0.668120 0.734893
vn 0.116396 -0.668120 0.734893
vn 0.337793 -0.668121 0.662956
vn 0.337793 -0.668121 0.662956
vn 0.337793 -0.668121 0.662956
vn 0.337793 -0.668121 0.662956
vn 0.526125 -0.668121 0.526125
vn 0.526125 -0.668121 0.526125
vn 0.526125 -0.668121 0.526125
vn 0.526125 -0.668121 0.526125
vn 0.662956 -0.668120 0.337793
vn 0.662956 -0.668121 0.337793
vn 0.662956 -0.668121 0.337793
vn 0.662956 -0.668120 0.337793
vn 0.734893 -0.668121 0.116395
vn 0.734893 -0.668121 0.116395
vn 0.734893 -0.668121 0.116395
vn 0.734893 -0.668121 0.116395
vn 0.734893 -0.668121 -0.116394
vn 0.734893 -0.668120 -0.116394
vn 0.734893 -0.668121 -0.116394
vn 0.734893 -0.668121 -0.116394
vn 0.680067 -0.646095 -0.346511
vn 0.680067 -0.646095 -0.346511
vn 0.680067 -0.646095 -0.346511
vn 0.680067 -0.646095 -0.346511
vn 0.539705 -0.646094 -0.539705
vn 0.539705 -0.646094 -0.539705
vn 0.539705 -0.646094 -0.539705
vn 0.539705 -0.646094 -0.539705
vn 0.346512 -0.646093 -0.680068
vn 0.346512 -0.646093 -0.680068
vn 0.346512 -0.646093 -0.680068
vn 0.346512 -0.646093 -0.680068
vn 0.119399 -0.646093 -0.753862
vn 0.119399 -0.646093 -0.753862
vn 0.119399 -0.646093 -0.753862
vn 0.119399 -0.646093 -0.753862
vn -0.119399 -0.646093 -0.753862
vn -0.119399 -0.646093 -0.753862
vn -0.119399 -0.646093 -0.753862
vn -0.119399 -0.646093 -0.753862
vn -0.346513 -0.646093 -0.680068
vn -0.346513 -0.646093 -0.680068
vn -0.346513 -0.646093 -0.680068
vn -0.346513 -0.646093 -0.680068
vn -0.539705 -0.646094 -0.539705
vn -0.539705 -0.646094 -0.539705
vn -0.539705 -0.646094 -0.539705
vn -0.539705 -0.646093 -0.539705
vn -0.680069 -0.646093 -0.346512
vn -0.680069 -0.646093 -0.346512
vn -0.680069 -0.646093 -0.346512
vn -0.680069 -0.646093 -0.346512
vn -0.753862 -0.646093 -0.119400
vn -0.753862 -0.646093 -0.119400
vn -0.753862 -0.646093 -0.119400
vn -0.753862 -0.646093 -0.119400
vn -0.753862 -0.646093 0.119400
vn -0.753862 -0.646093 0.119400
vn -0.753862 -0.646093 0.119400
vn -0.753862 -0.646093 0.119400
vn -0.680069 -0.646093 0.346513
vn -0.680069 -0.646093 0.346513
vn -0.680069 -0.646093 0.346513
vn -0.680069 -0.646093 0.346513
vn -0.539705 -0.646093 0.539705
vn -0.539705 -0.646093 0.539705
vn -0.539705 -0.646093 0.539705
vn -0.539705 -0.646093 0.539705
vn -0.346512 -0.646093 0.680068
vn -0.346512 -0.646093 0.680068
vn -0.346512 -0.646093 0.680068
vn -0.346512 -0.646093 0.680068
vn -0.119400 -0.646094 0.753861
vn -0.119400 -0.646094 0.753861
vn -0.119400 -0.646094 0.753861
vn -0.119400 -0.646094 0.753861
vn 0.119400 -0.646094 0.753861
vn 0.119400 -0.646094 0.753861
vn 0.119400 -0.646094 0.753861
vn 0.119400 -0.646094 0.753861
vn 0.346512 -0.646093 0.680068
vn 0.346512 -0.646093 0.680068
vn 0.346512 -0.646093 0.680068
vn 0.346512 -0.646093 0.680068
vn 0.539705 -0.646093 0.539705
vn 0.539705 -0.646093 0.539705
vn 0.539705 -0.646093 0.539705
vn 0.539705 -0.646093 0.539705
vn 0.680068 -0.646094 0.346511
vn 0.680068 -0.646094 0.346511
vn 0.680068 -0.646094 0.346511
vn 0.680068 -0.646094 0.346511
vn 0.753862 -0.646093 0.119400
vn 0.753862 -0.646093 0.119400
vn 0.753862 -0.646093 0.119400
vn 0.753862 -0.646093 0.119400
vn 0.753861 -0.646094 -0.119398
vn 0.753861 -0.646094 -0.119398
vn 0.753861 -0.646094 -0.119398
vn 0.753861 -0.646094 -0.119398
vn 0.708948 -0.605729 -0.361227
vn 0.708948 -0.605729 -0.361227
vn 0.708948 -0.605729 -0.361227
vn 0.708948 -0.605729 -0.361227
vn 0.562624 -0.605729 -0.562625
vn 0.562624 -0.605729 -0.562625
vn 0.562624 -0.605729 -0.562625
vn 0.562624 -0.605729 -0.562625
vn 0.361227 -0.605729 -0.708948
vn 0.361227 -0.605729 -0.708948
vn 0.361227 -0.605729 -0.708948
vn 0.361227 -0.605729 -0.708948
vn 0.124470 -0.605730 -0.785875
vn 0.124470 -0.605730 -0.785875
vn 0.124470 -0.605730 -0.785875
vn 0.124470 -0.605730 -0.785875
vn -0.124470 -0.605730 -0.785875
vn -0.124470 -0.605730 -0.785875
vn -0.124470 -0.605730 -0.785875
vn -0.124470 -0.605730 -0.785874
vn -0.361228 -0.605729 -0.708948
vn -0.361228 -0.605729 -0.708948
vn -0.361228 -0.605729 -0.708948
vn -0.361228 -0.605729 -0.708948
vn -0.562625 -0.605729 -0.562625
vn -0.562625 -0.605729 -0.562625
vn -0.562625 -0.605729 -0.562625
vn -0.562625 -0.605729 -0.562624
vn -0.708948 -0.605729 -0.361227
vn -0.708948 -0.605729 -0.361227
vn -0.708948 -0.605729 -0.361227
vn -0.708948 -0.605729 -0.361227
vn -0.785875 -0.605729 -0.124470
vn -0.785875 -0.605729 -0.124470
vn -0.785875 -0.605729 -0.124470
vn -0.785875 -0.605729 -0.124470
vn -0.785875 -0.605729 0.124470
vn -0.785875 -0.605729 0.124470
vn -0.785875 -0.605729 0.124470
vn -0.785875 -0.605729 0.124470
vn -0.708948 -0.605729 0.361227
vn -0.708948 -0.605729 0.361227
vn -0.708948 -0.605729 0.361227
vn -0.708948 -0.605729 0.361227
vn -0.562625 -0.605729 0.562624
vn -0.562625 -0.605729 0.562624
vn -0.562625 -0.605729 0.562624
vn -0.562625 -0.605729 0.562624
vn -0.361227 -0.605730 0.708948
vn -0.361227 -0.605730 0.708947
vn -0.361227 -0.605730 0.708948
vn -0.361227 -0.605730 0.708947
vn -0.124470 -0.605729 0.785875
vn -0.124470 -0.605729 0.785875
vn -0.124470 -0.605729 0.785875
vn -0.124470 -0.605729 0.785875
vn 0.124470 -0.605729 0.785875
vn 0.124470 -0.605729 0.785875
vn 0.124470 -0.605729 0.785875
vn 0.124470 -0.605729 0.785875
vn 0.361227 -0.605730 0.708947
vn 0.361227 -0.605730 0.708947
vn 0.361227 -0.605730 0.708947
vn 0.361227 -0.605730 0.708947
vn 0.562624 -0.605730 0.562624
vn 0.562624 -0.605730 0.562624
vn 0.562624 -0.605730 0.562624
vn 0.562624 -0.605730 0.562624
vn 0.708947 -0.605731 0.361226
vn 0.708947 -0.605731 0.361226
vn 0.708947 -0.605731 0.361226
vn 0.708947 -0.605731 0.361226
vn 0.785874 -0.605730 0.124470
vn 0.785874 -0.605730 0.124470
vn 0.785874 -0.605730 0.124470
vn 0.785874 -0.605730 0.124470
vn 0.785876 -0.605729 -0.124468
vn 0.785876 -0.605729 -0.124468
vn 0.785876 -0.605729 -0.124468
vn 0.785876 -0.605729 -0.124468
vn 0.752953 -0.534674 -0.383648
vn 0.752953 -0.534674 -0.383648
vn 0.752953 -0.534674 -0.383648
vn 0.752953 -0.534674 -0.383648
vn 0.597546 -0.534675 -0.597546
vn 0.597546 -0.534675 -0.597546
vn 0.597546 -0.534675 -0.597546
vn 0.597546 -0.534675 -0.597546
vn 0.383648 -0.534676 -0.752951
vn 0.383648 -0.534676 -0.752951
vn 0.383648 -0.534676 -0.752951
vn 0.383648 -0.534676 -0.752951
vn 0.132196 -0.534674 -0.834654
vn 0.132196 -0.534674 -0.834654
vn 0.132196 -0.534674 -0.834654
vn 0.132196 -0.534674 -0.834654
vn -0.132196 -0.534674 -0.834654
vn -0.132196 -0.534674 -0.834654
vn -0.132196 -0.534674 -0.834654
vn -0.132196 -0.534674 -0.834654
vn -0.383649 -0.534676 -0.752952
vn -0.383649 -0.534676 -0.752951
vn -0.383649 -0.534676 -0.752952
vn -0.383649 -0.534675 -0.752952
vn -0.597546 -0.534676 -0.597546
vn -0.597546 -0.534676 -0.597546
vn -0.597546 -0.534676 -0.597546
vn -0.597546 -0.534676 -0.597546
vn -0.752952 -0.534675 -0.383648
vn -0.752952 -0.534675 -0.383648
vn -0.752952 -0.534675 -0.383648
vn -0.752952 -0.534675 -0.383648
vn -0.834654 -0.534675 -0.132196
vn -0.834654 -0.534675 -0.132196
vn -0.834654 -0.534675 -0.132196
vn -0.834654 -0.534675 -0.132196
vn -0.834654 -0.534675 0.132196
vn -0.834654 -0.534675 0.132196
vn -0.834654 -0.534675 0.132196
vn -0.834654 -0.534675 0.132196
vn -0.752952 -0.534675 0.383648
vn -0.752952 -0.534675 0.383648
vn -0.752952 -0.534675 0.383648
vn -0.752952 -0.534675 0.383648
vn -0.597546 -0.534674 0.597547
vn -0.597546 -0.534674 0.597547
vn -0.597546 -0.534674 0.597547
vn -0.597546 -0.534674 0.597547
vn -0.383649 -0.534673 0.752953
vn -0.383649 -0.534673 0.752953
vn -0.383649 -0.534673 0.752953
vn -0.383649 -0.534673 0.752953
vn -0.132196 -0.534673 0.834655
vn -0.132196 -0.534673 0.834655
vn -0.132196 -0.534673 0.834655
vn -0.132196 -0.534673 0.834655
vn 0.132196 -0.534673 0.834655
vn 0.132196 -0.534673 0.834655
vn 0.132196 -0.534673 0.834655
vn 0.132196 -0.534673 0.834655
vn 0.383649 -0.534673 0.752953
vn 0.383649 -0.534673 0.752953
vn 0.383649 -0.534673 0.752953
vn 0.383649 -0.534673 0.752953
vn 0.597547 -0.534674 0.597547
vn 0.597547 -0.534674 0.597547
vn 0.597547 -0.534674 0.597547
vn 0.597547 -0.534674 0.597547
vn 0.752954 -0.534672 0.383649
vn 0.752954 -0.534673 0.383649
vn 0.752953 -0.534672 0.383649
vn 0.752954 -0.534672 0.383649
vn 0.834655 -0.534673 0.132196
vn 0.834655 -0.534673 0.132196
vn 0.834655 -0.534673 0.132196
vn 0.834655 -0.534673 0.132196
vn 0.834654 -0.534675 -0.132194
vn 0.834654 -0.534675 -0.132194
vn 0.834654 -0.534675 -0.132194
vn 0.834654 -0.534675 -0.132194
vn 0.809785 -0.417139 -0.412606
vn 0.809785 -0.417139 -0.412606
vn 0.809785 -0.417139 -0.412606
vn 0.809785 -0.417139 -0.412606
vn 0.642649 -0.417140 -0.642649
vn 0.642649 -0.417140 -0.642649
vn 0.642649 -0.417140 -0.642649
vn 0.642649 -0.417140 -0.642649
vn 0.412606 -0.417138 -0.809785
vn 0.412606 -0.417138 -0.809785
vn 0.412606 -0.417138 -0.809786
vn 0.412606 -0.417138 -0.809786
vn 0.142174 -0.417139 -0.897653
vn 0.142174 -0.417139 -0.897653
vn 0.142174 -0.417139 -0.897653
vn 0.142174 -0.417139 -0.897653
vn -0.142174 -0.417139 -0.897653
vn -0.142174 -0.417139 -0.897653
vn -0.142174 -0.417139 -0.897653
vn -0.142174 -0.417139 -0.897653
vn -0.412607 -0.417137 -0.809785
vn -0.412607 -0.417137 -0.809785
vn -0.412606 -0.417137 -0.809785
vn -0.412607 -0.417137 -0.809785
vn -0.642649 -0.417139 -0.642649
vn -0.642649 -0.417139 -0.642649
vn -0.642649 -0.417139 -0.642649
vn -0.642649 -0.417139 -0.642649
vn -0.809785 -0.417139 -0.412605
vn -0.809785 -0.417139 -0.412605
vn -0.809785 -0.417139 -0.412605
vn -0.809785 -0.417139 -0.412605
vn -0.897654 -0.417138 -0.142174
vn -0.897654 -0.417138 -0.142174
vn -0.897654 -0.417138 -0.142174
vn -0.897654 -0.417138 -0.142174
vn -0.897654 -0.417138 0.142174
vn -0.897654 -0.417138 0.142174
vn -0.897654 -0.417138 0.142174
vn -0.897654 -0.417138 0.142174
vn -0.809785 -0.417139 0.412606
vn -0.809785 -0.417139 0.412606
vn -0.809785 -0.417139 0.412606
vn -0.809785 -0.417139 0.412606
vn -0.642649 -0.417140 0.642649
vn -0.642648 -0.417140 0.642649
vn -0.642649 -0.417140 0.642649
vn -0.642649 -0.417140 0.642649
vn -0.412605 -0.417140 0.809784
vn -0.412605 -0.417140 0.809784
vn -0.412605 -0.417140 0.809784
vn -0.412605 -0.417140 0.809784
vn -0.142174 -0.417139 0.897653
vn -0.142174 -0.417139 0.897653
vn -0.142174 -0.417139 0.897653
vn -0.142174 -0.417139 0.897653
vn 0.142175 -0.417139 0.897653
vn 0.142175 -0.417139 0.897653
vn 0.142175 -0.417139 0.897653
vn 0.142175 -0.417139 0.897653
vn 0.412605 -0.417140 0.809784
vn 0.412605 -0.417140 0.809784
vn 0.412605 -0.417140 0.809784
vn 0.412605 -0.417140 0.809784
vn 0.642649 -0.417140 0.642648
vn 0.642649 -0.417140 0.642649
vn 0.642649 -0.417140 0.642648
vn 0.642649 -0.417140 0.642648
vn 0.809785 -0.417139 0.412606
vn 0.809785 -0.417139 0.412606
vn 0.809785 -0.417139 0.412606
vn 0.809785 -0.417139 0.412606
vn 0.897653 -0.417139 0.142174
vn 0.897653 -0.417139 0.142174
vn 0.897653 -0.417139 0.142174
vn 0.897653 -0.417139 0.142174
vn 0.897654 -0.417137 -0.142172
vn 0.897654 -0.417137 -0.142172
vn 0.897654 -0.417137 -0.142172
vn 0.897654 -0.417137 -0.142172
vn 0.890930 -0.013111 -0.453951
vn 0.890930 -0.013111 -0.453951
vn 0.890930 -0.013111 -0.453951
vn 0.890930 -0.013111 -0.453951
vn 0.707046 -0.013115 -0.707046
vn 0.707046 -0.013115 -0.707046
vn 0.707046 -0.013115 -0.707046
vn 0.707046 -0.013115 -0.707046
vn 0.453952 -0.013115 -0.890930
vn 0.453952 -0.013115 -0.890930
vn 0.453952 -0.013115 -0.890930
vn 0.453952 -0.013115 -0.890930
vn 0.156421 -0.013115 -0.987603
vn 0.156421 -0.013115 -0.987603
vn 0.156421 -0.013115 -0.987603
vn 0.156421 -0.013115 -0.987603
vn -0.156421 -0.013114 -0.987603
vn -0.156421 -0.013114 -0.987603
vn -0.156421 -0.013114 -0.987603
vn -0.156421 -0.013114 -0.987603
vn -0.453952 -0.013115 -0.890930
vn -0.453952 -0.013115 -0.890930
vn -0.453952 -0.013115 -0.890930
vn -0.453952 -0.013115 -0.890930
vn -0.707046 -0.013117 -0.707046
vn -0.707046 -0.013117 -0.707046
vn -0.707046 -0.013117 -0.707046
vn -0.707046 -0.013117 -0.707046
vn -0.890930 -0.013117 -0.453951
vn -0.890930 -0.013117 -0.453951
vn -0.890930 -0.013117 -0.453951
vn -0.890930 -0.013117 -0.453951
vn -0.987603 -0.013116 -0.156421
vn -0.987603 -0.013116 -0.156421
vn -0.987603 -0.013116 -0.156421
vn -0.987603 -0.013116 -0.156421
vn -0.987603 -0.013115 0.156421
vn -0.987603 -0.013115 0.156421
vn -0.987603 -0.013115 0.156421
vn -0.987603 -0.013115 0.156421
vn -0.890930 -0.013118 0.453951
vn -0.890930 -0.013118 0.453951
vn -0.890930 -0.013118 0.453951
vn -0.890930 -0.013118 0.453951
vn -0.707046 -0.013117 0.707046
vn -0.707046 -0.013117 0.707046
vn -0.707046 -0.013117 0.707046
vn -0.707046 -0.013117 0.707046
vn -0.453951 -0.013116 0.890930
vn -0.453951 -0.013116 0.890930
vn -0.453951 -0.013116 0.890930
vn -0.453951 -0.013116 0.890930
vn -0.156422 -0.013116 0.987603
vn -0.156422 -0.013116 0.987603
vn -0.156422 -0.013116 0.987603
vn -0.156422 -0.013116 0.987603
vn 0.156422 -0.013116 0.987603
vn 0.156422 -0.013116 0.987603
vn 0.156422 -0.013116 0.987603
vn 0.156422 -0.013116 0.987603
vn 0.453951 -0.013115 0.890930
vn 0.453951 -0.013115 0.890930
vn 0.453951 -0.013115 0.890930
vn 0.453951 -0.013115 0.890930
vn 0.707046 -0.013115 0.707046
vn 0.707046 -0.013115 0.707046
vn 0.707046 -0.013115 0.707046
vn 0.707046 -0.013115 0.707046
vn 0.890930 -0.013116 0.453951
vn 0.890930 -0.013116 0.453951
vn 0.890930 -0.013116 0.453951
vn 0.890930 -0.013116 0.453951
vn 0.987603 -0.013115 0.156423
vn 0.987603 -0.013115 0.156423
vn 0.987603 -0.013115 0.156423
vn 0.987603 -0.013115 0.156423
vn 0.987604 -0.013110 -0.156420
vn 0.987604 -0.013110 -0.156420
vn 0.987604 -0.013110 -0.156420
vn 0.987604 -0.013110 -0.156420
vn 0.869790 0.216923 -0.443181
vn 0.869790 0.216923 -0.443181
vn 0.869790 0.216923 -0.443181
vn 0.869790 0.216923 -0.443181
vn 0.690269 0.216927 -0.690269
vn 0.690269 0.216927 -0.690269
vn 0.690269 0.216927 -0.690269
vn 0.690269 0.216927 -0.690269
vn 0.443180 0.216926 -0.869790
vn 0.443180 0.216926 -0.869790
vn 0.443180 0.216926 -0.869790
vn 0.443180 0.216926 -0.869790
vn 0.152709 0.216926 -0.964170
vn 0.152709 0.216926 -0.964170
vn 0.152709 0.216926 -0.964170
vn 0.152709 0.216926 -0.964170
vn -0.152710 0.216925 -0.964170
vn -0.152710 0.216925 -0.964170
vn -0.152710 0.216925 -0.964170
vn -0.152710 0.216925 -0.964170
vn -0.443180 0.216926 -0.869790
vn -0.443180 0.216926 -0.869790
vn -0.443180 0.216926 -0.869790
vn -0.443180 0.216926 -0.869790
vn -0.690269 0.216928 -0.690269
vn -0.690269 0.216928 -0.690269
vn -0.690269 0.216928 -0.690269
vn -0.690269 0.216928 -0.690269
vn -0.869790 0.216928 -0.443179
vn -0.869790 0.216928 -0.443179
vn -0.869790 0.216928 -0.443179
vn -0.869790 0.216928 -0.443179
vn -0.964169 0.216927 -0.152709
vn -0.964169 0.216927 -0.152709
vn -0.964169 0.216927 -0.152709
vn -0.964169 0.216927 -0.152709
vn -0.964170 0.216927 0.152709
vn -0.964170 0.216927 0.152709
vn -0.964170 0.216927 0.152709
vn -0.964170 0.216927 0.152709
vn -0.869790 0.216927 0.443180
vn -0.869790 0.216927 0.443180
vn -0.869790 0.216927 0.443180
vn -0.869790 0.216927 0.443180
vn -0.690269 0.216927 0.690269
vn -0.690269 0.216927 0.690269
vn -0.690269 0.216927 0.690269
vn -0.690269 0.216927 0.690269
vn -0.443179 0.216927 0.869790
vn -0.443179 0.216927 0.869790
vn -0.443179 0.216927 0.869790
vn -0.443179 0.216927 0.869790
vn -0.152710 0.216929 0.964169
vn -0.152710 0.216929 0.964169
vn -0.152710 0.216929 0.964169
vn -0.152710 0.216929 0.964169
vn 0.152710 0.216929 0.964169
vn 0.152710 0.216929 0.964169
vn 0.152710 0.216929 0.964169
vn 0.152710 0.216929 0.964169
vn 0.443179 0.216926 0.869790
vn 0.443179 0.216926 0.869790
vn 0.443179 0.216926 0.869790
vn 0.443179 0.216926 0.869790
vn 0.690270 0.216924 0.690269
vn 0.690270 0.216924 0.690269
vn 0.690270 0.216924 0.690269
vn 0.690270 0.216924 0.690269
vn 0.869790 0.216927 0.443180
vn 0.869790 0.216927 0.443180
vn 0.869790 0.216927 0.443180
vn 0.869790 0.216927 0.443180
vn 0.964169 0.216927 0.152711
vn 0.964169 0.216927 0.152711
vn 0.964169 0.216927 0.152711
vn 0.964169 0.216927 0.152711
vn 0.964171 0.216921 -0.152709
vn 0.964171 0.216921 -0.152709
vn 0.964171 0.216921 -0.152709
vn 0.964171 0.216921 -0.152709
vn 0.816351 0.400692 -0.415953
vn 0.816351 0.400692 -0.415953
vn 0.816351 0.400692 -0.415953
vn 0.816351 0.400692 -0.415953
vn 0.647861 0.400690 -0.647861
vn 0.647861 0.400690 -0.647861
vn 0.647861 0.400690 -0.647861
vn 0.647861 0.400690 -0.647861
vn 0.415953 0.400690 -0.816352
vn 0.415953 0.400690 -0.816352
vn 0.415953 0.400690 -0.816352
vn 0.415953 0.400690 -0.816352
vn 0.143327 0.400689 -0.904934
vn 0.143327 0.400689 -0.904934
vn 0.143327 0.400689 -0.904934
vn 0.143327 0.400689 -0.904934
vn -0.143328 0.400688 -0.904934
vn -0.143327 0.400688 -0.904934
vn -0.143327 0.400688 -0.904934
vn -0.143328 0.400688 -0.904934
vn -0.415953 0.400689 -0.816353
vn -0.415953 0.400689 -0.816353
vn -0.415953 0.400689 -0.816353
vn -0.415953 0.400689 -0.816353
vn -0.647862 0.400689 -0.647861
vn -0.647862 0.400689 -0.647861
vn -0.647862 0.400689 -0.647861
vn -0.647862 0.400689 -0.647861
vn -0.816353 0.400688 -0.415952
vn -0.816353 0.400688 -0.415952
vn -0.816353 0.400688 -0.415952
vn -0.816353 0.400688 -0.415952
vn -0.904934 0.400688 -0.143327
vn -0.904934 0.400688 -0.143327
vn -0.904934 0.400688 -0.143327
vn -0.904934 0.400688 -0.143327
vn -0.904934 0.400688 0.143327
vn -0.904934 0.400688 0.143327
vn -0.904934 0.400688 0.143327
vn -0.904934 0.400688 0.143327
vn -0.816353 0.400689 0.415953
vn -0.816353 0.400689 0.415953
vn -0.816353 0.400689 0.415953
vn -0.816353 0.400689 0.415953
vn -0.647861 0.400690 0.647861
vn -0.647861 0.400690 0.647861
vn -0.647861 0.400690 0.647861
vn -0.647861 0.400690 0.647861
vn -0.415952 0.400690 0.816353
vn -0.415952 0.400690 0.816353
vn -0.415952 0.400690 0.816353
vn -0.415952 0.400690 0.816353
vn -0.143328 0.400690 0.904934
vn -0.143328 0.400690 0.904934
vn -0.143327 0.400690 0.904934
vn -0.143327 0.400690 0.904934
vn 0.143328 0.400689 0.904934
vn 0.143328 0.400689 0.904934
vn 0.143328 0.400689 0.904934
vn 0.143328 0.400689 0.904934
vn 0.415952 0.400690 0.816353
vn 0.415952 0.400690 0.816353
vn 0.415952 0.400690 0.816353
vn 0.415952 0.400690 0.816353
vn 0.647861 0.400691 0.647860
vn 0.647861 0.400691 0.647860
vn 0.647861 0.400691 0.647860
vn 0.647861 0.400691 0.647860
vn 0.816353 0.400690 0.415952
vn 0.816353 0.400690 0.415952
vn 0.816353 0.400690 0.415952
vn 0.816353 0.400690 0.415952
vn 0.904933 0.400691 0.143328
vn 0.904933 0.400691 0.143328
vn 0.904933 0.400691 0.143328
vn 0.904933 0.400691 0.143328
vn 0.904933 0.400693 -0.143325
vn 0.904932 0.400693 -0.143325
vn 0.904933 0.400693 -0.143325
vn 0.904933 0.400693 -0.143325
vn 0.713023 0.599675 -0.363303
vn 0.713023 0.599675 -0.363303
vn 0.713023 0.599675 -0.363303
vn 0.713023 0.599675 -0.363303
vn 0.565858 0.599674 -0.565858
vn 0.565858 0.599674 -0.565858
vn 0.565858 0.599674 -0.565858
vn 0.565858 0.599674 -0.565858
vn 0.363303 0.599674 -0.713023
vn 0.363303 0.599675 -0.713023
vn 0.363303 0.599674 -0.713023
vn 0.363303 0.599674 -0.713023
vn 0.125186 0.599675 -0.790391
vn 0.125186 0.599675 -0.790391
vn 0.125186 0.599675 -0.790391
vn 0.125186 0.599675 -0.790391
vn -0.125186 0.599675 -0.790391
vn -0.125186 0.599675 -0.790391
vn -0.125186 0.599675 -0.790391
vn -0.125186 0.599675 -0.790391
vn -0.363304 0.599674 -0.713023
vn -0.363304 0.599674 -0.713023
vn -0.363304 0.599674 -0.713023
vn -0.363304 0.599674 -0.713023
vn -0.565859 0.599672 -0.565859
vn -0.565859 0.599672 -0.565859
vn -0.565859 0.599672 -0.565859
vn -0.565859 0.599672 -0.565859
vn -0.713024 0.599673 -0.363303
vn -0.713024 0.599673 -0.363303
vn -0.713024 0.599673 -0.363303
vn -0.713024 0.599673 -0.363303
vn -0.790393 0.599673 -0.125186
vn -0.790393 0.599673 -0.125186
vn -0.790393 0.599673 -0.125186
vn -0.790393 0.599673 -0.125186
vn -0.790393 0.599673 0.125186
vn -0.790393 0.599673 0.125186
vn -0.790393 0.599673 0.125186
vn -0.790393 0.599673 0.125186
vn -0.713024 0.599673 0.363303
vn -0.713024 0.599673 0.363303
vn -0.713024 0.599673 0.363303
vn -0.713024 0.599673 0.363303
vn -0.565858 0.599674 0.565859
vn -0.565858 0.599674 0.565859
vn -0.565858 0.599674 0.565859
vn -0.565858 0.599674 0.565859
vn -0.363303 0.599674 0.713022
vn -0.363303 0.599675 0.713022
vn -0.363304 0.599675 0.713022
vn -0.363304 0.599675 0.713022
vn -0.125186 0.599673 0.790393
vn -0.125186 0.599673 0.790393
vn -0.125186 0.599673 0.790393
vn -0.125186 0.599673 0.790393
vn 0.125186 0.599673 0.790393
vn 0.125186 0.599673 0.790393
vn 0.125186 0.599673 0.790393
vn 0.125186 0.599673 0.790393
vn 0.363304 0.599675 0.713022
vn 0.363304 0.599675 0.713022
vn 0.363304 0.599675 0.713022
vn 0.363304 0.599675 0.713022
vn 0.565858 0.599674 0.565858
vn 0.565858 0.599674 0.565858
vn 0.565858 0.599674 0.565858
vn 0.565858 0.599674 0.565858
vn 0.713023 0.599674 0.363303
vn 0.713023 0.599674 0.363303
vn 0.713023 0.599674 0.363303
vn 0.713023 0.599674 0.363303
vn 0.790392 0.599674 0.125186
vn 0.790392 0.599674 0.125186
vn 0.790392 0.599674 0.125186
vn 0.790392 0.599674 0.125186
vn 0.790391 0.599675 -0.125184
vn 0.790391 0.599675 -0.125184
vn 0.790391 0.599675 -0.125184
vn 0.790391 0.599675 -0.125184
vn 0.682582 0.642746 -0.347793
vn 0.682582 0.642746 -0.347793
vn 0.682582 0.642746 -0.347793
vn 0.682582 0.642745 -0.347793
vn 0.541699 0.642747 -0.541699
vn 0.541699 0.642747 -0.541699
vn 0.541699 0.642747 -0.541699
vn 0.541699 0.642747 -0.541699
vn 0.347793 0.642746 -0.682582
vn 0.347793 0.642746 -0.682582
vn 0.347793 0.642746 -0.682582
vn 0.347793 0.642746 -0.682582
vn 0.119841 0.642745 -0.756648
vn 0.119841 0.642745 -0.756648
vn 0.119841 0.642745 -0.756648
vn 0.119841 0.642745 -0.756648
vn -0.119841 0.642745 -0.756648
vn -0.119841 0.642745 -0.756648
vn -0.119841 0.642745 -0.756648
vn -0.119841 0.642745 -0.756648
vn -0.347793 0.642746 -0.682582
vn -0.347793 0.642746 -0.682582
vn -0.347793 0.642746 -0.682582
vn -0.347793 0.642746 -0.682582
vn -0.541700 0.642747 -0.541699
vn -0.541700 0.642747 -0.541699
vn -0.541700 0.642747 -0.541699
vn -0.541699 0.642747 -0.541699
vn -0.682581 0.642747 -0.347792
vn -0.682581 0.642747 -0.347792
vn -0.682581 0.642747 -0.347792
vn -0.682581 0.642747 -0.347792
vn -0.756647 0.642746 -0.119841
vn -0.756647 0.642746 -0.119841
vn -0.756647 0.642746 -0.119841
vn -0.756647 0.642746 -0.119841
vn -0.756647 0.642746 0.119841
vn -0.756647 0.642746 0.119841
vn -0.756647 0.642747 0.119841
vn -0.756647 0.642747 0.119841
vn -0.682581 0.642747 0.347792
vn -0.682581 0.642747 0.347792
vn -0.682581 0.642747 0.347792
vn -0.682581 0.642747 0.347792
vn -0.541699 0.642746 0.541700
vn -0.541699 0.642746 0.541700
vn -0.541699 0.642746 0.541700
vn -0.541699 0.642746 0.541700
vn -0.347793 0.642746 0.682582
vn -0.347793 0.642746 0.682581
vn -0.347793 0.642746 0.682581
vn -0.347793 0.642746 0.682581
vn -0.119841 0.642747 0.756647
vn -0.119841 0.642747 0.756647
vn -0.119841 0.642747 0.756647
vn -0.119841 0.642747 0.756647
vn 0.119842 0.642747 0.756647
vn 0.119842 0.642747 0.756647
vn 0.119842 0.642747 0.756647
vn 0.119842 0.642747 0.756647
vn 0.347793 0.642747 0.682581
vn 0.347793 0.642747 0.682581
vn 0.347793 0.642747 0.682581
vn 0.347793 0.642747 0.682581
vn 0.541700 0.642746 0.541700
vn 0.541700 0.642746 0.541700
vn 0.541700 0.642746 0.541700
vn 0.541700 0.642746 0.541700
vn 0.682582 0.642746 0.347792
vn 0.682582 0.642746 0.347792
vn 0.682582 0.642746 0.347792
vn 0.682582 0.642746 0.347792
vn 0.756647 0.642747 0.119841
vn 0.756647 0.642747 0.119841
vn 0.756647 0.642747 0.119841
vn 0.756647 0.642747 0.119841
vn 0.756649 0.642745 -0.119839
vn 0.756649 0.642745 -0.119839
vn 0.756649 0.642745 -0.119839
vn 0.756649 0.642745 -0.119839
vn 0.664428 0.666275 -0.338544
vn 0.664428 0.666275 -0.338544
vn 0.664428 0.666275 -0.338544
vn 0.664428 0.666275 -0.338544
vn 0.527294 0.666275 -0.527294
vn 0.527294 0.666275 -0.527294
vn 0.527294 0.666275 -0.527294
vn 0.527294 0.666275 -0.527294
vn 0.338543 0.666275 -0.664429
vn 0.338543 0.666275 -0.664429
vn 0.338543 0.666275 -0.664429
vn 0.338543 0.666275 -0.664429
vn 0.116654 0.666276 -0.736525
vn 0.116654 0.666276 -0.736524
vn 0.116654 0.666276 -0.736525
vn 0.116654 0.666276 -0.736525
vn -0.116654 0.666276 -0.736525
vn -0.116654 0.666276 -0.736525
vn -0.116654 0.666276 -0.736525
vn -0.116654 0.666276 -0.736525
vn -0.338544 0.666275 -0.664429
vn -0.338544 0.666275 -0.664429
vn -0.338544 0.666275 -0.664429
vn -0.338544 0.666275 -0.664429
vn -0.527295 0.666275 -0.527294
vn -0.527295 0.666275 -0.527294
vn -0.527295 0.666275 -0.527294
vn -0.527295 0.666275 -0.527294
vn -0.664429 0.666275 -0.338544
vn -0.664429 0.666275 -0.338544
vn -0.664429 0.666275 -0.338544
vn -0.664429 0.666275 -0.338544
vn -0.736526 0.666274 -0.116654
vn -0.736526 0.666274 -0.116654
vn -0.736526 0.666274 -0.116654
vn -0.736526 0.666274 -0.116654
vn -0.736526 0.666274 0.116654
vn -0.736526 0.666275 0.116654
vn -0.736526 0.666274 0.116654
vn -0.736526 0.666274 0.116654
vn -0.664429 0.666275 0.338544
vn -0.664429 0.666275 0.338544
vn -0.664429 0.666275 0.338544
vn -0.664429 0.666275 0.338544
vn -0.527294 0.666276 0.527293
vn -0.527294 0.666276 0.527293
vn -0.527294 0.666276 0.527293
vn -0.527294 0.666276 0.527293
vn -0.338543 0.666276 0.664429
vn -0.338543 0.666276 0.664429
vn -0.338543 0.666276 0.664429
vn -0.338543 0.666276 0.664429
vn -0.116654 0.666276 0.736524
vn -0.116654 0.666276 0.736524
vn -0.116654 0.666276 0.736524
vn -0.116654 0.666276 0.736524
vn 0.116655 0.666276 0.736525
vn 0.116655 0.666276 0.736525
vn 0.116655 0.666276 0.736525
vn 0.116655 0.666276 0.736525
vn 0.338543 0.666275 0.664429
vn 0.338543 0.666275 0.664429
vn 0.338543 0.666275 0.664429
vn 0.338543 0.666275 0.664429
vn 0.527294 0.666275 0.527294
vn 0.527294 0.666275 0.527294
vn 0.527294 0.666275 0.527294
vn 0.527294 0.666275 0.527294
vn 0.664429 0.666275 0.338543
vn 0.664429 0.666275 0.338543
vn 0.664429 0.666275 0.338543
vn 0.664429 0.666275 0.338543
vn 0.736525 0.666276 0.116654
vn 0.736525 0.666275 0.116654
vn 0.736525 0.666275 0.116654
vn 0.736525 0.666275 0.116654
vn 0.736525 0.666276 -0.116651
vn 0.736525 0.666276 -0.116651
vn 0.736525 0.666276 -0.116651
vn 0.736525 0.666276 -0.116651
vn 0.635774 0.700608 -0.323943
vn 0.635774 0.700608 -0.323943
vn 0.635774 0.700608 -0.323943
vn 0.635774 0.700608 -0.323943
vn 0.504554 0.700608 -0.504553
vn 0.504554 0.700608 -0.504553
vn 0.504554 0.700608 -0.504553
vn 0.504554 0.700608 -0.504553
vn 0.323943 0.700608 -0.635774
vn 0.323943 0.700608 -0.635774
vn 0.323943 0.700608 -0.635774
vn 0.323943 0.700608 -0.635774
vn 0.111623 0.700607 -0.704762
vn 0.111623 0.700607 -0.704762
vn 0.111623 0.700607 -0.704762
vn 0.111623 0.700608 -0.704762
vn -0.111623 0.700608 -0.704762
vn -0.111623 0.700608 -0.704762
vn -0.111623 0.700607 -0.704762
vn -0.111623 0.700608 -0.704762
vn -0.323944 0.700608 -0.635774
vn -0.323944 0.700608 -0.635774
vn -0.323944 0.700608 -0.635774
vn -0.323944 0.700608 -0.635774
vn -0.504554 0.700608 -0.504554
vn -0.504554 0.700608 -0.504554
vn -0.504554 0.700608 -0.504554
vn -0.504554 0.700608 -0.504554
vn -0.635775 0.700608 -0.323943
vn -0.635775 0.700608 -0.323943
vn -0.635775 0.700608 -0.323943
vn -0.635775 0.700608 -0.323943
vn -0.704762 0.700607 -0.111623
vn -0.704762 0.700608 -0.111623
vn -0.704762 0.700607 -0.111623
vn -0.704762 0.700607 -0.111623
vn -0.704762 0.700608 0.111623
vn -0.704762 0.700608 0.111623
vn -0.704762 0.700608 0.111623
vn -0.704762 0.700608 0.111623
vn -0.635775 0.700608 0.323943
vn -0.635775 0.700608 0.323943
vn -0.635775 0.700608 0.323943
vn -0.635775 0.700608 0.323943
vn -0.504553 0.700608 0.504554
vn -0.504553 0.700608 0.504554
vn -0.504553 0.700608 0.504554
vn -0.504553 0.700608 0.504554
vn -0.323943 0.700608 0.635775
vn -0.323943 0.700608 0.635775
vn -0.323943 0.700608 0.635775
vn -0.323943 0.700608 0.635775
vn -0.111623 0.700608 0.704762
vn -0.111623 0.700608 0.704762
vn -0.111623 0.700608 0.704762
vn -0.111623 0.700608 0.704762
vn 0.111623 0.700608 0.704761
vn 0.111623 0.700608 0.704761
vn 0.111623 0.700608 0.704761
vn 0.111623 0.700608 0.704761
vn 0.323943 0.700608 0.635774
vn 0.323943 0.700608 0.635774
vn 0.323943 0.700608 0.635774
vn 0.323943 0.700608 0.635774
vn 0.504553 0.700608 0.504554
vn 0.504553 0.700608 0.504554
vn 0.504553 0.700608 0.504554
vn 0.504553 0.700608 0.504554
vn 0.635774 0.700609 0.323943
vn 0.635774 0.700609 0.323943
vn 0.635774 0.700609 0.323943
vn 0.635774 0.700609 0.323943
vn 0.704761 0.700609 0.111623
vn 0.704761 0.700609 0.111623
vn 0.704761 0.700609 0.111623
vn 0.704761 0.700609 0.111623
vn 0.704761 0.700609 -0.111622
vn 0.704761 0.700609 -0.111622
vn 0.704761 0.700609 -0.111622
vn 0.704761 0.700609 -0.111622
vn 0.551118 0.785758 -0.280809
vn 0.551118 0.785758 -0.280809
vn 0.551118 0.785758 -0.280809
vn 0.551118 0.785758 -0.280809
vn 0.437370 0.785758 -0.437370
vn 0.437370 0.785758 -0.437370
vn 0.437370 0.785758 -0.437370
vn 0.437370 0.785758 -0.437370
vn 0.280809 0.785758 -0.551118
vn 0.280809 0.785758 -0.551118
vn 0.280809 0.785758 -0.551118
vn 0.280809 0.785758 -0.551118
vn 0.096760 0.785758 -0.610919
vn 0.096760 0.785758 -0.610919
vn 0.096760 0.785758 -0.610919
vn 0.096760 0.785758 -0.610919
vn -0.096761 0.785758 -0.610919
vn -0.096761 0.785758 -0.610919
vn -0.096761 0.785758 -0.610919
vn -0.096761 0.785758 -0.610919
vn -0.280809 0.785758 -0.551118
vn -0.280809 0.785758 -0.551118
vn -0.280809 0.785758 -0.551118
vn -0.280809 0.785758 -0.551118
vn -0.437370 0.785758 -0.437370
vn -0.437370 0.785758 -0.437370
vn -0.437370 0.785758 -0.437370
vn -0.437370 0.785758 -0.437370
vn -0.551119 0.785757 -0.280809
vn -0.551119 0.785757 -0.280809
vn -0.551119 0.785757 -0.280809
vn -0.551119 0.785757 -0.280809
vn -0.610919 0.785758 -0.096760
vn -0.610919 0.785758 -0.096760
vn -0.610919 0.785758 -0.096760
vn -0.610919 0.785757 -0.096760
vn -0.610919 0.785758 0.096760
vn -0.610919 0.785758 0.096760
vn -0.610919 0.785758 0.096760
vn -0.610919 0.785757 0.096760
vn -0.551118 0.785758 0.280809
vn -0.551118 0.785758 0.280809
vn -0.551118 0.785758 0.280809
vn -0.551118 0.785758 0.280809
vn -0.437370 0.785758 0.437370
vn -0.437370 0.785758 0.437370
vn -0.437370 0.785758 0.437370
vn -0.437370 0.785758 0.437370
vn -0.280809 0.785758 0.551118
vn -0.280809 0.785758 0.551118
vn -0.280809 0.785758 0.551118
vn -0.280809 0.785758 0.551118
vn -0.096761 0.785757 0.610920
vn -0.096761 0.785757 0.610920
vn -0.096761 0.785757 0.610920
vn -0.096761 0.785757 0.610920
vn 0.096761 0.785758 0.610919
vn 0.096761 0.785757 0.610919
vn 0.096761 0.785757 0.610919
vn 0.096761 0.785757 0.610919
vn 0.280809 0.785758 0.551118
vn 0.280809 0.785758 0.551118
vn 0.280809 0.785758 0.551118
vn 0.280809 0.785758 0.551118
vn 0.437370 0.785758 0.437370
vn 0.437370 0.785758 0.437370
vn 0.437370 0.785758 0.437370
vn 0.437370 0.785758 0.437370
vn 0.551118 0.785758 0.280809
vn 0.551118 0.785758 0.280809
vn 0.551118 0.785758 0.280809
vn 0.551118 0.785758 0.280809
vn 0.610919 0.785758 0.096760
vn 0.610919 0.785758 0.096760
vn 0.610919 0.785758 0.096760
vn 0.610919 0.785758 0.096760
vn 0.610920 0.785758 -0.096759
vn 0.610920 0.785758 -0.096759
vn 0.610920 0.785758 -0.096759
vn 0.610920 0.785757 -0.096759
vn 0.844116 0.320131 -0.430098
vn 0.844116 0.320131 -0.430098
vn 0.844116 0.320131 -0.430098
vn 0.844116 0.320131 -0.430098
vn 0.669894 0.320131 -0.669894
vn 0.669894 0.320131 -0.669894
vn 0.669894 0.320131 -0.669894
vn 0.669894 0.320131 -0.669894
vn 0.430098 0.320132 -0.844116
vn 0.430098 0.320132 -0.844116
vn 0.430098 0.320132 -0.844116
vn 0.430098 0.320132 -0.844116
vn 0.148202 0.320132 -0.935709
vn 0.148202 0.320132 -0.935709
vn 0.148202 0.320132 -0.935709
vn 0.148202 0.320132 -0.935709
vn -0.148202 0.320132 -0.935709
vn -0.148202 0.320132 -0.935709
vn -0.148202 0.320132 -0.935709
vn -0.148202 0.320132 -0.935709
vn -0.430098 0.320131 -0.844116
vn -0.430098 0.320131 -0.844116
vn -0.430098 0.320131 -0.844116
vn -0.430098 0.320131 -0.844116
vn -0.669894 0.320131 -0.669894
vn -0.669894 0.320131 -0.669894
vn -0.669894 0.320131 -0.669894
vn -0.669894 0.320131 -0.669894
vn -0.844116 0.320131 -0.430098
vn -0.844116 0.320131 -0.430098
vn -0.844116 0.320131 -0.430098
vn -0.844116 0.320131 -0.430098
vn -0.935709 0.320132 -0.148202
vn -0.935709 0.320132 -0.148202
vn -0.935709 0.320132 -0.148202
vn -0.935709 0.320132 -0.148202
vn -0.935709 0.320132 0.148202
vn -0.935709 0.320132 0.148202
vn -0.935709 0.320132 0.148202
vn -0.935709 0.320132 0.148202
vn -0.844116 0.320132 0.430098
vn -0.844116 0.320132 0.430098
vn -0.844116 0.320132 0.430098
vn -0.844116 0.320132 0.430098
vn -0.669894 0.320131 0.669894
vn -0.669894 0.320131 0.669894
vn -0.669894 0.320131 0.669894
vn -0.669894 0.320131 0.669894
vn -0.430099 0.320131 0.844116
vn -0.430099 0.320131 0.844116
vn -0.430099 0.320131 0.844116
vn -0.430099 0.320131 0.844116
vn -0.148202 0.320132 0.935709
vn -0.148202 0.320132 0.935709
vn -0.148202 0.320132 0.935709
vn -0.148202 0.320132 0.935709
vn 0.148202 0.320133 0.935709
vn 0.148202 0.320133 0.935709
vn 0.148202 0.320133 0.935709
vn 0.148202 0.320133 0.935709
vn 0.430098 0.320132 0.844115
vn 0.430098 0.320132 0.844115
vn 0.430098 0.320132 0.844115
vn 0.430098 0.320132 0.844115
vn 0.669894 0.320131 0.669894
vn 0.669894 0.320131 0.669894
vn 0.669894 0.320131 0.669894
vn 0.669894 0.320131 0.669894
vn 0.844116 0.320131 0.430098
vn 0.844116 0.320131 0.430098
vn 0.844116 0.320131 0.430098
vn 0.844116 0.320131 0.430098
vn 0.935709 0.320132 0.148202
vn 0.935709 0.320132 0.148201
vn 0.935709 0.320132 0.148202
vn 0.935709 0.320132 0.148201
vn 0.935710 0.320132 -0.148199
vn 0.935710 0.320132 -0.148199
vn 0.935710 0.320132 -0.148199
vn 0.935710 0.320132 -0.148199
vn 0.891007 0.000000 -0.453990
vn 0.891007 0.000000 -0.453990
vn 0.891007 0.000000 -0.453990
vn 0.891007 0.000000 -0.453990
vn 0.707106 0.000000 -0.707107
vn 0.707106 0.000000 -0.707107
vn 0.707106 0.000000 -0.707107
vn 0.707106 0.000000 -0.707107
vn 0.453991 0.000000 -0.891006
vn 0.453991 0.000000 -0.891006
vn 0.453991 0.000000 -0.891006
vn 0.453991 0.000000 -0.891006
vn 0.156434 0.000000 -0.987688
vn 0.156434 0.000000 -0.987688
vn 0.156434 0.000000 -0.987688
vn 0.156434 0.000000 -0.987688
vn -0.156434 0.000000 -0.987688
vn -0.156434 0.000000 -0.987688
vn -0.156434 0.000000 -0.987688
vn -0.156434 0.000000 -0.987688
vn -0.453991 -0.000000 -0.891006
vn -0.453991 -0.000000 -0.891006
vn -0.453991 -0.000000 -0.891006
vn -0.453991 -0.000000 -0.891006
vn -0.707107 -0.000000 -0.707107
vn -0.707107 -0.000000 -0.707107
vn -0.707107 -0.000000 -0.707107
vn -0.707107 -0.000000 -0.707107
vn -0.891007 -0.000000 -0.453990
vn -0.891007 -0.000000 -0.453990
vn -0.891007 -0.000000 -0.453990
vn -0.891007 -0.000000 -0.453990
vn -0.987688 -0.000000 -0.156434
vn -0.987688 -0.000000 -0.156434
vn -0.987688 -0.000000 -0.156434
vn -0.987688 -0.000000 -0.156434
vn -0.987688 -0.000000 0.156434
vn -0.987688 -0.000000 0.156434
vn -0.987688 -0.000000 0.156434
vn -0.987688 -0.000000 0.156434
vn -0.891007 -0.000000 0.453990
vn -0.891007 -0.000000 0.453990
vn -0.891007 -0.000000 0.453990
vn -0.891007 -0.000000 0.453990
vn -0.707107 -0.000000 0.707107
vn -0.707107 -0.000000 0.707107
vn -0.707107 -0.000000 0.707107
vn -0.707107 -0.000000 0.707107
vn -0.453991 -0.000000 0.891006
vn -0.453991 -0.000000 0.891006
vn -0.453991 -0.000000 0.891006
vn -0.453991 -0.000000 0.891006
vn -0.156434 -0.000000 0.987688
vn -0.156434 -0.000000 0.987688
vn -0.156434 -0.000000 0.987688
vn -0.156434 -0.000000 0.987688
vn 0.156436 -0.000000 0.987688
vn 0.156436 -0.000000 0.987688
vn 0.156436 -0.000000 0.987688
vn 0.156436 -0.000000 0.987688
vn 0.453990 0.000000 0.891007
vn 0.453990 0.000000 0.891007
vn 0.453990 0.000000 0.891007
vn 0.453990 0.000000 0.891007
vn 0.707106 0.000000 0.707107
vn 0.707106 0.000000 0.707107
vn 0.707106 0.000000 0.707107
vn 0.707106 0.000000 0.707107
vn 0.891007 0.000000 0.453989
vn 0.891007 0.000000 0.453989
vn 0.891007 0.000000 0.453989
vn 0.891007 0.000000 0.453989
vn 0.987689 0.000000 0.156434
vn 0.987689 0.000000 0.156434
vn 0.987689 0.000000 0.156434
vn 0.987689 0.000000 0.156434
vn 0.987689 0.000000 -0.156431
vn 0.987689 0.000000 -0.156431
vn 0.987689 0.000000 -0.156431
vn 0.987689 0.000000 -0.156431
vn -0.000000 -1.000000 0.000000
vn -0.000000 -1.000000 0.000000
vn -0.000000 -1.000000 0.000000
vn -0.000000 -1.000000 -0.000001
vn -0.000000 -1.000000 -0.000001
vn -0.000000 -1.000000 -0.000001
vn -0.000000 -1.000000 0.000000
vn -0.000000 -1.000000 0.000000
vn -0.000000 -1.000000 0.000000
vn -0.000000 -1.000000 0.000000
vn -0.000000 -1.000000 0.000000
vn -0.000000 -1.000000 0.000000
vn -0.000000 -1.000000 0.000000
vn -0.000000 -1.000000 0.000000
vn -0.000000 -1.000000 0.000000
vn -0.000000 -1.000000 0.000000
vn -0.000000 -1.000000 0.000000
vn -0.000000 -1.000000 0.000000
vn -0.000000 -1.000000 0.000000
vn -0.000000 -1.000000 0.000000
vn -0.000000 -1.000000 0.000000
vn -0.000000 -1.000000 0.000000
vn -0.000000 -1.000000 0.000000
vn -0.000000 -1.000000 0.000000
vn -0.000000 -1.000000 0.000000
vn -0.000000 -1.000000 0.000000
vn -0.000000 -1.000000 0.000000
vn -0.000000 -1.000000 0.000000
vn -0.000000 -1.000000 0.000000
vn -0.000000 -1.000000 0.000000
vn -0.000000 -1.000000 0.000000
vn -0.000000 -1.000000 0.000000
vn -0.000000 -1.000000 0.000000
vn -0.000000 -1.000000 0.000000
vn -0.000000 -1.000000 0.000000
vn -0.000000 -1.000000 0.000000
vn -0.000000 -1.000000 0.000001
vn -0.000000 -1.000000 0.000001
vn -0.000000 -1.000000 0.000001
vn -0.000000 -1.000000 0.000000
vn -0.000000 -1.000000 0.000000
vn -0.000000 -1.000000 0.000000
vn -0.000000 -1.000000 0.000000
vn -0.000000 -1.000000 0.000000
vn -0.000000 -1.000000 0.000000
vn -0.000000 -1.000000 0.000000
vn -0.000000 -1.000000 0.000000
vn -0.000000 -1.000000 0.000000
vn -0.000000 -1.000000 0.000000
vn -0.000000 -1.000000 0.000000
vn -0.000000 -1.000000 0.000000
vn -0.000000 -1.000000 0.000001
vn -0.000000 -1.000000 0.000001
vn -0.000000 -1.000000 0.000001
vn -0.000000 -1.000000 -0.000001
vn -0.000000 -1.000000 -0.000001
vn -0.000000 -1.000000 -0.000001
vn -0.000000 -1.000000 0.000000
vn -0.000000 -1.000000 0.000000
vn -0.000000 -1.000000 0.000000
vn 0.891007 0.000000 -0.453990
vn 0.891007 0.000000 -0.453990
vn 0.891007 0.000000 -0.453990
vn 0.891007 0.000000 -0.453990
vn 0.707106 0.000000 -0.707108
vn 0.707106 0.000000 -0.707108
vn 0.707106 0.000000 -0.707108
vn 0.707106 0.000000 -0.707108
vn 0.453990 0.000000 -0.891007
vn 0.453990 0.000000 -0.891007
vn 0.453990 0.000000 -0.891007
vn 0.453990 0.000000 -0.891007
vn 0.156434 0.000000 -0.987688
vn 0.156434 0.000000 -0.987688
vn 0.156434 0.000000 -0.987688
vn 0.156434 0.000000 -0.987688
vn -0.156434 0.000000 -0.987688
vn -0.156434 0.000000 -0.987688
vn -0.156434 0.000000 -0.987688
vn -0.156434 0.000000 -0.987688
vn -0.453991 -0.000000 -0.891006
vn -0.453991 -0.000000 -0.891006
vn -0.453991 -0.000000 -0.891006
vn -0.453991 -0.000000 -0.891006
vn -0.707107 -0.000000 -0.707107
vn -0.707107 -0.000000 -0.707107
vn -0.707107 -0.000000 -0.707107
vn -0.707107 -0.000000 -0.707107
vn -0.891007 -0.000000 -0.453990
vn -0.891007 -0.000000 -0.453990
vn -0.891007 -0.000000 -0.453990
vn -0.891007 -0.000000 -0.453990
vn -0.987688 -0.000000 -0.156434
vn -0.987688 -0.000000 -0.156434
vn -0.987688 -0.000000 -0.156434
vn -0.987688 -0.000000 -0.156434
vn -0.987688 -0.000000 0.156434
vn -0.987688 -0.000000 0.156434
vn -0.987688 -0.000000 0.156434
vn -0.987688 -0.000000 0.156434
vn -0.891007 -0.000000 0.453990
vn -0.891007 -0.000000 0.453990
vn -0.891007 -0.000000 0.453990
vn -0.891007 -0.000000 0.453990
vn -0.707107 -0.000000 0.707106
vn -0.707107 -0.000000 0.707106
vn -0.707107 -0.000000 0.707106
vn -0.707107 -0.000000 0.707106
vn -0.453991 -0.000000 0.891006
vn -0.453991 -0.000000 0.891006
vn -0.453991 -0.000000 0.891006
vn -0.453991 -0.000000 0.891006
vn -0.156434 -0.000000 0.987688
vn -0.156434 -0.000000 0.987688
vn -0.156434 -0.000000 0.987688
vn -0.156434 -0.000000 0.987688
vn 0.156436 -0.000000 0.987688
vn 0.156436 -0.000000 0.987688
vn 0.156436 -0.000000 0.987688
vn 0.156436 -0.000000 0.987688
vn 0.453990 0.000000 0.891007
vn 0.453990 0.000000 0.891007
vn 0.453990 0.000000 0.891007
vn 0.453990 0.000000 0.891007
vn 0.707106 0.000000 0.707107
vn 0.707106 0.000000 0.707107
vn 0.707106 0.000000 0.707107
vn 0.707106 0.000000 0.707107
vn 0.891007 0.000000 0.453989
vn 0.891007 0.000000 0.453989
vn 0.891007 0.000000 0.453989
vn 0.891007 0.000000 0.453989
vn 0.987689 -0.000000 0.156434
vn 0.987689 -0.000000 0.156434
vn 0.987689 -0.000000 0.156434
vn 0.987689 -0.000000 0.156434
vn 0.987689 -0.000000 0.156434
vn 0.987689 0.000000 -0.156431
vn 0.987689 0.000000 -0.156431
vn 0.987689 0.000000 -0.156431
vn 0.987689 0.000000 -0.156431
vn 0.000000 1.000000 -0.000001
vn 0.000000 1.000000 0.000000
vn 0.000000 1.000000 -0.000000
vn 0.000000 1.000000 0.000001
vn 0.000000 1.000000 0.000001
vn 0.000000 1.000000 0.000000
vn 0.000000 1.000000 0.000000
vn 0.000000 1.000000 0.000000
vn 0.000000 1.000000 -0.000000
vn 0.000000 1.000000 0.000000
vn 0.000000 1.000000 -0.000000
vn 0.000000 1.000000 -0.000000
vn 0.000000 1.000000 -0.000001
vn 0.000000 1.000000 0.000000
vn 0.000000 1.000000 0.000000
vn 0.000000 1.000000 0.000000
vn 0.000000 1.000000 -0.000000
vn 0.000000 1.000000 0.000000
vn 0.000000 1.000000 0.000000
vn 0.000000 1.000000 -0.000000
vn 0.000000 1.000000 -0.000000
vn 0.000000 1.000000 0.000000
vn 0.652626 0.680810 -0.332530
vn 0.652626 0.680810 -0.332530
vn 0.652626 0.680810 -0.332530
vn 0.652626 0.680810 -0.332530
vn 0.517927 0.680810 -0.517927
vn 0.517927 0.680810 -0.517927
vn 0.517927 0.680810 -0.517927
vn 0.517927 0.680810 -0.517927
vn 0.332530 0.680810 -0.652627
vn 0.332530 0.680810 -0.652627
vn 0.332530 0.680810 -0.652627
vn 0.332530 0.680810 -0.652627
vn 0.114582 0.680809 -0.723443
vn 0.114582 0.680809 -0.723443
vn 0.114582 0.680809 -0.723443
vn 0.114582 0.680809 -0.723443
vn -0.114582 0.680809 -0.723443
vn -0.114582 0.680809 -0.723443
vn -0.114582 0.680809 -0.723443
vn -0.114582 0.680809 -0.723443
vn -0.332530 0.680810 -0.652627
vn -0.332530 0.680810 -0.652627
vn -0.332530 0.680810 -0.652627
vn -0.332530 0.680810 -0.652627
vn -0.517928 0.680810 -0.517927
vn -0.517928 0.680810 -0.517927
vn -0.517928 0.680810 -0.517927
vn -0.517928 0.680810 -0.517927
vn -0.652627 0.680809 -0.332530
vn -0.652627 0.680809 -0.332530
vn -0.652627 0.680809 -0.332530
vn -0.652627 0.680809 -0.332530
vn -0.723443 0.680810 -0.114582
vn -0.723443 0.680810 -0.114582
vn -0.723442 0.680810 -0.114582
vn -0.723442 0.680810 -0.114582
vn -0.723442 0.680810 0.114582
vn -0.723442 0.680810 0.114582
vn -0.723442 0.680810 0.114582
vn -0.723442 0.680810 0.114582
vn -0.652627 0.680809 0.332530
vn -0.652627 0.680809 0.332530
vn -0.652627 0.680809 0.332530
vn -0.652627 0.680809 0.332530
vn -0.517928 0.680810 0.517928
vn -0.517927 0.680810 0.517928
vn -0.517927 0.680810 0.517928
vn -0.517927 0.680810 0.517928
vn -0.332530 0.680810 0.652627
vn -0.332530 0.680810 0.652627
vn -0.332530 0.680810 0.652627
vn -0.332530 0.680810 0.652627
vn -0.114582 0.680810 0.723442
vn -0.114582 0.680810 0.723442
vn -0.114582 0.680810 0.723442
vn -0.114582 0.680810 0.723442
vn 0.114582 0.680810 0.723442
vn 0.114582 0.680810 0.723442
vn 0.114582 0.680810 0.723442
vn 0.114582 0.680810 0.723442
vn 0.332530 0.680810 0.652627
vn 0.332530 0.680810 0.652626
vn 0.332530 0.680810 0.652627
vn 0.332530 0.680810 0.652627
vn 0.517927 0.680810 0.517928
vn 0.517927 0.680810 0.517928
vn 0.517927 0.680810 0.517928
vn 0.517927 0.680810 0.517928
vn 0.652627 0.680810 0.332530
vn 0.652627 0.680810 0.332530
vn 0.652627 0.680810 0.332530
vn 0.652627 0.680810 0.332530
vn 0.723444 0.680809 0.114582
vn 0.723444 0.680809 0.114582
vn 0.723444 0.680809 0.114582
vn 0.723444 0.680809 0.114582
vn 0.723443 0.680809 -0.114580
vn 0.723443 0.680809 -0.114580
vn 0.723443 0.680809 -0.114580
vn 0.723443 0.680809 -0.114580
vn 0.758707 0.524326 -0.386581
vn 0.758707 0.524326 -0.386582
vn 0.758707 0.524326 -0.386582
vn 0.758707 0.524326 -0.386581
vn 0.602114 0.524326 -0.602114
vn 0.602114 0.524326 -0.602114
vn 0.602114 0.524326 -0.602114
vn 0.602114 0.524326 -0.602114
vn 0.386581 0.524327 -0.758707
vn 0.386581 0.524327 -0.758707
vn 0.386581 0.524327 -0.758707
vn 0.386581 0.524327 -0.758707
vn 0.133206 0.524327 -0.841034
vn 0.133206 0.524327 -0.841033
vn 0.133206 0.524327 -0.841034
vn 0.133206 0.524327 -0.841034
vn -0.133206 0.524327 -0.841033
vn -0.133207 0.524327 -0.841034
vn -0.133207 0.524327 -0.841033
vn -0.133207 0.524327 -0.841033
vn -0.386582 0.524327 -0.758707
vn -0.386581 0.524327 -0.758707
vn -0.386581 0.524327 -0.758707
vn -0.386581 0.524327 -0.758707
vn -0.602114 0.524326 -0.602114
vn -0.602114 0.524326 -0.602114
vn -0.602114 0.524326 -0.602114
vn -0.602114 0.524326 -0.602114
vn -0.758708 0.524326 -0.386581
vn -0.758708 0.524326 -0.386581
vn -0.758708 0.524326 -0.386581
vn -0.758708 0.524326 -0.386581
vn -0.841034 0.524326 -0.133207
vn -0.841034 0.524326 -0.133207
vn -0.841034 0.524326 -0.133207
vn -0.841034 0.524326 -0.133207
vn -0.841034 0.524327 0.133207
vn -0.841034 0.524327 0.133207
vn -0.841034 0.524327 0.133207
vn -0.841034 0.524327 0.133207
vn -0.758708 0.524327 0.386580
vn -0.758707 0.524327 0.386580
vn -0.758707 0.524327 0.386580
vn -0.758707 0.524327 0.386580
vn -0.602114 0.524326 0.602114
vn -0.602114 0.524326 0.602114
vn -0.602114 0.524326 0.602114
vn -0.602114 0.524326 0.602114
vn -0.386581 0.524325 0.758708
vn -0.386581 0.524325 0.758708
vn -0.386581 0.524325 0.758708
vn -0.386581 0.524325 0.758708
vn -0.133207 0.524325 0.841035
vn -0.133207 0.524325 0.841035
vn -0.133207 0.524325 0.841035
vn -0.133207 0.524325 0.841035
vn 0.133207 0.524325 0.841035
vn 0.133207 0.524325 0.841035
vn 0.133207 0.524325 0.841035
vn 0.133207 0.524325 0.841035
vn 0.386581 0.524325 0.758708
vn 0.386581 0.524325 0.758708
vn 0.386581 0.524325 0.758708
vn 0.386581 0.524325 0.758708
vn 0.602114 0.524327 0.602113
vn 0.602114 0.524327 0.602113
vn 0.602114 0.524327 0.602113
vn 0.602114 0.524327 0.602113
vn 0.758708 0.524326 0.386581
vn 0.758708 0.524326 0.386581
vn 0.758708 0.524326 0.386581
vn 0.758708 0.524326 0.386581
vn 0.841034 0.524326 0.133207
vn 0.841034 0.524326 0.133207
vn 0.841034 0.524326 0.133207
vn 0.841034 0.524326 0.133207
vn 0.841034 0.524326 -0.133204
vn 0.841034 0.524326 -0.133204
vn 0.841034 0.524326 -0.133204
vn 0.841034 0.524326 -0.133204
vn 0.864964 -0.240004 -0.440721
vn 0.864964 -0.240004 -0.440721
vn 0.864964 -0.240004 -0.440721
vn 0.864964 -0.240004 -0.440721
vn 0.686440 -0.240001 -0.686440
vn 0.686440 -0.240001 -0.686440
vn 0.686440 -0.240001 -0.686440
vn 0.686440 -0.240001 -0.686440
vn 0.440721 -0.240003 -0.864964
vn 0.440721 -0.240003 -0.864964
vn 0.440721 -0.240003 -0.864964
vn 0.440721 -0.240003 -0.864964
vn 0.151862 -0.240003 -0.958820
vn 0.151862 -0.240003 -0.958820
vn 0.151862 -0.240003 -0.958820
vn 0.151862 -0.240003 -0.958820
vn -0.151862 -0.240003 -0.958820
vn -0.151862 -0.240003 -0.958820
vn -0.151862 -0.240003 -0.958820
vn -0.151862 -0.240003 -0.958820
vn -0.440722 -0.240002 -0.864964
vn -0.440722 -0.240002 -0.864964
vn -0.440722 -0.240002 -0.864964
vn -0.440722 -0.240002 -0.864964
vn -0.686440 -0.240000 -0.686440
vn -0.686440 -0.240000 -0.686440
vn -0.686440 -0.240000 -0.686440
vn -0.686440 -0.240000 -0.686440
vn -0.864965 -0.240001 -0.440721
vn -0.864965 -0.240001 -0.440721
vn -0.864965 -0.240001 -0.440721
vn -0.864965 -0.240001 -0.440721
vn -0.958821 -0.240001 -0.151863
vn -0.958821 -0.240001 -0.151863
vn -0.958821 -0.240001 -0.151863
vn -0.958821 -0.240001 -0.151863
vn -0.958821 -0.240002 0.151863
vn -0.958821 -0.240002 0.151863
vn -0.958821 -0.240002 0.151863
vn -0.958821 -0.240002 0.151863
vn -0.864965 -0.240000 0.440721
vn -0.864965 -0.240000 0.440722
vn -0.864965 -0.240000 0.440722
vn -0.864965 -0.240000 0.440722
vn -0.686440 -0.240001 0.686440
vn -0.686440 -0.240001 0.686440
vn -0.686440 -0.240001 0.686440
vn -0.686440 -0.240001 0.686440
vn -0.440721 -0.240001 0.864965
vn -0.440721 -0.240001 0.864965
vn -0.440721 -0.240001 0.864965
vn -0.440721 -0.240001 0.864965
vn -0.151862 -0.240003 0.958820
vn -0.151862 -0.240003 0.958820
vn -0.151862 -0.240003 0.958820
vn -0.151862 -0.240003 0.958820
vn 0.151863 -0.240003 0.958820
vn 0.151863 -0.240003 0.958820
vn 0.151863 -0.240003 0.958820
vn 0.151863 -0.240003 0.958820
vn 0.440721 -0.240002 0.864965
vn 0.440721 -0.240002 0.864965
vn 0.440721 -0.240002 0.864965
vn 0.440721 -0.240002 0.864965
vn 0.686440 -0.240002 0.686439
vn 0.686440 -0.240002 0.686439
vn 0.686440 -0.240002 0.686439
vn 0.686440 -0.240002 0.686439
vn 0.864965 -0.240002 0.440721
vn 0.864965 -0.240002 0.440721
vn 0.864965 -0.240002 0.440721
vn 0.864965 -0.240002 0.440721
vn 0.958820 -0.240005 0.151863
vn 0.958820 -0.240005 0.151863
vn 0.958820 -0.240005 0.151863
vn 0.958820 -0.240005 0.151863
vn 0.958819 -0.240008 -0.151860
vn 0.958819 -0.240008 -0.151860
vn 0.958819 -0.240008 -0.151860
vn 0.958819 -0.240008 -0.151860
s off
g Adorno Adorno1
usemtl AdornoSG
f 964/1361/2683 965/1362/2684 985/1383/2685 984/1382/2686
f 965/1362/2687 966/1363/2688 986/1384/2689 985/1383/2690
f 966/1363/2691 967/1364/2692 987/1385/2693 986/1384/2694
f 967/1364/2695 968/1365/2696 988/1386/2697 987/1385/2698
f 968/1365/2699 969/1366/2700 989/1387/2701 988/1386/2702
f 969/1366/2703 970/1367/2704 990/1388/2705 989/1387/2706
f 970/1367/2707 971/1368/2708 991/1389/2709 990/1388/2710
f 971/1368/2711 972/1369/2712 992/1390/2713 991/1389/2714
f 972/1369/2715 973/1370/2716 993/1391/2717 992/1390/2718
f 973/1370/2719 974/1371/2720 994/1392/2721 993/1391/2722
f 974/1371/2723 975/1372/2724 995/1393/2725 994/1392/2726
f 975/1372/2727 976/1373/2728 996/1394/2729 995/1393/2730
f 976/1373/2731 977/1374/2732 997/1395/2733 996/1394/2734
f 977/1374/2735 978/1375/2736 998/1396/2737 997/1395/2738
f 978/1375/2739 979/1376/2740 999/1397/2741 998/1396/2742
f 979/1376/2743 980/1377/2744 1000/1398/2745 999/1397/2746
f 980/1377/2747 981/1378/2748 1001/1399/2749 1000/1398/2750
f 981/1378/2751 982/1379/2752 1002/1400/2753 1001/1399/2754
f 982/1379/2755 983/1380/2756 1003/1401/2757 1002/1400/2758
f 983/1380/2759 964/1381/2760 984/1402/2761 1003/1401/2762
f 984/1382/2763 985/1383/2764 1005/1404/2765 1004/1403/2766
f 985/1383/2767 986/1384/2768 1006/1405/2769 1005/1404/2770
f 986/1384/2771 987/1385/2772 1007/1406/2773 1006/1405/2774
f 987/1385/2775 988/1386/2776 1008/1407/2777 1007/1406/2778
f 988/1386/2779 989/1387/2780 1009/1408/2781 1008/1407/2782
f 989/1387/2783 990/1388/2784 1010/1409/2785 1009/1408/2786
f 990/1388/2787 991/1389/2788 1011/1410/2789 1010/1409/2790
f 991/1389/2791 992/1390/2792 1012/1411/2793 1011/1410/2794
f 992/1390/2795 993/1391/2796 1013/1412/2797 1012/1411/2798
f 993/1391/2799 994/1392/2800 1014/1413/2801 1013/1412/2802
f 994/1392/2803 995/1393/2804 1015/1414/2805 1014/1413/2806
f 995/1393/2807 996/1394/2808 1016/1415/2809 1015/1414/2810
f 996/1394/2811 997/1395/2812 1017/1416/2813 1016/1415/2814
f 997/1395/2815 998/1396/2816 1018/1417/2817 1017/1416/2818
f 998/1396/2819 999/1397/2820 1019/1418/2821 1018/1417/2822
f 999/1397/2823 1000/1398/2824 1020/1419/2825 1019/1418/2826
f 1000/1398/2827 1001/1399/2828 1021/1420/2829 1020/1419/2830
f 1001/1399/2831 1002/1400/2832 1022/1421/2833 1021/1420/2834
f 1002/1400/2835 1003/1401/2836 1023/1422/2837 1022/1421/2838
f 1003/1401/2839 984/1402/2840 1004/1423/2841 1023/1422/2842
f 1004/1403/2843 1005/1404/2844 1025/1425/2845 1024/1424/2846
f 1005/1404/2847 1006/1405/2848 1026/1426/2849 1025/1425/2850
f 1006/1405/2851 1007/1406/2852 1027/1427/2853 1026/1426/2854
f 1007/1406/2855 1008/1407/2856 1028/1428/2857 1027/1427/2858
f 1008/1407/2859 1009/1408/2860 1029/1429/2861 1028/1428/2862
f 1009/1408/2863 1010/1409/2864 1030/1430/2865 1029/1429/2866
f 1010/1409/2867 1011/1410/2868 1031/1431/2869 1030/1430/2870
f 1011/1410/2871 1012/1411/2872 1032/1432/2873 1031/1431/2874
f 1012/1411/2875 1013/1412/2876 1033/1433/2877 1032/1432/2878
f 1013/1412/2879 1014/1413/2880 1034/1434/2881 1033/1433/2882
f 1014/1413/2883 1015/1414/2884 1035/1435/2885 1034/1434/2886
f 1015/1414/2887 1016/1415/2888 1036/1436/2889 1035/1435/2890
f 1016/1415/2891 1017/1416/2892 1037/1437/2893 1036/1436/2894
f 1017/1416/2895 1018/1417/2896 1038/1438/2897 1037/1437/2898
f 1018/1417/2899 1019/1418/2900 1039/1439/2901 1038/1438/2902
f 1019/1418/2903 1020/1419/2904 1040/1440/2905 1039/1439/2906
f 1020/1419/2907 1021/1420/2908 1041/1441/2909 1040/1440/2910
f 1021/1420/2911 1022/1421/2912 1042/1442/2913 1041/1441/2914
f 1022/1421/2915 1023/1422/2916 1043/1443/2917 1042/1442/2918
f 1023/1422/2919 1004/1423/2920 1024/1444/2921 1043/1443/2922
f 1024/1424/2923 1025/1425/2924 1045/1446/2925 1044/1445/2926
f 1025/1425/2927 1026/1426/2928 1046/1447/2929 1045/1446/2930
f 1026/1426/2931 1027/1427/2932 1047/1448/2933 1046/1447/2934
f 1027/1427/2935 1028/1428/2936 1048/1449/2937 1047/1448/2938
f 1028/1428/2939 1029/1429/2940 1049/1450/2941 1048/1449/2942
f 1029/1429/2943 1030/1430/2944 1050/1451/2945 1049/1450/2946
f 1030/1430/2947 1031/1431/2948 1051/1452/2949 1050/1451/2950
f 1031/1431/2951 1032/1432/2952 1052/1453/2953 1051/1452/2954
f 1032/1432/2955 1033/1433/2956 1053/1454/2957 1052/1453/2958
f 1033/1433/2959 1034/1434/2960 1054/1455/2961 1053/1454/2962
f 1034/1434/2963 1035/1435/2964 1055/1456/2965 1054/1455/2966
f 1035/1435/2967 1036/1436/2968 1056/1457/2969 1055/1456/2970
f 1036/1436/2971 1037/1437/2972 1057/1458/2973 1056/1457/2974
f 1037/1437/2975 1038/1438/2976 1058/1459/2977 1057/1458/2978
f 1038/1438/2979 1039/1439/2980 1059/1460/2981 1058/1459/2982
f 1039/1439/2983 1040/1440/2984 1060/1461/2985 1059/1460/2986
f 1040/1440/2987 1041/1441/2988 1061/1462/2989 1060/1461/2990
f 1041/1441/2991 1042/1442/2992 1062/1463/2993 1061/1462/2994
f 1042/1442/2995 1043/1443/2996 1063/1464/2997 1062/1463/2998
f 1043/1443/2999 1024/1444/3000 1044/1465/3001 1063/1464/3002
f 1044/1445/3003 1045/1446/3004 1065/1467/3005 1064/1466/3006
f 1045/1446/3007 1046/1447/3008 1066/1468/3009 1065/1467/3010
f 1046/1447/3011 1047/1448/3012 1067/1469/3013 1066/1468/3014
f 1047/1448/3015 1048/1449/3016 1068/1470/3017 1067/1469/3018
f 1048/1449/3019 1049/1450/3020 1069/1471/3021 1068/1470/3022
f 1049/1450/3023 1050/1451/3024 1070/1472/3025 1069/1471/3026
f 1050/1451/3027 1051/1452/3028 1071/1473/3029 1070/1472/3030
f 1051/1452/3031 1052/1453/3032 1072/1474/3033 1071/1473/3034
f 1052/1453/3035 1053/1454/3036 1073/1475/3037 1072/1474/3038
f 1053/1454/3039 1054/1455/3040 1074/1476/3041 1073/1475/3042
f 1054/1455/3043 1055/1456/3044 1075/1477/3045 1074/1476/3046
f 1055/1456/3047 1056/1457/3048 1076/1478/3049 1075/1477/3050
f 1056/1457/3051 1057/1458/3052 1077/1479/3053 1076/1478/3054
f 1057/1458/3055 1058/1459/3056 1078/1480/3057 1077/1479/3058
f 1058/1459/3059 1059/1460/3060 1079/1481/3061 1078/1480/3062
f 1059/1460/3063 1060/1461/3064 1080/1482/3065 1079/1481/3066
f 1060/1461/3067 1061/1462/3068 1081/1483/3069 1080/1482/3070
f 1061/1462/3071 1062/1463/3072 1082/1484/3073 1081/1483/3074
f 1062/1463/3075 1063/1464/3076 1083/1485/3077 1082/1484/3078
f 1063/1464/3079 1044/1465/3080 1064/1486/3081 1083/1485/3082
f 1064/1466/3083 1065/1467/3084 1085/1488/3085 1084/1487/3086
f 1065/1467/3087 1066/1468/3088 1086/1489/3089 1085/1488/3090
f 1066/1468/3091 1067/1469/3092 1087/1490/3093 1086/1489/3094
f 1067/1469/3095 1068/1470/3096 1088/1491/3097 1087/1490/3098
f 1068/1470/3099 1069/1471/3100 1089/1492/3101 1088/1491/3102
f 1069/1471/3103 1070/1472/3104 1090/1493/3105 1089/1492/3106
f 1070/1472/3107 1071/1473/3108 1091/1494/3109 1090/1493/3110
f 1071/1473/3111 1072/1474/3112 1092/1495/3113 1091/1494/3114
f 1072/1474/3115 1073/1475/3116 1093/1496/3117 1092/1495/3118
f 1073/1475/3119 1074/1476/3120 1094/1497/3121 1093/1496/3122
f 1074/1476/3123 1075/1477/3124 1095/1498/3125 1094/1497/3126
f 1075/1477/3127 1076/1478/3128 1096/1499/3129 1095/1498/3130
f 1076/1478/3131 1077/1479/3132 1097/1500/3133 1096/1499/3134
f 1077/1479/3135 1078/1480/3136 1098/1501/3137 1097/1500/3138
f 1078/1480/3139 1079/1481/3140 1099/1502/3141 1098/1501/3142
f 1079/1481/3143 1080/1482/3144 1100/1503/3145 1099/1502/3146
f 1080/1482/3147 1081/1483/3148 1101/1504/3149 1100/1503/3150
f 1081/1483/3151 1082/1484/3152 1102/1505/3153 1101/1504/3154
f 1082/1484/3155 1083/1485/3156 1103/1506/3157 1102/1505/3158
f 1083/1485/3159 1064/1486/3160 1084/1507/3161 1103/1506/3162
f 1084/1487/3163 1085/1488/3164 1105/1509/3165 1104/1508/3166
f 1085/1488/3167 1086/1489/3168 1106/1510/3169 1105/1509/3170
f 1086/1489/3171 1087/1490/3172 1107/1511/3173 1106/1510/3174
f 1087/1490/3175 1088/1491/3176 1108/1512/3177 1107/1511/3178
f 1088/1491/3179 1089/1492/3180 1109/1513/3181 1108/1512/3182
f 1089/1492/3183 1090/1493/3184 1110/1514/3185 1109/1513/3186
f 1090/1493/3187 1091/1494/3188 1111/1515/3189 1110/1514/3190
f 1091/1494/3191 1092/1495/3192 1112/1516/3193 1111/1515/3194
f 1092/1495/3195 1093/1496/3196 1113/1517/3197 1112/1516/3198
f 1093/1496/3199 1094/1497/3200 1114/1518/3201 1113/1517/3202
f 1094/1497/3203 1095/1498/3204 1115/1519/3205 1114/1518/3206
f 1095/1498/3207 1096/1499/3208 1116/1520/3209 1115/1519/3210
f 1096/1499/3211 1097/1500/3212 1117/1521/3213 1116/1520/3214
f 1097/1500/3215 1098/1501/3216 1118/1522/3217 1117/1521/3218
f 1098/1501/3219 1099/1502/3220 1119/1523/3221 1118/1522/3222
f 1099/1502/3223 1100/1503/3224 1120/1524/3225 1119/1523/3226
f 1100/1503/3227 1101/1504/3228 1121/1525/3229 1120/1524/3230
f 1101/1504/3231 1102/1505/3232 1122/1526/3233 1121/1525/3234
f 1102/1505/3235 1103/1506/3236 1123/1527/3237 1122/1526/3238
f 1103/1506/3239 1084/1507/3240 1104/1528/3241 1123/1527/3242
f 1104/1508/3243 1105/1509/3244 1125/1863/3245 1124/1844/3246
f 1105/1509/3247 1106/1510/3248 1126/1862/3249 1125/1863/3250
f 1106/1510/3251 1107/1511/3252 1127/1861/3253 1126/1862/3254
f 1107/1511/3255 1108/1512/3256 1128/1860/3257 1127/1861/3258
f 1108/1512/3259 1109/1513/3260 1129/1859/3261 1128/1860/3262
f 1109/1513/3263 1110/1514/3264 1130/1858/3265 1129/1859/3266
f 1110/1514/3267 1111/1515/3268 1131/1857/3269 1130/1858/3270
f 1111/1515/3271 1112/1516/3272 1132/1856/3273 1131/1857/3274
f 1112/1516/3275 1113/1517/3276 1133/1855/3277 1132/1856/3278
f 1113/1517/3279 1114/1518/3280 1134/1854/3281 1133/1855/3282
f 1114/1518/3283 1115/1519/3284 1135/1853/3285 1134/1854/3286
f 1115/1519/3287 1116/1520/3288 1136/1852/3289 1135/1853/3290
f 1116/1520/3291 1117/1521/3292 1137/1851/3293 1136/1852/3294
f 1117/1521/3295 1118/1522/3296 1138/1850/3297 1137/1851/3298
f 1118/1522/3299 1119/1523/3300 1139/1849/3301 1138/1850/3302
f 1119/1523/3303 1120/1524/3304 1140/1848/3305 1139/1849/3306
f 1120/1524/3307 1121/1525/3308 1141/1847/3309 1140/1848/3310
f 1121/1525/3311 1122/1526/3312 1142/1846/3313 1141/1847/3314
f 1122/1526/3315 1123/1527/3316 1143/1845/3317 1142/1846/3318
f 1123/1527/3319 1104/1528/3320 1124/1529/3321 1143/1845/3322
f 1144/1530/3323 1145/1843/3324 1165/1532/3325 1164/1531/3326
f 1145/1843/3327 1146/1842/3328 1166/1533/3329 1165/1532/3330
f 1146/1842/3331 1147/1841/3332 1167/1534/3333 1166/1533/3334
f 1147/1841/3335 1148/1840/3336 1168/1535/3337 1167/1534/3338
f 1148/1840/3339 1149/1839/3340 1169/1536/3341 1168/1535/3342
f 1149/1839/3343 1150/1838/3344 1170/1537/3345 1169/1536/3346
f 1150/1838/3347 1151/1837/3348 1171/1538/3349 1170/1537/3350
f 1151/1837/3351 1152/1836/3352 1172/1539/3353 1171/1538/3354
f 1152/1836/3355 1153/1835/3356 1173/1540/3357 1172/1539/3358
f 1153/1835/3359 1154/1834/3360 1174/1541/3361 1173/1540/3362
f 1154/1834/3363 1155/1833/3364 1175/1542/3365 1174/1541/3366
f 1155/1833/3367 1156/1832/3368 1176/1543/3369 1175/1542/3370
f 1156/1832/3371 1157/1831/3372 1177/1544/3373 1176/1543/3374
f 1157/1831/3375 1158/1830/3376 1178/1545/3377 1177/1544/3378
f 1158/1830/3379 1159/1829/3380 1179/1546/3381 1178/1545/3382
f 1159/1829/3383 1160/1828/3384 1180/1547/3385 1179/1546/3386
f 1160/1828/3387 1161/1827/3388 1181/1548/3389 1180/1547/3390
f 1161/1827/3391 1162/1826/3392 1182/1549/3393 1181/1548/3394
f 1162/1826/3395 1163/1825/3396 1183/1550/3397 1182/1549/3398
f 1163/1825/3399 1144/1824/3400 1164/1551/3401 1183/1550/3402
f 1164/1531/3403 1165/1532/3404 1185/1553/3405 1184/1552/3406
f 1165/1532/3407 1166/1533/3408 1186/1554/3409 1185/1553/3410
f 1166/1533/3411 1167/1534/3412 1187/1555/3413 1186/1554/3414
f 1167/1534/3415 1168/1535/3416 1188/1556/3417 1187/1555/3418
f 1168/1535/3419 1169/1536/3420 1189/1557/3421 1188/1556/3422
f 1169/1536/3423 1170/1537/3424 1190/1558/3425 1189/1557/3426
f 1170/1537/3427 1171/1538/3428 1191/1559/3429 1190/1558/3430
f 1171/1538/3431 1172/1539/3432 1192/1560/3433 1191/1559/3434
f 1172/1539/3435 1173/1540/3436 1193/1561/3437 1192/1560/3438
f 1173/1540/3439 1174/1541/3440 1194/1562/3441 1193/1561/3442
f 1174/1541/3443 1175/1542/3444 1195/1563/3445 1194/1562/3446
f 1175/1542/3447 1176/1543/3448 1196/1564/3449 1195/1563/3450
f 1176/1543/3451 1177/1544/3452 1197/1565/3453 1196/1564/3454
f 1177/1544/3455 1178/1545/3456 1198/1566/3457 1197/1565/3458
f 1178/1545/3459 1179/1546/3460 1199/1567/3461 1198/1566/3462
f 1179/1546/3463 1180/1547/3464 1200/1568/3465 1199/1567/3466
f 1180/1547/3467 1181/1548/3468 1201/1569/3469 1200/1568/3470
f 1181/1548/3471 1182/1549/3472 1202/1570/3473 1201/1569/3474
f 1182/1549/3475 1183/1550/3476 1203/1571/3477 1202/1570/3478
f 1183/1550/3479 1164/1551/3480 1184/1572/3481 1203/1571/3482
f 1184/1552/3483 1185/1553/3484 1205/1823/3485 1204/1804/3486
f 1185/1553/3487 1186/1554/3488 1206/1822/3489 1205/1823/3490
f 1186/1554/3491 1187/1555/3492 1207/1821/3493 1206/1822/3494
f 1187/1555/3495 1188/1556/3496 1208/1820/3497 1207/1821/3498
f 1188/1556/3499 1189/1557/3500 1209/1819/3501 1208/1820/3502
f 1189/1557/3503 1190/1558/3504 1210/1818/3505 1209/1819/3506
f 1190/1558/3507 1191/1559/3508 1211/1817/3509 1210/1818/3510
f 1191/1559/3511 1192/1560/3512 1212/1816/3513 1211/1817/3514
f 1192/1560/3515 1193/1561/3516 1213/1815/3517 1212/1816/3518
f 1193/1561/3519 1194/1562/3520 1214/1814/3521 1213/1815/3522
f 1194/1562/3523 1195/1563/3524 1215/1813/3525 1214/1814/3526
f 1195/1563/3527 1196/1564/3528 1216/1812/3529 1215/1813/3530
f 1196/1564/3531 1197/1565/3532 1217/1811/3533 1216/1812/3534
f 1197/1565/3535 1198/1566/3536 1218/1810/3537 1217/1811/3538
f 1198/1566/3539 1199/1567/3540 1219/1809/3541 1218/1810/3542
f 1199/1567/3543 1200/1568/3544 1220/1808/3545 1219/1809/3546
f 1200/1568/3547 1201/1569/3548 1221/1807/3549 1220/1808/3550
f 1201/1569/3551 1202/1570/3552 1222/1806/3553 1221/1807/3554
f 1202/1570/3555 1203/1571/3556 1223/1805/3557 1222/1806/3558
f 1203/1571/3559 1184/1572/3560 1204/1573/3561 1223/1805/3562
f 1224/1574/3563 1225/1783/3564 1245/1576/3565 1244/1575/3566
f 1225/1783/3567 1226/1782/3568 1246/1577/3569 1245/1576/3570
f 1226/1782/3571 1227/1781/3572 1247/1578/3573 1246/1577/3574
f 1227/1781/3575 1228/1780/3576 1248/1579/3577 1247/1578/3578
f 1228/1780/3579 1229/1779/3580 1249/1580/3581 1248/1579/3582
f 1229/1779/3583 1230/1778/3584 1250/1581/3585 1249/1580/3586
f 1230/1778/3587 1231/1777/3588 1251/1582/3589 1250/1581/3590
f 1231/1777/3591 1232/1776/3592 1252/1583/3593 1251/1582/3594
f 1232/1776/3595 1233/1775/3596 1253/1584/3597 1252/1583/3598
f 1233/1775/3599 1234/1774/3600 1254/1585/3601 1253/1584/3602
f 1234/1774/3603 1235/1773/3604 1255/1586/3605 1254/1585/3606
f 1235/1773/3607 1236/1772/3608 1256/1587/3609 1255/1586/3610
f 1236/1772/3611 1237/1771/3612 1257/1588/3613 1256/1587/3614
f 1237/1771/3615 1238/1770/3616 1258/1589/3617 1257/1588/3618
f 1238/1770/3619 1239/1769/3620 1259/1590/3621 1258/1589/3622
f 1239/1769/3623 1240/1768/3624 1260/1591/3625 1259/1590/3626
f 1240/1768/3627 1241/1767/3628 1261/1592/3629 1260/1591/3630
f 1241/1767/3631 1242/1766/3632 1262/1593/3633 1261/1592/3634
f 1242/1766/3635 1243/1765/3636 1263/1594/3637 1262/1593/3638
f 1243/1765/3639 1224/1764/3640 1244/1595/3641 1263/1594/3642
f 1244/1575/3643 1245/1576/3644 1265/1597/3645 1264/1596/3646
f 1245/1576/3647 1246/1577/3648 1266/1598/3649 1265/1597/3650
f 1246/1577/3651 1247/1578/3652 1267/1599/3653 1266/1598/3654
f 1247/1578/3655 1248/1579/3656 1268/1600/3657 1267/1599/3658
f 1248/1579/3659 1249/1580/3660 1269/1601/3661 1268/1600/3662
f 1249/1580/3663 1250/1581/3664 1270/1602/3665 1269/1601/3666
f 1250/1581/3667 1251/1582/3668 1271/1603/3669 1270/1602/3670
f 1251/1582/3671 1252/1583/3672 1272/1604/3673 1271/1603/3674
f 1252/1583/3675 1253/1584/3676 1273/1605/3677 1272/1604/3678
f 1253/1584/3679 1254/1585/3680 1274/1606/3681 1273/1605/3682
f 1254/1585/3683 1255/1586/3684 1275/1607/3685 1274/1606/3686
f 1255/1586/3687 1256/1587/3688 1276/1608/3689 1275/1607/3690
f 1256/1587/3691 1257/1588/3692 1277/1609/3693 1276/1608/3694
f 1257/1588/3695 1258/1589/3696 1278/1610/3697 1277/1609/3698
f 1258/1589/3699 1259/1590/3700 1279/1611/3701 1278/1610/3702
f 1259/1590/3703 1260/1591/3704 1280/1612/3705 1279/1611/3706
f 1260/1591/3707 1261/1592/3708 1281/1613/3709 1280/1612/3710
f 1261/1592/3711 1262/1593/3712 1282/1614/3713 1281/1613/3714
f 1262/1593/3715 1263/1594/3716 1283/1615/3717 1282/1614/3718
f 1263/1594/3719 1244/1595/3720 1264/1616/3721 1283/1615/3722
f 1264/1596/3723 1265/1597/3724 1285/1803/3725 1284/1784/3726
f 1265/1597/3727 1266/1598/3728 1286/1802/3729 1285/1803/3730
f 1266/1598/3731 1267/1599/3732 1287/1801/3733 1286/1802/3734
f 1267/1599/3735 1268/1600/3736 1288/1800/3737 1287/1801/3738
f 1268/1600/3739 1269/1601/3740 1289/1799/3741 1288/1800/3742
f 1269/1601/3743 1270/1602/3744 1290/1798/3745 1289/1799/3746
f 1270/1602/3747 1271/1603/3748 1291/1797/3749 1290/1798/3750
f 1271/1603/3751 1272/1604/3752 1292/1796/3753 1291/1797/3754
f 1272/1604/3755 1273/1605/3756 1293/1795/3757 1292/1796/3758
f 1273/1605/3759 1274/1606/3760 1294/1794/3761 1293/1795/3762
f 1274/1606/3763 1275/1607/3764 1295/1793/3765 1294/1794/3766
f 1275/1607/3767 1276/1608/3768 1296/1792/3769 1295/1793/3770
f 1276/1608/3771 1277/1609/3772 1297/1791/3773 1296/1792/3774
f 1277/1609/3775 1278/1610/3776 1298/1790/3777 1297/1791/3778
f 1278/1610/3779 1279/1611/3780 1299/1789/3781 1298/1790/3782
f 1279/1611/3783 1280/1612/3784 1300/1788/3785 1299/1789/3786
f 1280/1612/3787 1281/1613/3788 1301/1787/3789 1300/1788/3790
f 1281/1613/3791 1282/1614/3792 1302/1786/3793 1301/1787/3794
f 1282/1614/3795 1283/1615/3796 1303/1785/3797 1302/1786/3798
f 1283/1615/3799 1264/1616/3800 1284/1617/3801 1303/1785/3802
f 1304/1763/3803 1305/1758/3804 1325/1619/3805 1324/1618/3806
f 1305/1758/3807 1306/1757/3808 1326/1620/3809 1325/1619/3810
f 1306/1757/3811 1307/1756/3812 1327/1621/3813 1326/1620/3814
f 1307/1756/3815 1308/1755/3816 1328/1622/3817 1327/1621/3818
f 1308/1755/3819 1309/1754/3820 1329/1623/3821 1328/1622/3822
f 1309/1754/3823 1310/1753/3824 1330/1624/3825 1329/1623/3826
f 1310/1753/3827 1311/1752/3828 1331/1625/3829 1330/1624/3830
f 1311/1752/3831 1312/1751/3832 1332/1626/3833 1331/1625/3834
f 1312/1751/3835 1313/1750/3836 1333/1627/3837 1332/1626/3838
f 1313/1750/3839 1314/1749/3840 1334/1628/3841 1333/1627/3842
f 1314/1749/3843 1315/1748/3844 1335/1629/3845 1334/1628/3846
f 1315/1748/3847 1316/1747/3848 1336/1630/3849 1335/1629/3850
f 1316/1747/3851 1317/1746/3852 1337/1631/3853 1336/1630/3854
f 1317/1746/3855 1318/1745/3856 1338/1632/3857 1337/1631/3858
f 1318/1745/3859 1319/1744/3860 1339/1633/3861 1338/1632/3862
f 1319/1744/3863 1320/1743/3864 1340/1634/3865 1339/1633/3866
f 1320/1743/3867 1321/1742/3868 1341/1635/3869 1340/1634/3870
f 1321/1742/3871 1322/1741/3872 1342/1636/3873 1341/1635/3874
f 1322/1741/3875 1323/1740/3876 1343/1637/3877 1342/1636/3878
f 1323/1740/3879 1304/1739/3880 1324/1762/3881 1343/1637/3882
f 1324/1618/3883 1325/1619/3884 1345/1639/3885 1344/1638/3886
f 1325/1619/3887 1326/1620/3888 1346/1640/3889 1345/1639/3890
f 1326/1620/3891 1327/1621/3892 1347/1641/3893 1346/1640/3894
f 1327/1621/3895 1328/1622/3896 1348/1642/3897 1347/1641/3898
f 1328/1622/3899 1329/1623/3900 1349/1643/3901 1348/1642/3902
f 1329/1623/3903 1330/1624/3904 1350/1644/3905 1349/1643/3906
f 1330/1624/3907 1331/1625/3908 1351/1645/3909 1350/1644/3910
f 1331/1625/3911 1332/1626/3912 1352/1646/3913 1351/1645/3914
f 1332/1626/3915 1333/1627/3916 1353/1647/3917 1352/1646/3918
f 1333/1627/3919 1334/1628/3920 1354/1648/3921 1353/1647/3922
f 1334/1628/3923 1335/1629/3924 1355/1649/3925 1354/1648/3926
f 1335/1629/3927 1336/1630/3928 1356/1650/3929 1355/1649/3930
f 1336/1630/3931 1337/1631/3932 1357/1651/3933 1356/1650/3934
f 1337/1631/3935 1338/1632/3936 1358/1652/3937 1357/1651/3938
f 1338/1632/3939 1339/1633/3940 1359/1653/3941 1358/1652/3942
f 1339/1633/3943 1340/1634/3944 1360/1654/3945 1359/1653/3946
f 1340/1634/3947 1341/1635/3948 1361/1655/3949 1360/1654/3950
f 1341/1635/3951 1342/1636/3952 1362/1656/3953 1361/1655/3954
f 1342/1636/3955 1343/1637/3956 1363/1657/3957 1362/1656/3958
f 1343/1637/3959 1324/1762/3960 1344/1761/3961 1363/1657/3962
f 1344/1638/3963 1345/1639/3964 1365/1659/3965 1364/1658/3966
f 1345/1639/3967 1346/1640/3968 1366/1660/3969 1365/1659/3970
f 1346/1640/3971 1347/1641/3972 1367/1661/3973 1366/1660/3974
f 1347/1641/3975 1348/1642/3976 1368/1662/3977 1367/1661/3978
f 1348/1642/3979 1349/1643/3980 1369/1663/3981 1368/1662/3982
f 1349/1643/3983 1350/1644/3984 1370/1664/3985 1369/1663/3986
f 1350/1644/3987 1351/1645/3988 1371/1665/3989 1370/1664/3990
f 1351/1645/3991 1352/1646/3992 1372/1666/3993 1371/1665/3994
f 1352/1646/3995 1353/1647/3996 1373/1667/3997 1372/1666/3998
f 1353/1647/3999 1354/1648/4000 1374/1668/4001 1373/1667/4002
f 1354/1648/4003 1355/1649/4004 1375/1669/4005 1374/1668/4006
f 1355/1649/4007 1356/1650/4008 1376/1670/4009 1375/1669/4010
f 1356/1650/4011 1357/1651/4012 1377/1671/4013 1376/1670/4014
f 1357/1651/4015 1358/1652/4016 1378/1672/4017 1377/1671/4018
f 1358/1652/4019 1359/1653/4020 1379/1673/4021 1378/1672/4022
f 1359/1653/4023 1360/1654/4024 1380/1674/4025 1379/1673/4026
f 1360/1654/4027 1361/1655/4028 1381/1675/4029 1380/1674/4030
f 1361/1655/4031 1362/1656/4032 1382/1676/4033 1381/1675/4034
f 1362/1656/4035 1363/1657/4036 1383/1677/4037 1382/1676/4038
f 1363/1657/4039 1344/1761/4040 1364/1760/4041 1383/1677/4042
f 1364/1658/4043 1365/1659/4044 1385/1679/4045 1384/1678/4046
f 1365/1659/4047 1366/1660/4048 1386/1680/4049 1385/1679/4050
f 1366/1660/4051 1367/1661/4052 1387/1681/4053 1386/1680/4054
f 1367/1661/4055 1368/1662/4056 1388/1682/4057 1387/1681/4058
f 1368/1662/4059 1369/1663/4060 1389/1683/4061 1388/1682/4062
f 1369/1663/4063 1370/1664/4064 1390/1684/4065 1389/1683/4066
f 1370/1664/4067 1371/1665/4068 1391/1685/4069 1390/1684/4070
f 1371/1665/4071 1372/1666/4072 1392/1686/4073 1391/1685/4074
f 1372/1666/4075 1373/1667/4076 1393/1687/4077 1392/1686/4078
f 1373/1667/4079 1374/1668/4080 1394/1688/4081 1393/1687/4082
f 1374/1668/4083 1375/1669/4084 1395/1689/4085 1394/1688/4086
f 1375/1669/4087 1376/1670/4088 1396/1690/4089 1395/1689/4090
f 1376/1670/4091 1377/1671/4092 1397/1691/4093 1396/1690/4094
f 1377/1671/4095 1378/1672/4096 1398/1692/4097 1397/1691/4098
f 1378/1672/4099 1379/1673/4100 1399/1693/4101 1398/1692/4102
f 1379/1673/4103 1380/1674/4104 1400/1694/4105 1399/1693/4106
f 1380/1674/4107 1381/1675/4108 1401/1695/4109 1400/1694/4110
f 1381/1675/4111 1382/1676/4112 1402/1696/4113 1401/1695/4114
f 1382/1676/4115 1383/1677/4116 1403/1697/4117 1402/1696/4118
f 1383/1677/4119 1364/1760/4120 1384/1759/4121 1403/1697/4122
f 965/1342/4123 964/1341/4124 1404/1718/4125
f 966/1343/4126 965/1342/4127 1404/1718/4128
f 967/1344/4129 966/1343/4130 1404/1718/4131
f 968/1345/4132 967/1344/4133 1404/1718/4134
f 969/1346/4135 968/1345/4136 1404/1718/4137
f 970/1347/4138 969/1346/4139 1404/1718/4140
f 971/1348/4141 970/1347/4142 1404/1718/4143
f 972/1349/4144 971/1348/4145 1404/1718/4146
f 973/1350/4147 972/1349/4148 1404/1718/4149
f 974/1351/4150 973/1350/4151 1404/1718/4152
f 975/1352/4153 974/1351/4154 1404/1718/4155
f 976/1353/4156 975/1352/4157 1404/1718/4158
f 977/1354/4159 976/1353/4160 1404/1718/4161
f 978/1355/4162 977/1354/4163 1404/1718/4164
f 979/1356/4165 978/1355/4166 1404/1718/4167
f 980/1357/4168 979/1356/4169 1404/1718/4170
f 981/1358/4171 980/1357/4172 1404/1718/4173
f 982/1359/4174 981/1358/4175 1404/1718/4176
f 983/1360/4177 982/1359/4178 1404/1718/4179
f 964/1341/4180 983/1360/4181 1404/1718/4182
f 1384/1716/4183 1385/1715/4184 1406/1738/4185 1405/1719/4186
f 1385/1715/4187 1386/1714/4188 1407/1737/4189 1406/1738/4190
f 1386/1714/4191 1387/1713/4192 1408/1736/4193 1407/1737/4194
f 1387/1713/4195 1388/1712/4196 1409/1735/4197 1408/1736/4198
f 1388/1712/4199 1389/1711/4200 1410/1734/4201 1409/1735/4202
f 1389/1711/4203 1390/1710/4204 1411/1733/4205 1410/1734/4206
f 1390/1710/4207 1391/1709/4208 1412/1732/4209 1411/1733/4210
f 1391/1709/4211 1392/1708/4212 1413/1731/4213 1412/1732/4214
f 1392/1708/4215 1393/1707/4216 1414/1730/4217 1413/1731/4218
f 1393/1707/4219 1394/1706/4220 1415/1729/4221 1414/1730/4222
f 1394/1706/4223 1395/1705/4224 1416/1728/4225 1415/1729/4226
f 1395/1705/4227 1396/1704/4228 1417/1727/4229 1416/1728/4230
f 1396/1704/4231 1397/1703/4232 1418/1726/4233 1417/1727/4234
f 1397/1703/4235 1398/1702/4236 1419/1725/4237 1418/1726/4238
f 1398/1702/4239 1399/1701/4240 1420/1724/4241 1419/1725/4242
f 1399/1701/4243 1400/1700/4244 1421/1723/4245 1420/1724/4246
f 1400/1700/4247 1401/1699/4248 1422/1722/4249 1421/1723/4250
f 1401/1699/4251 1402/1698/4252 1423/1721/4253 1422/1722/4254
f 1402/1698/4255 1403/1717/4256 1424/1720/4257 1426/1865/4258 1423/1721/4259
f 1403/1717/4260 1384/1716/4261 1405/1719/4262 1424/1720/4263
s 1
f 1415/1729/4264 1425/1864/4265 1414/1730/4266
f 1425/1864/4265 1410/1734/4267 1411/1733/4268
f 1418/1726/4269 1425/1864/4265 1417/1727/4270
f 1425/1864/4265 1406/1738/4271 1407/1737/4272
f 1416/1728/4273 1425/1864/4265 1415/1729/4264
f 1426/1865/4274 1425/1864/4265 1422/1722/4275 1423/1721/4276
f 1405/1719/4277 1425/1864/4265 1424/1720/4278
f 1424/1720/4278 1425/1864/4265 1426/1865/4274
f 1405/1719/4277 1406/1738/4271 1425/1864/4265
f 1422/1722/4275 1425/1864/4265 1421/1723/4279
f 1421/1723/4279 1425/1864/4265 1420/1724/4280
f 1420/1724/4280 1425/1864/4265 1419/1725/4281
f 1419/1725/4281 1425/1864/4265 1418/1726/4269
f 1417/1727/4270 1425/1864/4265 1416/1728/4273
f 1413/1731/4282 1425/1864/4265 1412/1732/4283
f 1414/1730/4266 1425/1864/4265 1413/1731/4282
f 1425/1864/4265 1407/1737/4272 1408/1736/4284
f 1425/1864/4265 1411/1733/4268 1412/1732/4283
f 1425/1864/4265 1409/1735/4285 1410/1734/4267
f 1425/1864/4265 1408/1736/4284 1409/1735/4285
s off
f 1284/1784/4286 1285/1803/4287 1305/1758/4288 1304/1763/4289
f 1285/1803/4290 1286/1802/4291 1306/1757/4292 1305/1758/4293
f 1286/1802/4294 1287/1801/4295 1307/1756/4296 1306/1757/4297
f 1287/1801/4298 1288/1800/4299 1308/1755/4300 1307/1756/4301
f 1288/1800/4302 1289/1799/4303 1309/1754/4304 1308/1755/4305
f 1289/1799/4306 1290/1798/4307 1310/1753/4308 1309/1754/4309
f 1290/1798/4310 1291/1797/4311 1311/1752/4312 1310/1753/4313
f 1291/1797/4314 1292/1796/4315 1312/1751/4316 1311/1752/4317
f 1292/1796/4318 1293/1795/4319 1313/1750/4320 1312/1751/4321
f 1293/1795/4322 1294/1794/4323 1314/1749/4324 1313/1750/4325
f 1294/1794/4326 1295/1793/4327 1315/1748/4328 1314/1749/4329
f 1295/1793/4330 1296/1792/4331 1316/1747/4332 1315/1748/4333
f 1296/1792/4334 1297/1791/4335 1317/1746/4336 1316/1747/4337
f 1297/1791/4338 1298/1790/4339 1318/1745/4340 1317/1746/4341
f 1298/1790/4342 1299/1789/4343 1319/1744/4344 1318/1745/4345
f 1299/1789/4346 1300/1788/4347 1320/1743/4348 1319/1744/4349
f 1300/1788/4350 1301/1787/4351 1321/1742/4352 1320/1743/4353
f 1301/1787/4354 1302/1786/4355 1322/1741/4356 1321/1742/4357
f 1302/1786/4358 1303/1785/4359 1323/1740/4360 1322/1741/4361
f 1303/1785/4362 1284/1617/4363 1304/1739/4364 1323/1740/4365
f 1204/1804/4366 1205/1823/4367 1225/1783/4368 1224/1574/4369
f 1205/1823/4370 1206/1822/4371 1226/1782/4372 1225/1783/4373
f 1206/1822/4374 1207/1821/4375 1227/1781/4376 1226/1782/4377
f 1207/1821/4378 1208/1820/4379 1228/1780/4380 1227/1781/4381
f 1208/1820/4382 1209/1819/4383 1229/1779/4384 1228/1780/4385
f 1209/1819/4386 1210/1818/4387 1230/1778/4388 1229/1779/4389
f 1210/1818/4390 1211/1817/4391 1231/1777/4392 1230/1778/4393
f 1211/1817/4394 1212/1816/4395 1232/1776/4396 1231/1777/4397
f 1212/1816/4398 1213/1815/4399 1233/1775/4400 1232/1776/4401
f 1213/1815/4402 1214/1814/4403 1234/1774/4404 1233/1775/4405
f 1214/1814/4406 1215/1813/4407 1235/1773/4408 1234/1774/4409
f 1215/1813/4410 1216/1812/4411 1236/1772/4412 1235/1773/4413
f 1216/1812/4414 1217/1811/4415 1237/1771/4416 1236/1772/4417
f 1217/1811/4418 1218/1810/4419 1238/1770/4420 1237/1771/4421
f 1218/1810/4422 1219/1809/4423 1239/1769/4424 1238/1770/4425
f 1219/1809/4426 1220/1808/4427 1240/1768/4428 1239/1769/4429
f 1220/1808/4430 1221/1807/4431 1241/1767/4432 1240/1768/4433
f 1221/1807/4434 1222/1806/4435 1242/1766/4436 1241/1767/4437
f 1222/1806/4438 1223/1805/4439 1243/1765/4440 1242/1766/4441
f 1223/1805/4442 1204/1573/4443 1224/1764/4444 1243/1765/4445
f 1124/1844/4446 1125/1863/4447 1145/1843/4448 1144/1530/4449
f 1125/1863/4450 1126/1862/4451 1146/1842/4452 1145/1843/4453
f 1126/1862/4454 1127/1861/4455 1147/1841/4456 1146/1842/4457
f 1127/1861/4458 1128/1860/4459 1148/1840/4460 1147/1841/4461
f 1128/1860/4462 1129/1859/4463 1149/1839/4464 1148/1840/4465
f 1129/1859/4466 1130/1858/4467 1150/1838/4468 1149/1839/4469
f 1130/1858/4470 1131/1857/4471 1151/1837/4472 1150/1838/4473
f 1131/1857/4474 1132/1856/4475 1152/1836/4476 1151/1837/4477
f 1132/1856/4478 1133/1855/4479 1153/1835/4480 1152/1836/4481
f 1133/1855/4482 1134/1854/4483 1154/1834/4484 1153/1835/4485
f 1134/1854/4486 1135/1853/4487 1155/1833/4488 1154/1834/4489
f 1135/1853/4490 1136/1852/4491 1156/1832/4492 1155/1833/4493
f 1136/1852/4494 1137/1851/4495 1157/1831/4496 1156/1832/4497
f 1137/1851/4498 1138/1850/4499 1158/1830/4500 1157/1831/4501
f 1138/1850/4502 1139/1849/4503 1159/1829/4504 1158/1830/4505
f 1139/1849/4506 1140/1848/4507 1160/1828/4508 1159/1829/4509
f 1140/1848/4510 1141/1847/4511 1161/1827/4512 1160/1828/4513
f 1141/1847/4514 1142/1846/4515 1162/1826/4516 1161/1827/4517
f 1142/1846/4518 1143/1845/4519 1163/1825/4520 1162/1826/4521
f 1143/1845/4522 1124/1529/4523 1144/1824/4524 1163/1825/4525
